[INFO ]  Built 277 typedef rewrite mappings from OCCT headers
[INFO ]  
############################
Running pythonocc-generator.
############################
git revision : 21d80e6

operating system : Linux 64bit 6.17.0-22-generic

occt version targeted : 8.0.0

date : 2026-05-09 12:43:14.346524
############################

[INFO ]  Processing toolkit TKernel ===
[INFO ]  ## Processing module FSD
[INFO ]  Skip typedef FSD_BStream because target is a pointer type
[INFO ]  ## Processing module Message
[INFO ]  Enum: Message_ConsoleColor
[INFO ]  Enum: Message_Gravity
[INFO ]  Enum: Message_MetricType
[INFO ]  Enum: Message_Status
[INFO ]  Enum: Message_StatusType
[WARNI]      [TypeHint] Skipping type opencascade::handle, should contain _
[WARNI]      [TypeHint] Skipping type opencascade::handle, should contain _
[INFO ]  Class: Message
[INFO ]      explicitly excluded method Message::9ff413f64c870dee08bffe7de4b2c1a9
[INFO ]      explicitly excluded method Message::a544d91e42b84397477d81040a97c9c2
[INFO ]      explicitly excluded method Message::4384ff12aa3e4b53a42f7857b418015c
[INFO ]      explicitly excluded method Message::bfbfc4e0ed4a60879a7cec995a4071cb
[INFO ]      explicitly excluded method Message::6440d23948c40f1edce18dd1fb0ab853
[INFO ]      explicitly excluded method Message::4cb8a25bf348e408baaf298cde85f2b3
[INFO ]      explicitly excluded method Message::54064ce4424caa65c573f8301bf20d4b
[INFO ]      explicitly excluded method Message::5b94d491f83fd3b8cd4b4aaf7e1633ed
[INFO ]      explicitly excluded method Message::4907b6431f9b25e3334ce8916bf4bbc0
[INFO ]      explicitly excluded method Message::f2f68aa914e73023c50f8d618b805622
[INFO ]      explicitly excluded method Message::b4c5e31bbbd72de8df1b717c1bc18993
[INFO ]      explicitly excluded method Message::44197bb01ba9bb24db35f44ba14a544e
[INFO ]  Enum passed by reference: Message_MetricType &theType changed to Message_MetricType &OutValue
[INFO ]  Enum passed by reference: Message_MetricType & theType changed to Message_MetricType &OutValue
[INFO ]  Enum passed by reference: Message_MetricType & theType changed to Message_MetricType &OutValue
[INFO ]  Enum passed by reference: Message_MetricType &theMetric changed to Message_MetricType &OutValue
[INFO ]  Enum passed by reference: Message_MetricType & theMetric changed to Message_MetricType &OutValue
[WARNI]      [TypeHint] Skip type OSD_MemInfo::Counter, because of trailing :
[WARNI]      [TypeHint] Skip type OSD_MemInfo::Counter, because of trailing :
[INFO ]  Class: Message_Alert
[INFO ]  Class: Message_Algorithm
[INFO ]  Class: Message_Attribute
[INFO ]  Class: Message_CompositeAlerts
[WARNI]      [TypeHint] Skip type NCollection_List<opencascade::handle<Message_Alert>>, because of trailing :
[INFO ]  Class: Message_ExecStatus
[INFO ]  Enum: StatusRange
[INFO ]      [TypeHint] More than 1 constructor, @overload decorator needed.
[INFO ]      operand &= cannot be wrapped
[INFO ]      operand |= cannot be wrapped
[INFO ]  Class: Message_Level
[INFO ]  Class: Message_Messenger
[INFO ]      Wrap nested class Message_Messenger::StreamBuffer
[INFO ]      explicitly excluded method Message_Messenger::92d43134446e0cf3072bff8f524ffa4d
[INFO ]      explicitly excluded method Message_Messenger::65cb67cadfceeb80ce0d8ffb6331e063
[INFO ]      explicitly excluded method Message_Messenger::9467ee2f2ea9a4497a57239f3f232d56
[INFO ]      explicitly excluded method Message_Messenger::f333abb3573444e73fdb363d36c7cecd
[INFO ]      explicitly excluded method Message_Messenger::82bd06e8b35317e056fa200019c401db
[INFO ]      explicitly excluded method Message_Messenger::fd62a3b8aed5c2e8de9f416337610975
[INFO ]      explicitly excluded method Message_Messenger::62496df1c9b95b524784e1d511cee522
[INFO ]      explicitly excluded method Message_Messenger::6ba611e717f6bba37ccbd8e8c1cbbb5e
[INFO ]      explicitly excluded method Message_Messenger::27c131da0fe8da31d40af80df8b49510
[INFO ]      explicitly excluded method Message_Messenger::c4bf35d0860d1c1aeaa233da84ae84db
[INFO ]      explicitly excluded method Message_Messenger::0bba17b8915d3f8cc42fb8347435b383
[INFO ]      explicitly excluded method Message_Messenger::8ba17547d6bc4aeb0fdce0ebd125b80f
[INFO ]      explicitly excluded method Message_Messenger::89a9ada97d0dad9ed440ea51f92090b5
[INFO ]      explicitly excluded method Message_Messenger::7588da6819e24e2f0a53c05e1f2e4bad
[INFO ]      explicitly excluded method Message_Messenger::8012e5824d4ac3ec93f78ee581c893be
[INFO ]      explicitly excluded method Message_Messenger::064b08bf95b61cb6e5d4da1b6d62f7fd
[INFO ]      [TypeHint] More than 1 constructor, @overload decorator needed.
[WARNI]      [TypeHint] Skip type NCollection_Sequence<opencascade::handle<Message_Printer>>, because of trailing :
[WARNI]      [TypeHint] Skip type NCollection_Sequence<opencascade::handle<Message_Printer>>, because of trailing :
[INFO ]  Class: Message_Msg
[INFO ]      operator<< skipped because invalid name
[INFO ]      operator<< skipped because invalid name
[INFO ]      operator<< skipped because invalid name
[INFO ]      operator<< skipped because invalid name
[INFO ]      operator<< skipped because invalid name
[INFO ]      operator<< skipped because invalid name
[INFO ]      operator<< skipped because invalid name
[INFO ]      [TypeHint] More than 1 constructor, @overload decorator needed.
[INFO ]      operand constTCollection_ExtendedString& cannot be wrapped
[INFO ]  Class: Message_MsgFile
[INFO ]  Class: Message_Printer
[INFO ]      Class Message_Printer is abstract, using %nodefaultctor.
[WARNI]      [TypeHint] Skipping type const std::stringstream &, should contain _
[INFO ]  Class: Message_ProgressIndicator
[INFO ]      Class Message_ProgressIndicator is abstract, using %nodefaultctor.
[INFO ]  Class: Message_ProgressRange
[INFO ]      [TypeHint] More than 1 constructor, @overload decorator needed.
[INFO ]      operand = cannot be wrapped
[INFO ]  Class: Message_Report
[WARNI]      [TypeHint] Skipping type NCollection_IndexedMap<Message_MetricType>, seems to be a template
[WARNI]      [TypeHint] Skip type NCollection_List<opencascade::handle<Message_Alert>>, because of trailing :
[INFO ]  Class: Message_AlertExtended
[INFO ]  Class: Message_AttributeMeter
[WARNI]      [TypeHint] Skipping type static double, should contain _
[INFO ]  Class: Message_AttributeObject
[INFO ]  Class: Message_AttributeStream
[WARNI]      [TypeHint] Skipping type const std::stringstream &, should contain _
[WARNI]      [TypeHint] Skipping type const std::stringstream &, should contain _
[INFO ]  Class: Message_PrinterOStream
[INFO ]      [TypeHint] More than 1 constructor, @overload decorator needed.
[INFO ]  Class: Message_PrinterSystemLog
[INFO ]  Class: Message_PrinterToReport
[WARNI]      [TypeHint] Skipping type const std::stringstream &, should contain _
[INFO ]  Class: Message_ProgressSentry
[INFO ]  ## Processing module NCollection
[INFO ]  Enum: NCollection_CellFilter_Action
[WARNI]      [TypeHint] Skipping type char, should contain _
[INFO ]      tuple_element<0,NCollection_ItemsView::KeyIndexRef<TheKeyType>> skipped because it is a class template
[INFO ]      tuple_element<0,NCollection_ItemsView::KeyValueIndexRef<TheKeyType,TheValueType,IsConst>> skipped because it is a class template
[INFO ]      tuple_element<0,NCollection_ItemsView::KeyValueRef<TheKeyType,TheValueType,IsConst>> skipped because it is a class template
[INFO ]      tuple_element<1,NCollection_ItemsView::KeyIndexRef<TheKeyType>> skipped because it is a class template
[INFO ]      tuple_element<1,NCollection_ItemsView::KeyValueIndexRef<TheKeyType,TheValueType,IsConst>> skipped because it is a class template
[INFO ]      tuple_element<1,NCollection_ItemsView::KeyValueRef<TheKeyType,TheValueType,IsConst>> skipped because it is a class template
[INFO ]      tuple_element<2,NCollection_ItemsView::KeyValueIndexRef<TheKeyType,TheValueType,IsConst>> skipped because it is a class template
[INFO ]      tuple_size<NCollection_ItemsView::KeyIndexRef<TheKeyType>> skipped because it is a class template
[INFO ]      tuple_size<NCollection_ItemsView::KeyValueIndexRef<TheKeyType,TheValueType,IsConst>> skipped because it is a class template
[INFO ]      tuple_size<NCollection_ItemsView::KeyValueRef<TheKeyType,TheValueType,IsConst>> skipped because it is a class template
[INFO ]  ## Processing module OSD
[INFO ]  Enum: OSD_FromWhere
[INFO ]  Enum: OSD_KindFile
[INFO ]  Enum: OSD_LoadMode
[INFO ]  Enum: OSD_LockType
[INFO ]  Enum: OSD_OEMType
[INFO ]  Enum: OSD_OpenMode
[INFO ]  Enum: OSD_SignalMode
[INFO ]  Enum: OSD_SingleProtection
[INFO ]  Enum: OSD_SysType
[INFO ]  Enum: OSD_WhoAmI
[INFO ]  Skip typedef OSD_Function because ends with 'Function'
[INFO ]  Skip typedef OSD_ThreadFunction because ends with 'Function'
[INFO ]  ## Processing module Plugin
[INFO ]  ## Processing module Quantity
[INFO ]  Enum: Quantity_NameOfColor
[INFO ]  Enum: Quantity_TypeOfColor
[INFO ]  Class: Quantity_Color
[INFO ]      operatorconstNCollection_Vec3<float>& skipped because invalid name
[INFO ]      [TypeHint] More than 1 constructor, @overload decorator needed.
[WARNI]      [TypeHint] Skipping type int &, should contain _
[INFO ]  Enum passed by reference: Quantity_NameOfColor &theColor changed to Quantity_NameOfColor &OutValue
[INFO ]  Enum passed by reference: Quantity_NameOfColor & theColor changed to Quantity_NameOfColor &OutValue
[INFO ]  Enum passed by reference: Quantity_NameOfColor & theColor changed to Quantity_NameOfColor &OutValue
[WARNI]      [TypeHint] Skipping type static double, should contain _
[WARNI]      [TypeHint] Skipping type static double, should contain _
[WARNI]      [TypeHint] Skipping type double &, should contain _
[WARNI]      [TypeHint] Skipping type static double, should contain _
[WARNI]      [TypeHint] Skipping type double &, should contain _
[WARNI]      [TypeHint] Skipping type double &, should contain _
[WARNI]      [TypeHint] Skipping type double &, should contain _
[INFO ]  Class: Quantity_ColorRGBA
[INFO ]      operatorconstNCollection_Vec4<float>& skipped because invalid name
[INFO ]      [TypeHint] More than 1 constructor, @overload decorator needed.
[INFO ]  Class: Quantity_Date
[INFO ]      operator< skipped because invalid name
[INFO ]      [TypeHint] More than 1 constructor, @overload decorator needed.
[WARNI]      [TypeHint] Skipping type int &, should contain _
[INFO ]      operand > cannot be wrapped
[INFO ]  Class: Quantity_Period
[INFO ]      operator< skipped because invalid name
[INFO ]      [TypeHint] More than 1 constructor, @overload decorator needed.
[WARNI]      [TypeHint] Skipping type int &, should contain _
[WARNI]      [TypeHint] Skipping type int &, should contain _
[INFO ]      operand > cannot be wrapped
[INFO ]      hash<Quantity_Color> skipped because it is a class template
[INFO ]      hash<Quantity_ColorRGBA> skipped because it is a class template
[INFO ]  ## Processing module Resource
[INFO ]  Enum: Resource_FormatType
[INFO ]  Class: Resource_LexicalCompare
[INFO ]  Class: Resource_Manager
[INFO ]      [TypeHint] More than 1 constructor, @overload decorator needed.
[WARNI]      [TypeHint] Skipping unknown type char16_t, char16 not in module list
[WARNI]      [TypeHint] Skipping type NCollection_DataMap<TCollection_AsciiString,, seems to be a template
[WARNI]      [TypeHint] Skipping type virtual double, should contain _
[WARNI]      [TypeHint] Skipping unknown type char16_t, char16 not in module list
[INFO ]  Class: Resource_Unicode
[INFO ]  ## Processing module Standard
[INFO ]  Skip typedef Standard_PByte because target is a pointer type
[INFO ]  Skip typedef Standard_PCharacter because target is a pointer type
[INFO ]  Skip typedef Standard_PExtCharacter because target is a pointer type
[INFO ]  Skip typedef Standard_Address because target is a pointer type
[INFO ]  Skip typedef Standard_CString because target is a pointer type
[INFO ]  Skip typedef Standard_ExtString because target is a pointer type
[INFO ]  Class: Standard
[INFO ]  Skipping Enum: AllocatorType
[INFO ]      explicitly excluded method Standard::85b5986ded06620309376e2ad2673a47
[INFO ]      explicitly excluded method Standard::8b3c74dce6128034d5d885320f05ce8a
[INFO ]      explicitly excluded method Standard::c0b6d10612e3e088dfad57d9b55089d2
[INFO ]      explicitly excluded method Standard::382687142ca6751e11361bcd57352cf6
[WARNI]      [TypeHint] Skipping unknown type size_t, size not in module list
[WARNI]      [TypeHint] Skipping unknown type size_t, size not in module list
[WARNI]      [TypeHint] Skipping unknown type size_t, size not in module list
[WARNI]      [TypeHint] Skipping type static Standard::AllocatorType, should contain _
[WARNI]      [TypeHint] Skipping unknown type size_t, size not in module list
[INFO ]  Class: Standard_ArrayStreamBuffer
[WARNI]      [TypeHint] Skipping unknown type size_t, size not in module list
[WARNI]      [TypeHint] Skipping unknown type size_t, size not in module list
[WARNI]      [TypeHint] Skipping type std::streamsize, should contain _
[WARNI]      [TypeHint] Skipping type std::streamsize, should contain _
[INFO ]  Class: Standard_CStringHasher
[INFO ]      operand () cannot be wrapped
[INFO ]      operand () cannot be wrapped
[INFO ]  Class: Standard_Condition
[INFO ]  Class: Standard_ErrorHandler
[INFO ]      Wrap nested class Standard_ErrorHandler::Callback
[INFO ]      explicitly excluded method Standard_ErrorHandler::69b40ceaa7fb2edd9eb925ec063c5622
[INFO ]  Class: Standard_Failure
[INFO ]      Wrap nested class Standard_Failure::StringRef
[INFO ]      [TypeHint] More than 1 constructor, @overload decorator needed.
[INFO ]      operand = cannot be wrapped
[INFO ]  Class: Standard_GUID
[INFO ]      [TypeHint] More than 1 constructor, @overload decorator needed.
[WARNI]      [TypeHint] Skipping unknown type char16_t, char16 not in module list
[WARNI]      [TypeHint] Skipping unknown type char16_t, char16 not in module list
[INFO ]      operand = cannot be wrapped
[INFO ]      operand = cannot be wrapped
[INFO ]  Class: Standard_MMgrRoot
[INFO ]      Class Standard_MMgrRoot is abstract, using %nodefaultctor.
[WARNI]      [TypeHint] Skipping unknown type size_t, size not in module list
[WARNI]      [TypeHint] Skipping unknown type size_t, size not in module list
[INFO ]      Standard_Static_Assert<true> skipped because it is a class template
[INFO ]  Class: Standard_Transient
[INFO ]      [TypeHint] More than 1 constructor, @overload decorator needed.
[WARNI]      [TypeHint] param name missing or '&', skip method type hint
[INFO ]      operand = cannot be wrapped
[INFO ]  Class: Standard_UUID
[INFO ]      disable_deduction skipped because it is a class template
[INFO ]      handle skipped because it is a class template
[INFO ]      hash<Standard_GUID> skipped because it is a class template
[INFO ]      hash<opencascade::handle<TheTransientType>> skipped because it is a class template
[INFO ]      is_base_but_not_same skipped because it is a class template
[INFO ]      is_base_but_not_same<T1,T2,typenameopencascade::std::enable_if::type<opencascade::std::is_same::value<T1,T2>>> skipped because it is a class template
[INFO ]      is_integer skipped because it is a class template
[INFO ]  Class: Standard_MMgrOpt
[INFO ]      explicitly excluded method Standard_MMgrOpt::32213e26879b7b9d5ec9e1af79f3f5b8
[WARNI]      [TypeHint] Skipping unknown type size_t, size not in module list
[WARNI]      [TypeHint] Skipping unknown type size_t, size not in module list
[WARNI]      [TypeHint] Skipping unknown type size_t, size not in module list
[INFO ]  Class: Standard_OutOfMemory
[INFO ]  Class: Standard_Persistent
[WARNI]      [TypeHint] Skipping type int &, should contain _
[INFO ]  Class: Standard_Type
[WARNI]      [TypeHint] Skip type std::type_info, because of trailing :
[WARNI]      [TypeHint] Skipping unknown type size_t, size not in module list
[INFO ]      operand << cannot be wrapped
[INFO ]      operand << cannot be wrapped
[INFO ]      operand delete cannot be wrapped
[INFO ]      operand new cannot be wrapped
[INFO ]  ## Processing module StdFail
[INFO ]  ## Processing module Storage
[INFO ]  Enum: Storage_Error
[INFO ]  Enum: Storage_OpenMode
[INFO ]  Enum: Storage_SolveMode
[WARNI]      [TypeHint] Skipping type opencascade::handle, should contain _
[WARNI]      [TypeHint] Skipping type opencascade::handle, should contain _
[WARNI]      [TypeHint] Skipping type opencascade::handle, should contain _
[WARNI]      [TypeHint] Skipping type opencascade::handle, should contain _
[WARNI]      [TypeHint] Skipping type opencascade::handle, should contain _
[WARNI]      [TypeHint] Skip type TCollection_AsciiString,opencascade::handle, because of trailing :
[WARNI]      [TypeHint] Skip type TCollection_AsciiString,opencascade::handle, because of trailing :
[WARNI]      [TypeHint] Skipping type opencascade::handle, should contain _
[INFO ]  ## Processing module TColStd
[WARNI]  This template type cannot be handled: NCollection_DataMap<opencascade::handle<Standard_Transient>, opencascade::handle<Standard_Transient>>
[WARNI]  This template type cannot be handled: NCollection_DataMap<opencascade::handle<Standard_Transient>, opencascade::handle<Standard_Transient>>::Iterator
[WARNI]  This template type cannot be handled: NCollection_IndexedDataMap<opencascade::handle<Standard_Transient>, opencascade::handle<Standard_Transient>>
[WARNI]      [TypeHint] Skipping unknown type uint8_t, uint8 not in module list
[WARNI]      [TypeHint] Skipping type char, should contain _
[WARNI]      [TypeHint] Skipping type opencascade::handle, should contain _
[WARNI]      [TypeHint] Skipping type char, should contain _
[WARNI]      [TypeHint] Skipping type opencascade::handle, should contain _
[WARNI]      [TypeHint] Skipping type int,int, should contain _
[WARNI]      [TypeHint] Skipping unknown type int,TColStd_ListOfInteger, int,TColStd not in module list
[WARNI]      [TypeHint] Skipping type int,double, should contain _
[WARNI]      [TypeHint] Skipping type int,opencascade::handle, should contain _
[WARNI]      [TypeHint] Skipping type opencascade::handle, should contain _
[WARNI]      [TypeHint] Skipping unknown type uint8_t, uint8 not in module list
[WARNI]      [TypeHint] Skipping type char, should contain _
[WARNI]      [TypeHint] Skipping type opencascade::handle, should contain _
[WARNI]      [TypeHint] Skipping type char, should contain _
[WARNI]      [TypeHint] Skipping type opencascade::handle, should contain _
[WARNI]      [TypeHint] Skipping type opencascade::handle, should contain _
[WARNI]      [TypeHint] Skipping type opencascade::handle, should contain _
[WARNI]      [TypeHint] Skipping type opencascade::handle, should contain _
[WARNI]      [TypeHint] Skipping type opencascade::handle, should contain _
[WARNI]      [TypeHint] Skipping type opencascade::handle, should contain _
[WARNI]      [TypeHint] Skipping type opencascade::handle, should contain _
[WARNI]      [TypeHint] Skipping type opencascade::handle, should contain _
[WARNI]      [TypeHint] Skipping type opencascade::handle, should contain _
[WARNI]      [TypeHint] Skipping type opencascade::handle, should contain _
[WARNI]      [TypeHint] Skipping type opencascade::handle, should contain _
[INFO ]  Class: TColStd_HPackedMapOfInteger
[INFO ]      [TypeHint] More than 1 constructor, @overload decorator needed.
[INFO ]  ## Processing module TCollection
[INFO ]  Class: TCollection
[INFO ]  Class: TCollection_AsciiString
[INFO ]      explicitly excluded method TCollection_AsciiString::7e1255beb7ed081150718757834992c6
[INFO ]      operator< skipped because invalid name
[INFO ]      operator< skipped because invalid name
[INFO ]      operator< skipped because invalid name
[INFO ]      operator< skipped because invalid name
[INFO ]      operator<< skipped because invalid name
[INFO ]      explicitly excluded method TCollection_AsciiString::f3fa97a2371ed424ce6f08e9307db772
[INFO ]      explicitly excluded method TCollection_AsciiString::46e0e0c57cef5058a5cea402084ff9ed
[INFO ]      [TypeHint] More than 1 constructor, @overload decorator needed.
[WARNI]      [TypeHint] Skip type std::string_view, because of trailing :
[WARNI]      [TypeHint] Skipping type const char, should contain _
[WARNI]      [TypeHint] Skipping type const char, should contain _
[WARNI]      [TypeHint] Skipping type const char, should contain _
[WARNI]      [TypeHint] Skipping type const char, should contain _
[WARNI]      [TypeHint] Skipping unknown type wchar_t, wchar not in module list
[WARNI]      [TypeHint] Skipping type const char, should contain _
[WARNI]      [TypeHint] Skipping type const char, should contain _
[WARNI]      [TypeHint] Skipping unknown type wchar_t, wchar not in module list
[WARNI]      [TypeHint] Skip type std::string_view, because of trailing :
[WARNI]      [TypeHint] Skipping type const char, should contain _
[WARNI]      [TypeHint] Skipping type const char, should contain _
[WARNI]      [TypeHint] Skipping unknown type wchar_t, wchar not in module list
[WARNI]      [TypeHint] Skip type std::string_view, because of trailing :
[WARNI]      [TypeHint] Skipping type const char, should contain _
[WARNI]      [TypeHint] Skipping type const char, should contain _
[WARNI]      [TypeHint] Skip type std::string_view, because of trailing :
[WARNI]      [TypeHint] Skip type std::string_view, because of trailing :
[WARNI]      [TypeHint] Skip type std::string_view, because of trailing :
[WARNI]      [TypeHint] Skip type std::string_view, because of trailing :
[WARNI]      [TypeHint] Skipping unknown type size_t, size not in module list
[WARNI]      [TypeHint] Skipping type const char, should contain _
[WARNI]      [TypeHint] Skip type std::string_view, because of trailing :
[WARNI]      [TypeHint] Skip type std::string_view, because of trailing :
[WARNI]      [TypeHint] Skip type std::string_view, because of trailing :
[WARNI]      [TypeHint] Skip type std::string_view, because of trailing :
[WARNI]      [TypeHint] Skip type std::string_view, because of trailing :
[WARNI]      [TypeHint] Skip type std::string_view, because of trailing :
[WARNI]      [TypeHint] Skip type std::string_view, because of trailing :
[WARNI]      [TypeHint] Skip type std::string_view, because of trailing :
[WARNI]      [TypeHint] Skip type std::string_view, because of trailing :
[WARNI]      [TypeHint] Skip type std::string_view, because of trailing :
[WARNI]      [TypeHint] Skip type std::string_view, because of trailing :
[WARNI]      [TypeHint] Skip type std::string_view, because of trailing :
[WARNI]      [TypeHint] Skipping type const char, should contain _
[WARNI]      [TypeHint] Skipping type const char, should contain _
[WARNI]      [TypeHint] Skipping type const char, should contain _
[WARNI]      [TypeHint] Skipping type const char, should contain _
[WARNI]      [TypeHint] Skipping type const char, should contain _
[WARNI]      [TypeHint] Skip type std::string_view, because of trailing :
[WARNI]      [TypeHint] Skip type std::string_view, because of trailing :
[WARNI]      [TypeHint] Skipping type const char, should contain _
[WARNI]      [TypeHint] Skip type std::string_view, because of trailing :
[WARNI]      [TypeHint] Skip type std::string_view, because of trailing :
[WARNI]      [TypeHint] Skipping type char, should contain _
[INFO ]      operand = cannot be wrapped
[INFO ]      operand = cannot be wrapped
[INFO ]      operand = cannot be wrapped
[INFO ]      operand = cannot be wrapped
[INFO ]      operand > cannot be wrapped
[INFO ]      operand > cannot be wrapped
[INFO ]      operand > cannot be wrapped
[INFO ]  Class: TCollection_ExtendedString
[INFO ]      explicitly excluded method TCollection_ExtendedString::65fff4a141c762cb6d030518fe8f7f05
[INFO ]      operator< skipped because invalid name
[INFO ]      operator< skipped because invalid name
[INFO ]      operator<< skipped because invalid name
[INFO ]      explicitly excluded method TCollection_ExtendedString::b83a46ee8d4803e82f9c90ff991cd1b9
[INFO ]      [TypeHint] More than 1 constructor, @overload decorator needed.
[WARNI]      [TypeHint] Skipping unknown type char16_t, char16 not in module list
[WARNI]      [TypeHint] Skipping unknown type wchar_t, wchar not in module list
[WARNI]      [TypeHint] Skipping type const char, should contain _
[WARNI]      [TypeHint] Skipping unknown type char16_t, char16 not in module list
[WARNI]      [TypeHint] Skipping unknown type char16_t, char16 not in module list
[WARNI]      [TypeHint] Skipping unknown type char16_t, char16 not in module list
[WARNI]      [TypeHint] Skip type std::u16string_view, because of trailing :
[WARNI]      [TypeHint] Skipping type const char, should contain _
[WARNI]      [TypeHint] Skipping unknown type char16_t, char16 not in module list
[WARNI]      [TypeHint] Skipping unknown type char16_t, char16 not in module list
[WARNI]      [TypeHint] Skipping unknown type char16_t, char16 not in module list
[WARNI]      [TypeHint] Skip type std::u16string_view, because of trailing :
[WARNI]      [TypeHint] Skipping unknown type char16_t, char16 not in module list
[WARNI]      [TypeHint] Skipping unknown type char16_t, char16 not in module list
[WARNI]      [TypeHint] Skipping type const char, should contain _
[WARNI]      [TypeHint] Skipping unknown type char16_t, char16 not in module list
[WARNI]      [TypeHint] Skipping unknown type char16_t, char16 not in module list
[WARNI]      [TypeHint] Skipping unknown type char16_t, char16 not in module list
[WARNI]      [TypeHint] Skipping unknown type char16_t, char16 not in module list
[WARNI]      [TypeHint] Skipping unknown type char16_t, char16 not in module list
[WARNI]      [TypeHint] Skipping unknown type char16_t, char16 not in module list
[WARNI]      [TypeHint] Skipping unknown type char16_t, char16 not in module list
[WARNI]      [TypeHint] Skipping unknown type size_t, size not in module list
[WARNI]      [TypeHint] Skipping unknown type char16_t, char16 not in module list
[WARNI]      [TypeHint] Skipping unknown type char16_t, char16 not in module list
[WARNI]      [TypeHint] Skipping unknown type char16_t, char16 not in module list
[WARNI]      [TypeHint] Skipping unknown type char16_t, char16 not in module list
[WARNI]      [TypeHint] Skipping unknown type char16_t, char16 not in module list
[WARNI]      [TypeHint] Skipping unknown type char16_t, char16 not in module list
[WARNI]      [TypeHint] Skipping unknown type char16_t, char16 not in module list
[WARNI]      [TypeHint] Skipping unknown type char16_t, char16 not in module list
[WARNI]      [TypeHint] Skipping unknown type char16_t, char16 not in module list
[WARNI]      [TypeHint] Skipping unknown type char16_t, char16 not in module list
[WARNI]      [TypeHint] Skipping unknown type char16_t, char16 not in module list
[WARNI]      [TypeHint] Skipping unknown type char16_t, char16 not in module list
[WARNI]      [TypeHint] Skipping unknown type char16_t, char16 not in module list
[WARNI]      [TypeHint] Skipping unknown type char16_t, char16 not in module list
[WARNI]      [TypeHint] Skipping unknown type char16_t, char16 not in module list
[WARNI]      [TypeHint] Skipping unknown type char16_t, char16 not in module list
[WARNI]      [TypeHint] Skipping unknown type char16_t, char16 not in module list
[WARNI]      [TypeHint] Skipping unknown type char16_t, char16 not in module list
[WARNI]      [TypeHint] Skipping unknown type char16_t, char16 not in module list
[WARNI]      [TypeHint] Skipping unknown type char16_t, char16 not in module list
[WARNI]      [TypeHint] Skipping unknown type char16_t, char16 not in module list
[WARNI]      [TypeHint] Skipping unknown type char16_t, char16 not in module list
[WARNI]      [TypeHint] Skipping unknown type char16_t, char16 not in module list
[WARNI]      [TypeHint] Skipping unknown type char16_t, char16 not in module list
[WARNI]      [TypeHint] Skipping unknown type char16_t, char16 not in module list
[WARNI]      [TypeHint] Skipping unknown type char16_t, char16 not in module list
[WARNI]      [TypeHint] Skipping unknown type char16_t, char16 not in module list
[WARNI]      [TypeHint] Skipping unknown type char16_t, char16 not in module list
[INFO ]      operand = cannot be wrapped
[INFO ]      operand = cannot be wrapped
[INFO ]      operand = cannot be wrapped
[INFO ]      operand = cannot be wrapped
[INFO ]      operand > cannot be wrapped
[INFO ]      operand > cannot be wrapped
[INFO ]  Class: TCollection_HAsciiString
[INFO ]      [TypeHint] More than 1 constructor, @overload decorator needed.
[WARNI]      [TypeHint] Skipping type const char, should contain _
[WARNI]      [TypeHint] Skipping type const char, should contain _
[WARNI]      [TypeHint] Skipping type const char, should contain _
[WARNI]      [TypeHint] Skipping type const char, should contain _
[WARNI]      [TypeHint] Skipping type const char, should contain _
[WARNI]      [TypeHint] Skipping type const char, should contain _
[WARNI]      [TypeHint] Skipping type const char, should contain _
[WARNI]      [TypeHint] Skipping type const char, should contain _
[WARNI]      [TypeHint] Skipping type const char, should contain _
[WARNI]      [TypeHint] Skipping type const char, should contain _
[WARNI]      [TypeHint] Skipping type const char, should contain _
[WARNI]      [TypeHint] Skipping type const char, should contain _
[WARNI]      [TypeHint] Skipping type char, should contain _
[INFO ]  Class: TCollection_HExtendedString
[INFO ]      [TypeHint] More than 1 constructor, @overload decorator needed.
[WARNI]      [TypeHint] Skipping unknown type char16_t, char16 not in module list
[WARNI]      [TypeHint] Skipping unknown type char16_t, char16 not in module list
[WARNI]      [TypeHint] Skipping unknown type char16_t, char16 not in module list
[WARNI]      [TypeHint] Skipping unknown type char16_t, char16 not in module list
[WARNI]      [TypeHint] Skipping unknown type char16_t, char16 not in module list
[WARNI]      [TypeHint] Skipping unknown type char16_t, char16 not in module list
[WARNI]      [TypeHint] Skipping unknown type char16_t, char16 not in module list
[WARNI]      [TypeHint] Skipping unknown type char16_t, char16 not in module list
[WARNI]      [TypeHint] Skipping unknown type char16_t, char16 not in module list
[WARNI]      [TypeHint] Skipping unknown type char16_t, char16 not in module list
[INFO ]      equal_to<opencascade::handle<TCollection_HExtendedString>> skipped because it is a class template
[INFO ]      hash<TCollection_ExtendedString> skipped because it is a class template
[INFO ]      hash<opencascade::handle<TCollection_HExtendedString>> skipped because it is a class template
[INFO ]  ## Processing module TShort
[INFO ]  ## Processing module Units
[WARNI]      [TypeHint] Skipping type opencascade::handle, should contain _
[WARNI]      [TypeHint] Skipping type opencascade::handle, should contain _
[WARNI]      [TypeHint] Skipping type opencascade::handle, should contain _
[WARNI]      [TypeHint] Skipping type opencascade::handle, should contain _
[WARNI]      [TypeHint] Skipping type opencascade::handle, should contain _
[WARNI]      [TypeHint] Skipping type opencascade::handle, should contain _
[INFO ]  Class: Units
[WARNI]      [TypeHint] Skipping type static double, should contain _
[WARNI]      [TypeHint] Skipping type static double, should contain _
[WARNI]      [TypeHint] Skipping type static double, should contain _
[WARNI]      [TypeHint] Skipping type static double, should contain _
[WARNI]      [TypeHint] Skipping type static double, should contain _
[INFO ]  Class: Units_Dimensions
[INFO ]  Class: Units_Explorer
[INFO ]      [TypeHint] More than 1 constructor, @overload decorator needed.
[INFO ]  Class: Units_Lexicon
[WARNI]      [TypeHint] Skip type NCollection_HSequence<opencascade::handle<Units_Token, because of trailing :
[INFO ]  Class: Units_Measurement
[INFO ]      [TypeHint] More than 1 constructor, @overload decorator needed.
[INFO ]  Class: Units_Quantity
[WARNI]      [TypeHint] Skip type NCollection_HSequence<opencascade::handle<Units_Unit, because of trailing :
[WARNI]      [TypeHint] Skip type NCollection_HSequence<opencascade::handle<Units_Unit, because of trailing :
[INFO ]  Class: Units_Sentence
[WARNI]      [TypeHint] Skip type NCollection_HSequence<opencascade::handle<Units_Token, because of trailing :
[WARNI]      [TypeHint] Skip type NCollection_HSequence<opencascade::handle<Units_Token, because of trailing :
[INFO ]  Class: Units_Token
[INFO ]      [TypeHint] More than 1 constructor, @overload decorator needed.
[WARNI]      [TypeHint] Skipping type virtual double, should contain _
[WARNI]      [TypeHint] Skipping type virtual double, should contain _
[INFO ]  Class: Units_Unit
[INFO ]      [TypeHint] More than 1 constructor, @overload decorator needed.
[INFO ]  Class: Units_UnitsDictionary
[WARNI]      [TypeHint] Skip type NCollection_HSequence<opencascade::handle<Units_Quantity, because of trailing :
[INFO ]  Class: Units_UnitsSystem
[INFO ]      [TypeHint] More than 1 constructor, @overload decorator needed.
[WARNI]      [TypeHint] Skip type NCollection_HSequence<opencascade::handle<Units_Quantity, because of trailing :
[INFO ]  Class: Units_MathSentence
[INFO ]  Class: Units_ShiftedToken
[INFO ]  Class: Units_ShiftedUnit
[INFO ]      [TypeHint] More than 1 constructor, @overload decorator needed.
[INFO ]  Class: Units_UnitSentence
[INFO ]      [TypeHint] More than 1 constructor, @overload decorator needed.
[WARNI]      [TypeHint] Skip type NCollection_HSequence<opencascade::handle<Units_Quantity, because of trailing :
[WARNI]      [TypeHint] Skip type NCollection_HSequence<opencascade::handle<Units_Quantity, because of trailing :
[INFO ]  Class: Units_UnitsLexicon
[INFO ]  ## Processing module UnitsAPI
[INFO ]  Enum: UnitsAPI_SystemUnits
[INFO ]  Class: UnitsAPI
[WARNI]      [TypeHint] Skipping type static double, should contain _
[WARNI]      [TypeHint] Skipping type static double, should contain _
[WARNI]      [TypeHint] Skipping type static double, should contain _
[WARNI]      [TypeHint] Skipping type static double, should contain _
[WARNI]      [TypeHint] Skipping type static double, should contain _
[WARNI]      [TypeHint] Skipping type static double, should contain _
[WARNI]      [TypeHint] Skipping type static double, should contain _
[WARNI]      [TypeHint] Skipping type static double, should contain _
[WARNI]      [TypeHint] Skipping type static double, should contain _
[WARNI]      [TypeHint] Skipping type static double, should contain _
[WARNI]      [TypeHint] Skipping type static double, should contain _
[WARNI]      [TypeHint] Skipping type static double, should contain _
[WARNI]      [TypeHint] Skipping type static double, should contain _
[WARNI]      [TypeHint] Skipping type static double, should contain _
[WARNI]      [TypeHint] Skipping type static double, should contain _
[INFO ]  ## Processing module UnitsMethods
[INFO ]  Enum: UnitsMethods_LengthUnit
[INFO ]  Class: UnitsMethods
[WARNI]      [TypeHint] Skipping type static double, should contain _
[WARNI]      [TypeHint] Skipping type static double, should contain _
[WARNI]      [TypeHint] Skipping type static double, should contain _
[INFO ]  Processing toolkit TKMath ===
[INFO ]  ## Processing module BSplCLib
[INFO ]  Enum: BSplCLib_KnotDistribution
[INFO ]  Enum: BSplCLib_MultDistribution
[INFO ]  Class: BSplCLib
[INFO ]      explicitly excluded method BSplCLib::cf05a7c075b5c3a0c6b39c8a0fd8463c
[INFO ]      explicitly excluded method BSplCLib::d1b4d446ea23f3dd9a525d37661f332e
[INFO ]      explicitly excluded method BSplCLib::2c7d79052b67209fc64fdff592fc9a63
[INFO ]      explicitly excluded method BSplCLib::e10efbf7362b8ef1cf87bb5b0e5e6029
[INFO ]      explicitly excluded method BSplCLib::13a56a07589ef6bb208eaeeeb77fd5e3
[WARNI]      [TypeHint] Skipping type double &, should contain _
[WARNI]      [TypeHint] Skipping type double &, should contain _
[WARNI]      [TypeHint] Skipping type double &, should contain _
[WARNI]      [TypeHint] Skipping type int &, should contain _
[WARNI]      [TypeHint] Skipping type double &, should contain _
[WARNI]      [TypeHint] Skipping type double &, should contain _
[WARNI]      [TypeHint] Skipping type double &, should contain _
[WARNI]      [TypeHint] Skipping type double &, should contain _
[WARNI]      [TypeHint] Skipping type double &, should contain _
[WARNI]      [TypeHint] Skipping type double &, should contain _
[WARNI]      [TypeHint] Skipping type double &, should contain _
[WARNI]      [TypeHint] Skipping type double &, should contain _
[WARNI]      [TypeHint] Skipping type double &, should contain _
[WARNI]      [TypeHint] Skipping type double &, should contain _
[WARNI]      [TypeHint] Skipping type double &, should contain _
[WARNI]      [TypeHint] Skipping type int &, should contain _
[WARNI]      [TypeHint] Skipping type int &, should contain _
[WARNI]      [TypeHint] Skipping type int &, should contain _
[WARNI]      [TypeHint] Skipping type int &, should contain _
[WARNI]      [TypeHint] Skipping type int &, should contain _
[WARNI]      [TypeHint] Skipping type int &, should contain _
[WARNI]      [TypeHint] Skipping type static const double &, should contain _
[WARNI]      [TypeHint] Skipping type double &, should contain _
[WARNI]      [TypeHint] Skipping type int &, should contain _
[WARNI]      [TypeHint] Skipping type int &, should contain _
[WARNI]      [TypeHint] Skipping type int &, should contain _
[WARNI]      [TypeHint] Skipping type double &, should contain _
[WARNI]      [TypeHint] Skipping type int &, should contain _
[WARNI]      [TypeHint] Skipping type int &, should contain _
[WARNI]      [TypeHint] Skipping type int &, should contain _
[WARNI]      [TypeHint] Skipping type double &, should contain _
[WARNI]      [TypeHint] Skipping type int &, should contain _
[WARNI]      [TypeHint] Skipping type int &, should contain _
[WARNI]      [TypeHint] Skipping type int &, should contain _
[WARNI]      [TypeHint] Skipping type int &, should contain _
[WARNI]      [TypeHint] Skipping type int &, should contain _
[WARNI]      [TypeHint] Skipping type double &, should contain _
[WARNI]      [TypeHint] Skipping type double &, should contain _
[WARNI]      [TypeHint] Skipping type int &, should contain _
[WARNI]      [TypeHint] Skipping type int &, should contain _
[WARNI]      [TypeHint] Skipping type int &, should contain _
[WARNI]      [TypeHint] Skipping type int &, should contain _
[WARNI]      [TypeHint] Skipping type int &, should contain _
[WARNI]      [TypeHint] Skipping type int &, should contain _
[WARNI]      [TypeHint] Skipping type int &, should contain _
[WARNI]      [TypeHint] Skipping type double &, should contain _
[WARNI]      [TypeHint] Skipping type int &, should contain _
[WARNI]      [TypeHint] Skipping type int &, should contain _
[WARNI]      [TypeHint] Skipping type int &, should contain _
[WARNI]      [TypeHint] Skipping type int &, should contain _
[WARNI]      [TypeHint] Skipping type int &, should contain _
[WARNI]      [TypeHint] Skipping type double &, should contain _
[WARNI]      [TypeHint] Skipping type double &, should contain _
[WARNI]      [TypeHint] Skipping type double &, should contain _
[WARNI]      [TypeHint] Skipping type double &, should contain _
[WARNI]      [TypeHint] Skipping type double &, should contain _
[WARNI]      [TypeHint] Skipping type double &, should contain _
[WARNI]      [TypeHint] Skipping type NCollection_Array1<double, seems to be a template
[WARNI]      [TypeHint] Skipping type static const double *, should contain _
[INFO ]  Class: BSplCLib_Cache
[INFO ]      [TypeHint] More than 1 constructor, @overload decorator needed.
[WARNI]      [TypeHint] Skipping type const double &, should contain _
[WARNI]      [TypeHint] Skipping type const double &, should contain _
[WARNI]      [TypeHint] Skipping type const double &, should contain _
[WARNI]      [TypeHint] Skipping type const double &, should contain _
[WARNI]      [TypeHint] Skipping type const double &, should contain _
[WARNI]      [TypeHint] Skipping type const double &, should contain _
[WARNI]      [TypeHint] Skipping type const double &, should contain _
[WARNI]      [TypeHint] Skipping type const double &, should contain _
[WARNI]      [TypeHint] Skipping type const double &, should contain _
[WARNI]      [TypeHint] Skipping type const double &, should contain _
[INFO ]  Class: BSplCLib_EvaluatorFunction
[INFO ]      Class BSplCLib_EvaluatorFunction is abstract, using %nodefaultctor.
[INFO ]      Constructor skipped for abstract class BSplCLib_EvaluatorFunction
[INFO ]      Constructor skipped for abstract class BSplCLib_EvaluatorFunction
[WARNI]      [TypeHint] Skipping type const double *, should contain _
[INFO ]      operand () cannot be wrapped
[INFO ]      operand = cannot be wrapped
[INFO ]  ## Processing module BSplSLib
[INFO ]  Class: BSplSLib
[WARNI]      [TypeHint] Skipping type int &, should contain _
[WARNI]      [TypeHint] Skipping type double &, should contain _
[WARNI]      [TypeHint] Skipping type double &, should contain _
[WARNI]      [TypeHint] Skipping type int &, should contain _
[WARNI]      [TypeHint] Skipping type int &, should contain _
[WARNI]      [TypeHint] Skipping type int &, should contain _
[WARNI]      [TypeHint] Skipping type double &, should contain _
[WARNI]      [TypeHint] Skipping type double &, should contain _
[WARNI]      [TypeHint] Skipping type NCollection_Array2<double, seems to be a template
[INFO ]  Class: BSplSLib_Cache
[WARNI]      [TypeHint] Skipping type const double &, should contain _
[WARNI]      [TypeHint] Skipping type const double &, should contain _
[WARNI]      [TypeHint] Skipping type const double &, should contain _
[WARNI]      [TypeHint] Skipping type const double &, should contain _
[INFO ]  Class: BSplSLib_EvaluatorFunction
[INFO ]      Class BSplSLib_EvaluatorFunction is abstract, using %nodefaultctor.
[INFO ]      Constructor skipped for abstract class BSplSLib_EvaluatorFunction
[WARNI]      [TypeHint] Skipping type double &, should contain _
[INFO ]      operand () cannot be wrapped
[INFO ]  ## Processing module BVH
[INFO ]  Enum: 
[INFO ]      BVH_AxisSelector<T,2> skipped because it is a class template
[INFO ]      BVH_BaseBox<T,3,BVH_Box> skipped because it is a class template
[INFO ]      MatrixOp<T,4> skipped because it is a class template
[INFO ]      MatrixType<T,4> skipped because it is a class template
[INFO ]      UnitVector<T,2> skipped because it is a class template
[INFO ]      UnitVector<T,3> skipped because it is a class template
[INFO ]      UnitVector<T,4> skipped because it is a class template
[INFO ]      VecComp<T,2> skipped because it is a class template
[INFO ]      VecComp<T,3> skipped because it is a class template
[INFO ]      VecComp<T,4> skipped because it is a class template
[INFO ]      VectorType<T,1> skipped because it is a class template
[INFO ]      VectorType<T,2> skipped because it is a class template
[INFO ]      VectorType<T,3> skipped because it is a class template
[INFO ]      VectorType<T,4> skipped because it is a class template
[INFO ]      BVH_Tree<T,N,BVH_BinaryTree> skipped because it is a class template
[INFO ]      BVH_Tree<T,N,BVH_QuadTree> skipped because it is a class template
[INFO ]  ## Processing module Bnd
[INFO ]      Bnd_B2 skipped because it is a class template
[INFO ]      Bnd_B3 skipped because it is a class template
[INFO ]  Class: Bnd_BoundSortBox
[WARNI]      [TypeHint] Skipping type NCollection_HArray1<Bnd_Box, seems to be a template
[WARNI]      [TypeHint] Skipping type NCollection_HArray1<Bnd_Box, seems to be a template
[INFO ]  Class: Bnd_Box
[INFO ]      Wrap nested class Bnd_Box::Limits
[INFO ]      [TypeHint] More than 1 constructor, @overload decorator needed.
[WARNI]      [TypeHint] Skip type std::optional<gp_Pnt, because of trailing :
[WARNI]      [TypeHint] Skipping type double &, should contain _
[WARNI]      [TypeHint] Skip type Bnd_Box::Limits, because of trailing :
[INFO ]  Class: Bnd_Box2d
[INFO ]      Wrap nested class Bnd_Box2d::Limits
[WARNI]      [TypeHint] Skip type std::optional<gp_Pnt2d, because of trailing :
[WARNI]      [TypeHint] Skipping type double &, should contain _
[WARNI]      [TypeHint] Skip type Bnd_Box2d::Limits, because of trailing :
[INFO ]  Class: Bnd_OBB
[INFO ]      Wrap nested class Bnd_OBB::HalfSizes
[INFO ]      [TypeHint] More than 1 constructor, @overload decorator needed.
[WARNI]      [TypeHint] Skip type Bnd_OBB::HalfSizes, because of trailing :
[INFO ]  Class: Bnd_Range
[INFO ]      Wrap nested class Bnd_Range::Bounds
[INFO ]  Enum: IntersectStatus
[INFO ]      [TypeHint] More than 1 constructor, @overload decorator needed.
[WARNI]      [TypeHint] Skipping type std::optional<double >, should contain _
[WARNI]      [TypeHint] Skipping type std::optional<Bounds >, should contain _
[WARNI]      [TypeHint] Skipping type double &, should contain _
[WARNI]      [TypeHint] Skipping type double &, should contain _
[WARNI]      [TypeHint] Skipping type double &, should contain _
[WARNI]      [TypeHint] Skipping type double &, should contain _
[WARNI]      [TypeHint] Skip type Bnd_Range::IntersectStatus, because of trailing :
[WARNI]      [TypeHint] Skipping type std::optional<double >, should contain _
[WARNI]      [TypeHint] Skipping type std::optional<double >, should contain _
[WARNI]      [TypeHint] Skipping type NCollection_List<Bnd_Range>, seems to be a template
[INFO ]  Class: Bnd_Sphere
[INFO ]      [TypeHint] More than 1 constructor, @overload decorator needed.
[WARNI]      [TypeHint] Skipping type double &, should contain _
[WARNI]      [TypeHint] Skipping type double &, should contain _
[WARNI]      [TypeHint] Skipping type double &, should contain _
[WARNI]      [TypeHint] Skipping type double &, should contain _
[INFO ]  Class: Bnd_Tools
[WARNI]      [TypeHint] Skipping type BVH_Box<double,, seems to be a template
[WARNI]      [TypeHint] Skipping type BVH_Box<double,, seems to be a template
[INFO ]  ## Processing module CSLib
[INFO ]  Enum: CSLib_DerivativeStatus
[INFO ]  Enum: CSLib_NormalStatus
[INFO ]  Class: CSLib
[INFO ]  Enum passed by reference: CSLib_DerivativeStatus &theStatus changed to CSLib_DerivativeStatus &OutValue
[INFO ]  Enum passed by reference: CSLib_DerivativeStatus & theStatus changed to CSLib_DerivativeStatus &OutValue
[INFO ]  Enum passed by reference: CSLib_DerivativeStatus & theStatus changed to CSLib_DerivativeStatus &OutValue
[INFO ]  Enum passed by reference: CSLib_NormalStatus &theStatus changed to CSLib_NormalStatus &OutValue
[INFO ]  Enum passed by reference: CSLib_NormalStatus & theStatus changed to CSLib_NormalStatus &OutValue
[INFO ]  Enum passed by reference: CSLib_NormalStatus & theStatus changed to CSLib_NormalStatus &OutValue
[INFO ]  Enum passed by reference: CSLib_NormalStatus &theStatus changed to CSLib_NormalStatus &OutValue
[INFO ]  Enum passed by reference: CSLib_NormalStatus & theStatus changed to CSLib_NormalStatus &OutValue
[INFO ]  Enum passed by reference: CSLib_NormalStatus & theStatus changed to CSLib_NormalStatus &OutValue
[INFO ]  Enum passed by reference: CSLib_NormalStatus &theStatus changed to CSLib_NormalStatus &OutValue
[INFO ]  Enum passed by reference: CSLib_NormalStatus & theStatus changed to CSLib_NormalStatus &OutValue
[INFO ]  Enum passed by reference: CSLib_NormalStatus & theStatus changed to CSLib_NormalStatus &OutValue
[WARNI]      [TypeHint] Skipping type int &, should contain _
[INFO ]  Class: CSLib_NormalPolyDef
[WARNI]      [TypeHint] Skipping type double &, should contain _
[WARNI]      [TypeHint] Skipping type double &, should contain _
[WARNI]      [TypeHint] Skipping type double &, should contain _
[INFO ]  ## Processing module Convert
[INFO ]  Enum: Convert_ParameterisationType
[WARNI]      [TypeHint] Skipping type opencascade::handle, should contain _
[WARNI]      [TypeHint] Skipping type opencascade::handle, should contain _
[INFO ]      Convert_CompBezierCurvesToBSplineCurveBase skipped because it is a class template
[INFO ]  Class: Convert_CompPolynomialToPoles
[INFO ]      [TypeHint] More than 1 constructor, @overload decorator needed.
[INFO ]  Class: Convert_ConicToBSplineCurve
[WARNI]      [TypeHint] Skipping type int &, should contain _
[WARNI]      [TypeHint] Skipping type int &, should contain _
[INFO ]  Class: Convert_ElementarySurfaceToBSplineSurface
[INFO ]  Class: Convert_GridPolynomialToPoles
[INFO ]      [TypeHint] More than 1 constructor, @overload decorator needed.
[INFO ]  Class: Convert_CircleToBSplineCurve
[INFO ]      [TypeHint] More than 1 constructor, @overload decorator needed.
[INFO ]  Class: Convert_CompBezierCurves2dToBSplineCurve2d
[INFO ]  Class: Convert_CompBezierCurvesToBSplineCurve
[INFO ]  Class: Convert_ConeToBSplineSurface
[INFO ]      [TypeHint] More than 1 constructor, @overload decorator needed.
[INFO ]  Class: Convert_CylinderToBSplineSurface
[INFO ]      [TypeHint] More than 1 constructor, @overload decorator needed.
[INFO ]  Class: Convert_EllipseToBSplineCurve
[INFO ]      [TypeHint] More than 1 constructor, @overload decorator needed.
[INFO ]  Class: Convert_HyperbolaToBSplineCurve
[INFO ]  Class: Convert_ParabolaToBSplineCurve
[INFO ]  Class: Convert_SphereToBSplineSurface
[INFO ]      [TypeHint] More than 1 constructor, @overload decorator needed.
[INFO ]  Class: Convert_TorusToBSplineSurface
[INFO ]      [TypeHint] More than 1 constructor, @overload decorator needed.
[INFO ]  ## Processing module ElCLib
[INFO ]  Class: ElCLib
[WARNI]      [TypeHint] Skipping type double &, should contain _
[WARNI]      [TypeHint] Skipping type static double, should contain _
[WARNI]      [TypeHint] Skipping type static double, should contain _
[WARNI]      [TypeHint] Skipping type static double, should contain _
[WARNI]      [TypeHint] Skipping type static double, should contain _
[WARNI]      [TypeHint] Skipping type static double, should contain _
[WARNI]      [TypeHint] Skipping type static double, should contain _
[WARNI]      [TypeHint] Skipping type static double, should contain _
[WARNI]      [TypeHint] Skipping type static double, should contain _
[WARNI]      [TypeHint] Skipping type static double, should contain _
[WARNI]      [TypeHint] Skipping type static double, should contain _
[WARNI]      [TypeHint] Skipping type static double, should contain _
[WARNI]      [TypeHint] Skipping type static double, should contain _
[WARNI]      [TypeHint] Skipping type static double, should contain _
[WARNI]      [TypeHint] Skipping type static double, should contain _
[WARNI]      [TypeHint] Skipping type static double, should contain _
[WARNI]      [TypeHint] Skipping type static double, should contain _
[WARNI]      [TypeHint] Skipping type static double, should contain _
[WARNI]      [TypeHint] Skipping type static double, should contain _
[WARNI]      [TypeHint] Skipping type static double, should contain _
[WARNI]      [TypeHint] Skipping type static double, should contain _
[WARNI]      [TypeHint] Skipping type static double, should contain _
[INFO ]  ## Processing module ElSLib
[INFO ]  Class: ElSLib
[WARNI]      [TypeHint] Skipping type double &, should contain _
[WARNI]      [TypeHint] Skipping type double &, should contain _
[WARNI]      [TypeHint] Skipping type double &, should contain _
[WARNI]      [TypeHint] Skipping type double &, should contain _
[WARNI]      [TypeHint] Skipping type double &, should contain _
[WARNI]      [TypeHint] Skipping type double &, should contain _
[WARNI]      [TypeHint] Skipping type double &, should contain _
[WARNI]      [TypeHint] Skipping type double &, should contain _
[WARNI]      [TypeHint] Skipping type double &, should contain _
[WARNI]      [TypeHint] Skipping type double &, should contain _
[INFO ]  ## Processing module Expr
[WARNI]      [TypeHint] Skipping type opencascade::handle, should contain _
[WARNI]      [TypeHint] Skipping type opencascade::handle, should contain _
[WARNI]      [TypeHint] Skipping type opencascade::handle, should contain _
[WARNI]      [TypeHint] Skipping type opencascade::handle, should contain _
[WARNI]      [TypeHint] Skipping type opencascade::handle, should contain _
[INFO ]  ## Processing module ExprIntrp
[INFO ]  Skip typedef ExprIntrp_SequenceOfNamedFunction because ends with 'Function'
[INFO ]  Skip typedef ExprIntrp_StackOfGeneralFunction because ends with 'Function'
[INFO ]  Skip typedef ExprIntrp_ListIteratorOfStackOfGeneralFunction because ends with 'Function'
[WARNI]      [TypeHint] Skipping type opencascade::handle, should contain _
[WARNI]      [TypeHint] Skipping type opencascade::handle, should contain _
[WARNI]      [TypeHint] Skipping type opencascade::handle, should contain _
[INFO ]  ## Processing module GeomAbs
[INFO ]  Enum: GeomAbs_BSplKnotDistribution
[INFO ]  Enum: GeomAbs_CurveType
[INFO ]  Enum: GeomAbs_IsoType
[INFO ]  Enum: GeomAbs_JoinType
[INFO ]  Enum: GeomAbs_Shape
[INFO ]  Enum: GeomAbs_SurfaceType
[INFO ]  ## Processing module PLib
[INFO ]  Class: PLib
[WARNI]      [TypeHint] Skipping type static double, should contain _
[WARNI]      [TypeHint] Skipping type double &, should contain _
[WARNI]      [TypeHint] Skipping type double &, should contain _
[WARNI]      [TypeHint] Skipping type double &, should contain _
[WARNI]      [TypeHint] Skipping type double &, should contain _
[WARNI]      [TypeHint] Skipping type double &, should contain _
[WARNI]      [TypeHint] Skipping type const double &, should contain _
[WARNI]      [TypeHint] Skipping type int &, should contain _
[WARNI]      [TypeHint] Skipping type const double &, should contain _
[WARNI]      [TypeHint] Skipping type double &, should contain _
[WARNI]      [TypeHint] Skipping type double &, should contain _
[INFO ]  Class: PLib_HermitJacobi
[WARNI]      [TypeHint] Skipping type double &, should contain _
[WARNI]      [TypeHint] Skipping type double &, should contain _
[WARNI]      [TypeHint] Skipping type double &, should contain _
[INFO ]  Class: PLib_JacobiPolynomial
[WARNI]      [TypeHint] Skipping type double &, should contain _
[WARNI]      [TypeHint] Skipping type double &, should contain _
[WARNI]      [TypeHint] Skipping type double &, should contain _
[INFO ]  ## Processing module Poly
[INFO ]  Enum: 
[WARNI]      [TypeHint] Skipping type opencascade::handle, should contain _
[INFO ]  Class: Poly
[WARNI]      [TypeHint] Skipping type double &, should contain _
[WARNI]      [TypeHint] Skipping type double &, should contain _
[WARNI]      [TypeHint] Skipping type static double, should contain _
[INFO ]  Class: Poly_ArrayOfNodes
[INFO ]      [TypeHint] More than 1 constructor, @overload decorator needed.
[INFO ]      operand = cannot be wrapped
[INFO ]      operand = cannot be wrapped
[INFO ]      operand [] cannot be wrapped
[INFO ]  Class: Poly_ArrayOfUVNodes
[INFO ]      [TypeHint] More than 1 constructor, @overload decorator needed.
[INFO ]      operand = cannot be wrapped
[INFO ]      operand = cannot be wrapped
[INFO ]      operand [] cannot be wrapped
[INFO ]  Class: Poly_CoherentLink
[INFO ]      [TypeHint] More than 1 constructor, @overload decorator needed.
[INFO ]  Class: Poly_CoherentNode
[INFO ]      [TypeHint] More than 1 constructor, @overload decorator needed.
[WARNI]      [TypeHint] param name missing or '&', skip method type hint
[WARNI]      [TypeHint] Skip type Poly_CoherentTriPtr::Iterator, because of trailing :
[INFO ]  Class: Poly_CoherentTriangle
[INFO ]      [TypeHint] More than 1 constructor, @overload decorator needed.
[WARNI]      [TypeHint] param name missing or '&', skip method type hint
[INFO ]  Class: Poly_CoherentTriangulation
[INFO ]      Wrap nested class Poly_CoherentTriangulation::IteratorOfTriangle
[INFO ]      Wrap nested class Poly_CoherentTriangulation::IteratorOfNode
[INFO ]      Wrap nested class Poly_CoherentTriangulation::IteratorOfLink
[INFO ]      Wrap nested class Poly_CoherentTriangulation::TwoIntegers
[INFO ]      [TypeHint] More than 1 constructor, @overload decorator needed.
[WARNI]      [TypeHint] Skipping type NCollection_List<TwoIntegers>, seems to be a template
[INFO ]  Class: Poly_Connect
[INFO ]      [TypeHint] More than 1 constructor, @overload decorator needed.
[WARNI]      [TypeHint] Skipping type int &, should contain _
[WARNI]      [TypeHint] Skipping type int &, should contain _
[INFO ]  Class: Poly_MergeNodesTool
[INFO ]      Wrap nested class Poly_MergeNodesTool::Vec3AndNormal
[INFO ]      Wrap nested class Poly_MergeNodesTool::MergedNodesMap
[INFO ]      Wrap nested class Poly_MergeNodesTool::MergedElemHasher
[INFO ]  Class: Poly_Polygon2D
[INFO ]      [TypeHint] More than 1 constructor, @overload decorator needed.
[INFO ]  Class: Poly_Polygon3D
[INFO ]      [TypeHint] More than 1 constructor, @overload decorator needed.
[INFO ]  Class: Poly_PolygonOnTriangulation
[INFO ]      [TypeHint] More than 1 constructor, @overload decorator needed.
[INFO ]  Class: Poly_Triangle
[INFO ]      [TypeHint] More than 1 constructor, @overload decorator needed.
[WARNI]      [TypeHint] Skipping type int &, should contain _
[WARNI]      [TypeHint] Skipping type int &, should contain _
[INFO ]      operand () cannot be wrapped
[INFO ]      operand () cannot be wrapped
[INFO ]  Class: Poly_Triangulation
[INFO ]      [TypeHint] More than 1 constructor, @overload decorator needed.
[INFO ]  Class: Poly_TriangulationParameters
[INFO ]      equal_to<Poly_MakeLoops::Link> skipped because it is a class template
[INFO ]      hash<Poly_MakeLoops::Link> skipped because it is a class template
[INFO ]  ## Processing module Precision
[INFO ]  Class: Precision
[WARNI]      [TypeHint] Skipping type static double, should contain _
[WARNI]      [TypeHint] Skipping type static double, should contain _
[WARNI]      [TypeHint] Skipping type static double, should contain _
[WARNI]      [TypeHint] Skipping type static double, should contain _
[WARNI]      [TypeHint] Skipping type static double, should contain _
[WARNI]      [TypeHint] Skipping type static double, should contain _
[WARNI]      [TypeHint] Skipping type static double, should contain _
[WARNI]      [TypeHint] Skipping type static double, should contain _
[WARNI]      [TypeHint] Skipping type static double, should contain _
[WARNI]      [TypeHint] Skipping type static double, should contain _
[WARNI]      [TypeHint] Skipping type static double, should contain _
[WARNI]      [TypeHint] Skipping type static double, should contain _
[WARNI]      [TypeHint] Skipping type static double, should contain _
[WARNI]      [TypeHint] Skipping type static double, should contain _
[WARNI]      [TypeHint] Skipping type static double, should contain _
[WARNI]      [TypeHint] Skipping type static double, should contain _
[WARNI]      [TypeHint] Skipping type static double, should contain _
[INFO ]  ## Processing module TColgp
[WARNI]      [TypeHint] Skipping type opencascade::handle, should contain _
[INFO ]  ## Processing module TopLoc
[INFO ]  Class: TopLoc_Datum3D
[INFO ]      [TypeHint] More than 1 constructor, @overload decorator needed.
[INFO ]  Class: TopLoc_ItemLocation
[INFO ]  Class: TopLoc_Location
[INFO ]      [TypeHint] More than 1 constructor, @overload decorator needed.
[INFO ]      operand gp_Trsf cannot be wrapped
[WARNI]      [TypeHint] Skipping unknown type size_t, size not in module list
[WARNI]      [TypeHint] Skipping type static double, should contain _
[INFO ]      operand = cannot be wrapped
[INFO ]      operand = cannot be wrapped
[INFO ]  Class: TopLoc_SListNodeOfItemLocation
[INFO ]  Class: TopLoc_SListOfItemLocation
[INFO ]      [TypeHint] More than 1 constructor, @overload decorator needed.
[INFO ]      operand = cannot be wrapped
[INFO ]      operand = cannot be wrapped
[INFO ]  ## Processing module gp
[INFO ]  Enum: gp_EulerSequence
[INFO ]  Enum: gp_TrsfForm
[INFO ]      NCollection_Lerp<gp_Trsf> skipped because it is a class template
[INFO ]      equal_to<gp_Pnt> skipped because it is a class template
[INFO ]  Class: gp
[WARNI]      [TypeHint] Skipping type static double, should contain _
[INFO ]  Class: gp_Ax1
[INFO ]      [TypeHint] More than 1 constructor, @overload decorator needed.
[WARNI]      [TypeHint] Skip type gp_Dir::D, because of trailing :
[WARNI]      [TypeHint] Skip type gp_Dir::D, because of trailing :
[INFO ]  Class: gp_Ax2
[INFO ]      [TypeHint] More than 1 constructor, @overload decorator needed.
[WARNI]      [TypeHint] Skip type gp_Dir::D, because of trailing :
[WARNI]      [TypeHint] Skip type gp_Dir::D, because of trailing :
[WARNI]      [TypeHint] Skip type gp_Dir::D, because of trailing :
[INFO ]  Class: gp_Ax22d
[INFO ]      [TypeHint] More than 1 constructor, @overload decorator needed.
[INFO ]  Class: gp_Ax2d
[INFO ]      [TypeHint] More than 1 constructor, @overload decorator needed.
[WARNI]      [TypeHint] Skip type gp_Dir2d::D, because of trailing :
[WARNI]      [TypeHint] Skip type gp_Dir2d::D, because of trailing :
[INFO ]  Class: gp_Ax3
[INFO ]      [TypeHint] More than 1 constructor, @overload decorator needed.
[WARNI]      [TypeHint] Skip type gp_Dir::D, because of trailing :
[WARNI]      [TypeHint] Skip type gp_Dir::D, because of trailing :
[WARNI]      [TypeHint] Skip type gp_Dir::D, because of trailing :
[INFO ]  Class: gp_Circ
[INFO ]      [TypeHint] More than 1 constructor, @overload decorator needed.
[INFO ]  Class: gp_Circ2d
[INFO ]      [TypeHint] More than 1 constructor, @overload decorator needed.
[WARNI]      [TypeHint] Skipping type double &, should contain _
[INFO ]  Class: gp_Cone
[INFO ]      [TypeHint] More than 1 constructor, @overload decorator needed.
[WARNI]      [TypeHint] Skipping type double &, should contain _
[INFO ]  Class: gp_Cylinder
[INFO ]      [TypeHint] More than 1 constructor, @overload decorator needed.
[WARNI]      [TypeHint] Skipping type double &, should contain _
[INFO ]  Class: gp_Dir
[INFO ]  Enum: D
[INFO ]      [TypeHint] More than 1 constructor, @overload decorator needed.
[WARNI]      [TypeHint] Skipping type D, should contain _
[WARNI]      [TypeHint] param name missing or '&', skip method type hint
[WARNI]      [TypeHint] param name missing or '&', skip method type hint
[WARNI]      [TypeHint] Skipping type double &, should contain _
[INFO ]      operand = cannot be wrapped
[INFO ]      operand = cannot be wrapped
[INFO ]      operand ^ cannot be wrapped
[INFO ]      operand ^= cannot be wrapped
[INFO ]  Class: gp_Dir2d
[INFO ]  Enum: D
[INFO ]      [TypeHint] More than 1 constructor, @overload decorator needed.
[WARNI]      [TypeHint] Skipping type D, should contain _
[WARNI]      [TypeHint] Skipping type double &, should contain _
[INFO ]      operand ^ cannot be wrapped
[INFO ]  Class: gp_Elips
[INFO ]      [TypeHint] More than 1 constructor, @overload decorator needed.
[INFO ]  Class: gp_Elips2d
[INFO ]      [TypeHint] More than 1 constructor, @overload decorator needed.
[WARNI]      [TypeHint] Skipping type double &, should contain _
[INFO ]  Class: gp_GTrsf
[INFO ]      [TypeHint] More than 1 constructor, @overload decorator needed.
[WARNI]      [TypeHint] Skipping type double &, should contain _
[INFO ]      operand () cannot be wrapped
[INFO ]  Class: gp_GTrsf2d
[INFO ]      [TypeHint] More than 1 constructor, @overload decorator needed.
[WARNI]      [TypeHint] Skipping type double &, should contain _
[INFO ]      operand () cannot be wrapped
[INFO ]  Class: gp_Hypr
[INFO ]      [TypeHint] More than 1 constructor, @overload decorator needed.
[INFO ]  Class: gp_Hypr2d
[INFO ]      [TypeHint] More than 1 constructor, @overload decorator needed.
[WARNI]      [TypeHint] Skipping type double &, should contain _
[INFO ]  Class: gp_Lin
[INFO ]      [TypeHint] More than 1 constructor, @overload decorator needed.
[INFO ]  Class: gp_Lin2d
[INFO ]      [TypeHint] More than 1 constructor, @overload decorator needed.
[WARNI]      [TypeHint] Skipping type double &, should contain _
[INFO ]  Class: gp_Mat
[INFO ]      [TypeHint] More than 1 constructor, @overload decorator needed.
[WARNI]      [TypeHint] Skipping type double &, should contain _
[WARNI]      [TypeHint] Skipping type const double &, should contain _
[INFO ]      operand () cannot be wrapped
[INFO ]      operand () cannot be wrapped
[INFO ]  Class: gp_Mat2d
[INFO ]      [TypeHint] More than 1 constructor, @overload decorator needed.
[WARNI]      [TypeHint] Skipping type double &, should contain _
[WARNI]      [TypeHint] Skipping type const double &, should contain _
[INFO ]      operand () cannot be wrapped
[INFO ]      operand () cannot be wrapped
[INFO ]  Class: gp_Parab
[INFO ]      [TypeHint] More than 1 constructor, @overload decorator needed.
[INFO ]  Class: gp_Parab2d
[INFO ]      [TypeHint] More than 1 constructor, @overload decorator needed.
[WARNI]      [TypeHint] Skipping type double &, should contain _
[INFO ]  Class: gp_Pln
[INFO ]      [TypeHint] More than 1 constructor, @overload decorator needed.
[WARNI]      [TypeHint] Skipping type double &, should contain _
[INFO ]  Class: gp_Pnt
[INFO ]      [TypeHint] More than 1 constructor, @overload decorator needed.
[WARNI]      [TypeHint] Skipping type double &, should contain _
[INFO ]  Class: gp_Pnt2d
[INFO ]      [TypeHint] More than 1 constructor, @overload decorator needed.
[WARNI]      [TypeHint] Skipping type double &, should contain _
[INFO ]  Class: gp_Quaternion
[INFO ]      [TypeHint] More than 1 constructor, @overload decorator needed.
[WARNI]      [TypeHint] Skipping type double &, should contain _
[WARNI]      [TypeHint] Skipping type double &, should contain _
[INFO ]  Class: gp_QuaternionNLerp
[INFO ]      [TypeHint] More than 1 constructor, @overload decorator needed.
[INFO ]  Class: gp_QuaternionSLerp
[INFO ]      [TypeHint] More than 1 constructor, @overload decorator needed.
[INFO ]  Class: gp_Sphere
[INFO ]      [TypeHint] More than 1 constructor, @overload decorator needed.
[WARNI]      [TypeHint] Skipping type double &, should contain _
[INFO ]  Class: gp_Torus
[INFO ]      [TypeHint] More than 1 constructor, @overload decorator needed.
[INFO ]  Class: gp_Trsf
[INFO ]      [TypeHint] More than 1 constructor, @overload decorator needed.
[WARNI]      [TypeHint] Skipping type double &, should contain _
[WARNI]      [TypeHint] Skipping type double &, should contain _
[INFO ]  Class: gp_Trsf2d
[INFO ]      [TypeHint] More than 1 constructor, @overload decorator needed.
[WARNI]      [TypeHint] Skipping type double &, should contain _
[INFO ]  Class: gp_Vec
[INFO ]      [TypeHint] More than 1 constructor, @overload decorator needed.
[WARNI]      [TypeHint] Skipping type double &, should contain _
[INFO ]      operand ^ cannot be wrapped
[INFO ]      operand ^= cannot be wrapped
[INFO ]  Class: gp_Vec2d
[INFO ]      [TypeHint] More than 1 constructor, @overload decorator needed.
[WARNI]      [TypeHint] Skipping type double &, should contain _
[INFO ]      operand ^ cannot be wrapped
[INFO ]  Class: gp_XY
[INFO ]      [TypeHint] More than 1 constructor, @overload decorator needed.
[WARNI]      [TypeHint] Skipping type double &, should contain _
[WARNI]      [TypeHint] Skipping type double &, should contain _
[INFO ]      operand ^ cannot be wrapped
[INFO ]  Class: gp_XYZ
[INFO ]      [TypeHint] More than 1 constructor, @overload decorator needed.
[WARNI]      [TypeHint] Skipping type double &, should contain _
[WARNI]      [TypeHint] Skipping type double &, should contain _
[WARNI]      [TypeHint] Skipping type const double *, should contain _
[INFO ]      operand ^ cannot be wrapped
[INFO ]      operand ^= cannot be wrapped
[INFO ]      hash<gp_Pnt> skipped because it is a class template
[INFO ]  ## Processing module math
[INFO ]  Enum: math_Status
[INFO ]  Class: math
[INFO ]  Class: math_BFGS
[INFO ]  Class: math_BissecNewton
[INFO ]  Class: math_BracketMinimum
[INFO ]      [TypeHint] More than 1 constructor, @overload decorator needed.
[WARNI]      [TypeHint] Skipping type double &, should contain _
[WARNI]      [TypeHint] Skipping type double &, should contain _
[INFO ]  Class: math_BracketedRoot
[INFO ]  Class: math_BrentMinimum
[INFO ]      [TypeHint] More than 1 constructor, @overload decorator needed.
[INFO ]  Class: math_BullardGenerator
[INFO ]  Class: math_ComputeGaussPointsAndWeights
[INFO ]  Class: math_ComputeKronrodPointsAndWeights
[INFO ]  Class: math_Crout
[INFO ]  Class: math_DirectPolynomialRoots
[INFO ]      [TypeHint] More than 1 constructor, @overload decorator needed.
[INFO ]  Class: math_DoubleTab
[INFO ]      [TypeHint] More than 1 constructor, @overload decorator needed.
[WARNI]      [TypeHint] Skipping type const double &, should contain _
[WARNI]      [TypeHint] Skipping type double &, should contain _
[INFO ]      operand () cannot be wrapped
[INFO ]      operand () cannot be wrapped
[INFO ]      operand = cannot be wrapped
[INFO ]      operand = cannot be wrapped
[INFO ]  Class: math_EigenValuesSearcher
[INFO ]  Class: math_FRPR
[INFO ]  Class: math_Function
[INFO ]      Class math_Function is abstract, using %nodefaultctor.
[WARNI]      [TypeHint] Skipping type double &, should contain _
[INFO ]  Class: math_FunctionAllRoots
[WARNI]      [TypeHint] Skipping type double &, should contain _
[WARNI]      [TypeHint] Skipping type int &, should contain _
[INFO ]  Class: math_FunctionRoot
[INFO ]      [TypeHint] More than 1 constructor, @overload decorator needed.
[INFO ]  Class: math_FunctionRoots
[INFO ]  Class: math_FunctionSample
[WARNI]      [TypeHint] Skipping type double &, should contain _
[WARNI]      [TypeHint] Skipping type virtual double, should contain _
[INFO ]  Class: math_FunctionSet
[INFO ]      Class math_FunctionSet is abstract, using %nodefaultctor.
[INFO ]  Class: math_FunctionSetRoot
[INFO ]      [TypeHint] More than 1 constructor, @overload decorator needed.
[WARNI]      [TypeHint] param name missing or '&', skip method type hint
[INFO ]  Class: math_Gauss
[INFO ]  Class: math_GaussLeastSquare
[INFO ]  Class: math_GaussMultipleIntegration
[INFO ]  Class: math_GaussSetIntegration
[INFO ]  Class: math_GaussSingleIntegration
[INFO ]      [TypeHint] More than 1 constructor, @overload decorator needed.
[INFO ]  Class: math_GlobOptMin
[INFO ]      Wrap nested class math_GlobOptMin::NCollection_CellFilter_Inspector
[WARNI]      [TypeHint] Skipping type double &, should contain _
[INFO ]  Class: math_Householder
[INFO ]      [TypeHint] More than 1 constructor, @overload decorator needed.
[INFO ]  Class: math_Jacobi
[INFO ]  Class: math_KronrodSingleIntegration
[INFO ]      [TypeHint] More than 1 constructor, @overload decorator needed.
[WARNI]      [TypeHint] Skipping type double &, should contain _
[INFO ]  Class: math_Matrix
[INFO ]      [TypeHint] More than 1 constructor, @overload decorator needed.
[WARNI]      [TypeHint] Skipping type math_VectorBase<>, seems to be a template
[WARNI]      [TypeHint] Skipping type math_VectorBase<>, seems to be a template
[WARNI]      [TypeHint] Skipping type math_VectorBase<>, seems to be a template
[WARNI]      [TypeHint] Skipping type math_VectorBase<>, seems to be a template
[WARNI]      [TypeHint] Skipping type math_VectorBase<>, seems to be a template
[WARNI]      [TypeHint] Skipping type math_VectorBase<>, seems to be a template
[WARNI]      [TypeHint] Skipping type math_VectorBase<>, seems to be a template
[WARNI]      [TypeHint] Skipping type const double &, should contain _
[WARNI]      [TypeHint] Skipping type double &, should contain _
[INFO ]      operand () cannot be wrapped
[INFO ]      operand () cannot be wrapped
[WARNI]      [TypeHint] Skipping type math_VectorBase<>, seems to be a template
[INFO ]      operand = cannot be wrapped
[INFO ]      operand = cannot be wrapped
[INFO ]  Class: math_MultipleVarFunction
[INFO ]      Class math_MultipleVarFunction is abstract, using %nodefaultctor.
[WARNI]      [TypeHint] Skipping type double &, should contain _
[INFO ]  Class: math_NewtonFunctionRoot
[INFO ]      [TypeHint] More than 1 constructor, @overload decorator needed.
[INFO ]  Class: math_NewtonFunctionSetRoot
[INFO ]      explicitly excluded method math_NewtonFunctionSetRoot::2f838f09e2d02bc508557334a9826bd0
[INFO ]      [TypeHint] More than 1 constructor, @overload decorator needed.
[INFO ]  Class: math_NewtonMinimum
[INFO ]      explicitly excluded method math_NewtonMinimum::40a351112382cc47eeb620e9bd71aa8d
[INFO ]  Class: math_PSO
[WARNI]      [TypeHint] Skipping type double &, should contain _
[WARNI]      [TypeHint] Skipping type double &, should contain _
[INFO ]  Class: math_PSOParticlesPool
[WARNI]      [TypeHint] Skipping unknown type PSO_Particle, PSO not in module list
[WARNI]      [TypeHint] Skipping unknown type PSO_Particle, PSO not in module list
[WARNI]      [TypeHint] Skipping unknown type PSO_Particle, PSO not in module list
[INFO ]  Class: math_Powell
[INFO ]  Class: math_SVD
[INFO ]  Class: math_TrigonometricFunctionRoots
[INFO ]      [TypeHint] More than 1 constructor, @overload decorator needed.
[INFO ]  Class: math_Uzawa
[INFO ]      [TypeHint] More than 1 constructor, @overload decorator needed.
[INFO ]  Class: math_ValueAndWeight
[INFO ]      [TypeHint] More than 1 constructor, @overload decorator needed.
[INFO ]      math_VectorBase skipped because it is a class template
[INFO ]  Class: math_FunctionSetWithDerivatives
[INFO ]      Class math_FunctionSetWithDerivatives is abstract, using %nodefaultctor.
[INFO ]  Class: math_FunctionWithDerivative
[INFO ]      Class math_FunctionWithDerivative is abstract, using %nodefaultctor.
[WARNI]      [TypeHint] Skipping type double &, should contain _
[WARNI]      [TypeHint] Skipping type double &, should contain _
[WARNI]      [TypeHint] Skipping type double &, should contain _
[INFO ]  Class: math_MultipleVarFunctionWithGradient
[INFO ]      Class math_MultipleVarFunctionWithGradient is abstract, using %nodefaultctor.
[WARNI]      [TypeHint] Skipping type double &, should contain _
[WARNI]      [TypeHint] Skipping type double &, should contain _
[INFO ]  Class: math_MultipleVarFunctionWithHessian
[INFO ]      Class math_MultipleVarFunctionWithHessian is abstract, using %nodefaultctor.
[WARNI]      [TypeHint] Skipping type double &, should contain _
[WARNI]      [TypeHint] Skipping type double &, should contain _
[WARNI]      [TypeHint] Skipping type double &, should contain _
[INFO ]  Class: math_TrigonometricEquationFunction
[WARNI]      [TypeHint] Skipping type double &, should contain _
[WARNI]      [TypeHint] Skipping type double &, should contain _
[WARNI]      [TypeHint] Skipping type double &, should contain _
[INFO ]      operand < cannot be wrapped
[INFO ]      operand << cannot be wrapped
[INFO ]      operand << cannot be wrapped
[INFO ]      operand << cannot be wrapped
[INFO ]  Processing toolkit TKBRep ===
[INFO ]  ## Processing module BRep
[WARNI]      [TypeHint] Skipping type opencascade::handle, should contain _
[WARNI]      [TypeHint] Skipping type opencascade::handle, should contain _
[INFO ]  Class: BRep_Builder
[INFO ]  Class: BRep_CurveRepresentation
[INFO ]      Class BRep_CurveRepresentation is abstract, using %nodefaultctor.
[INFO ]  Class: BRep_PointRepresentation
[WARNI]      [TypeHint] Skipping type virtual double, should contain _
[INFO ]  Class: BRep_TEdge
[WARNI]      [TypeHint] Skip type NCollection_List<opencascade::handle<BRep_CurveRepresentation>>, because of trailing :
[WARNI]      [TypeHint] Skip type NCollection_List<opencascade::handle<BRep_CurveRepresentation>>, because of trailing :
[INFO ]  Class: BRep_TFace
[INFO ]  Class: BRep_TVertex
[WARNI]      [TypeHint] Skip type NCollection_List<opencascade::handle<BRep_PointRepresentation>>, because of trailing :
[WARNI]      [TypeHint] Skip type NCollection_List<opencascade::handle<BRep_PointRepresentation>>, because of trailing :
[INFO ]  Class: BRep_Tool
[WARNI]      [TypeHint] Skipping type double &, should contain _
[WARNI]      [TypeHint] Skipping type double &, should contain _
[WARNI]      [TypeHint] Skipping type double &, should contain _
[WARNI]      [TypeHint] Skipping type double &, should contain _
[WARNI]      [TypeHint] Skipping type double &, should contain _
[WARNI]      [TypeHint] Skipping type double &, should contain _
[WARNI]      [TypeHint] Skipping type double &, should contain _
[WARNI]      [TypeHint] Skipping type static double, should contain _
[WARNI]      [TypeHint] Skipping type double &, should contain _
[WARNI]      [TypeHint] Skipping type static double, should contain _
[WARNI]      [TypeHint] Skipping type static double, should contain _
[WARNI]      [TypeHint] Skipping type static double, should contain _
[WARNI]      [TypeHint] Skipping type double &, should contain _
[WARNI]      [TypeHint] Skipping type double &, should contain _
[WARNI]      [TypeHint] Skipping type double &, should contain _
[WARNI]      [TypeHint] Skipping type static double, should contain _
[WARNI]      [TypeHint] Skipping type static double, should contain _
[WARNI]      [TypeHint] Skipping type static double, should contain _
[INFO ]  Class: BRep_CurveOn2Surfaces
[INFO ]  Class: BRep_GCurve
[INFO ]      Class BRep_GCurve is abstract, using %nodefaultctor.
[WARNI]      [TypeHint] Skipping type double &, should contain _
[INFO ]  Class: BRep_PointOnCurve
[INFO ]  Class: BRep_PointsOnSurface
[INFO ]  Class: BRep_Polygon3D
[INFO ]  Class: BRep_PolygonOnSurface
[INFO ]  Class: BRep_PolygonOnTriangulation
[INFO ]  Class: BRep_Curve3D
[INFO ]  Class: BRep_CurveOnSurface
[INFO ]  Class: BRep_PointOnCurveOnSurface
[INFO ]  Class: BRep_PointOnSurface
[INFO ]  Class: BRep_PolygonOnClosedSurface
[INFO ]  Class: BRep_PolygonOnClosedTriangulation
[INFO ]  Class: BRep_CurveOnClosedSurface
[INFO ]  ## Processing module BRepAdaptor
[INFO ]  Class: BRepAdaptor_CompCurve
[INFO ]      [TypeHint] More than 1 constructor, @overload decorator needed.
[WARNI]      [TypeHint] Skipping type double &, should contain _
[WARNI]      [TypeHint] Skip type Geom_Curve::ResD1, because of trailing :
[WARNI]      [TypeHint] Skip type Geom_Curve::ResD2, because of trailing :
[WARNI]      [TypeHint] Skip type Geom_Curve::ResD3, because of trailing :
[INFO ]  Class: BRepAdaptor_Curve
[INFO ]      [TypeHint] More than 1 constructor, @overload decorator needed.
[INFO ]  Class: BRepAdaptor_Curve2d
[INFO ]      [TypeHint] More than 1 constructor, @overload decorator needed.
[INFO ]  Class: BRepAdaptor_Surface
[INFO ]      [TypeHint] More than 1 constructor, @overload decorator needed.
[INFO ]  ## Processing module BRepLProp
[INFO ]  Class: BRepLProp
[INFO ]  Class: BRepLProp_SurfaceTool
[WARNI]      [TypeHint] Skipping type double &, should contain _
[INFO ]  ## Processing module BRepTools
[INFO ]  Class: BRepTools
[WARNI]      [TypeHint] Skipping type static double, should contain _
[WARNI]      [TypeHint] Skipping type double &, should contain _
[WARNI]      [TypeHint] Skipping type double &, should contain _
[WARNI]      [TypeHint] Skipping type double &, should contain _
[INFO ]  Class: BRepTools_History
[INFO ]  Enum: TRelationType
[INFO ]      [TypeHint] More than 1 constructor, @overload decorator needed.
[INFO ]  Class: BRepTools_Modification
[INFO ]      Class BRepTools_Modification is abstract, using %nodefaultctor.
[WARNI]      [TypeHint] Skipping type double &, should contain _
[WARNI]      [TypeHint] Skipping type double &, should contain _
[WARNI]      [TypeHint] Skipping type double &, should contain _
[WARNI]      [TypeHint] Skipping type double &, should contain _
[WARNI]      [TypeHint] Skipping type double &, should contain _
[INFO ]  Class: BRepTools_Modifier
[INFO ]      Wrap nested class BRepTools_Modifier::NewCurveInfo
[INFO ]      Wrap nested class BRepTools_Modifier::NewSurfaceInfo
[INFO ]      [TypeHint] More than 1 constructor, @overload decorator needed.
[INFO ]  Class: BRepTools_PurgeLocations
[INFO ]      explicitly excluded method BRepTools_PurgeLocations::f801488c386de381875cd0fcc9cfc82f
[INFO ]  Class: BRepTools_Quilt
[INFO ]  Class: BRepTools_ReShape
[INFO ]      Wrap nested class BRepTools_ReShape::TReplacement
[INFO ]  Class: BRepTools_ShapeSet
[INFO ]      [TypeHint] More than 1 constructor, @overload decorator needed.
[INFO ]  Class: BRepTools_Substitution
[INFO ]  Class: BRepTools_WireExplorer
[INFO ]      [TypeHint] More than 1 constructor, @overload decorator needed.
[INFO ]  Class: BRepTools_CopyModification
[WARNI]      [TypeHint] Skipping type double &, should contain _
[WARNI]      [TypeHint] Skipping type double &, should contain _
[WARNI]      [TypeHint] Skipping type double &, should contain _
[WARNI]      [TypeHint] Skipping type double &, should contain _
[WARNI]      [TypeHint] Skipping type double &, should contain _
[INFO ]  Class: BRepTools_GTrsfModification
[WARNI]      [TypeHint] Skipping type double &, should contain _
[WARNI]      [TypeHint] Skipping type double &, should contain _
[WARNI]      [TypeHint] Skipping type double &, should contain _
[WARNI]      [TypeHint] Skipping type double &, should contain _
[WARNI]      [TypeHint] Skipping type double &, should contain _
[INFO ]  Class: BRepTools_TrsfModification
[WARNI]      [TypeHint] Skipping type double &, should contain _
[WARNI]      [TypeHint] Skipping type double &, should contain _
[WARNI]      [TypeHint] Skipping type double &, should contain _
[WARNI]      [TypeHint] Skipping type double &, should contain _
[WARNI]      [TypeHint] Skipping type double &, should contain _
[INFO ]  Class: BRepTools_NurbsConvertModification
[WARNI]      [TypeHint] Skipping type double &, should contain _
[WARNI]      [TypeHint] Skipping type double &, should contain _
[WARNI]      [TypeHint] Skipping type double &, should contain _
[WARNI]      [TypeHint] Skipping type double &, should contain _
[WARNI]      [TypeHint] Skipping type double &, should contain _
[INFO ]  ## Processing module BinTools
[INFO ]  Enum: BinTools_FormatVersion
[INFO ]  Enum: 
[INFO ]  Enum: BinTools_ObjectType
[INFO ]  Skip typedef BinTools_LocationSetPtr because target is a pointer type
[INFO ]  Class: BinTools
[WARNI]      [TypeHint] Skipping unknown type char16_t, char16 not in module list
[WARNI]      [TypeHint] Skipping type int &, should contain _
[WARNI]      [TypeHint] Skipping type double &, should contain _
[WARNI]      [TypeHint] Skipping unknown type char16_t, char16 not in module list
[WARNI]      [TypeHint] Skipping type const double &, should contain _
[INFO ]  Class: BinTools_Curve2dSet
[INFO ]      explicitly excluded method BinTools_Curve2dSet::e60d722f65a7811be636699da7600e78
[INFO ]  Class: BinTools_CurveSet
[INFO ]  Class: BinTools_LocationSet
[INFO ]  Class: BinTools_ShapeSetBase
[WARNI]      [TypeHint] Skipping type std::istream, should contain _
[WARNI]      [TypeHint] Skipping type std::istream, should contain _
[WARNI]      [TypeHint] param name missing or '&', skip method type hint
[WARNI]      [TypeHint] param name missing or '&', skip method type hint
[INFO ]  Class: BinTools_SurfaceSet
[INFO ]  Class: BinTools_ShapeReader
[INFO ]  Class: BinTools_ShapeSet
[WARNI]      [TypeHint] Skipping type std::istream, should contain _
[INFO ]  Class: BinTools_ShapeWriter
[INFO ]      operand << cannot be wrapped
[INFO ]      operand << cannot be wrapped
[INFO ]  ## Processing module TopExp
[INFO ]  Class: TopExp
[INFO ]  Class: TopExp_Explorer
[INFO ]      [TypeHint] More than 1 constructor, @overload decorator needed.
[WARNI]      [TypeHint] Skipping type NCollection_ForwardRangeIterator<TopExp_Explorer, seems to be a template
[INFO ]  ## Processing module TopTools
[INFO ]  Enum: TopTools_FormatVersion
[INFO ]  Enum: 
[INFO ]  Skip typedef TopTools_LocationSetPtr because target is a pointer type
[WARNI]      [TypeHint] Skipping unknown type int,TopTools_ListOfShape, int,TopTools not in module list
[WARNI]      [TypeHint] Skipping unknown type int,TopoDS_Shape, int,TopoDS not in module list
[INFO ]  Class: TopTools
[INFO ]  Class: TopTools_LocationSet
[INFO ]  Class: TopTools_ShapeMapHasher
[INFO ]      operand () cannot be wrapped
[INFO ]      operand () cannot be wrapped
[INFO ]  Class: TopTools_ShapeSet
[INFO ]  ## Processing module TopoDS
[INFO ]  Class: TopoDS_AlertAttribute
[INFO ]  Class: TopoDS_AlertWithShape
[INFO ]  Class: TopoDS_Builder
[INFO ]  Class: TopoDS_HShape
[INFO ]      [TypeHint] More than 1 constructor, @overload decorator needed.
[INFO ]  Class: TopoDS_Iterator
[INFO ]      [TypeHint] More than 1 constructor, @overload decorator needed.
[WARNI]      [TypeHint] Skipping type NCollection_ForwardRangeIterator<TopoDS_Iterator, seems to be a template
[INFO ]  Class: TopoDS_Shape
[INFO ]      [TypeHint] More than 1 constructor, @overload decorator needed.
[INFO ]  Class: TopoDS_TShape
[INFO ]      Class TopoDS_TShape is abstract, using %nodefaultctor.
[INFO ]  Enum: BitLayout
[INFO ]      hash<TopoDS_CompSolid> skipped because it is a class template
[INFO ]      hash<TopoDS_Compound> skipped because it is a class template
[INFO ]      hash<TopoDS_Edge> skipped because it is a class template
[INFO ]      hash<TopoDS_Face> skipped because it is a class template
[INFO ]      hash<TopoDS_Shape> skipped because it is a class template
[INFO ]      hash<TopoDS_Shell> skipped because it is a class template
[INFO ]      hash<TopoDS_Solid> skipped because it is a class template
[INFO ]      hash<TopoDS_Vertex> skipped because it is a class template
[INFO ]      hash<TopoDS_Wire> skipped because it is a class template
[INFO ]  Class: TopoDS_CompSolid
[INFO ]  Class: TopoDS_Compound
[INFO ]  Class: TopoDS_Edge
[INFO ]  Class: TopoDS_Face
[INFO ]  Class: TopoDS_Shell
[INFO ]  Class: TopoDS_Solid
[INFO ]  Class: TopoDS_TCompSolid
[INFO ]  Class: TopoDS_TCompound
[INFO ]  Class: TopoDS_TEdge
[INFO ]  Class: TopoDS_TFace
[INFO ]  Class: TopoDS_TShell
[INFO ]  Class: TopoDS_TSolid
[INFO ]  Class: TopoDS_TVertex
[INFO ]  Class: TopoDS_TWire
[INFO ]  Class: TopoDS_Vertex
[INFO ]  Class: TopoDS_Wire
[INFO ]      operand << cannot be wrapped
[INFO ]  Processing toolkit TKG2d ===
[INFO ]  ## Processing module Adaptor2d
[INFO ]  Class: Adaptor2d_Curve2d
[WARNI]      [TypeHint] Skip type Geom2d_Curve::ResD1, because of trailing :
[WARNI]      [TypeHint] Skip type Geom2d_Curve::ResD2, because of trailing :
[WARNI]      [TypeHint] Skip type Geom2d_Curve::ResD3, because of trailing :
[WARNI]      [TypeHint] Skipping type virtual double, should contain _
[WARNI]      [TypeHint] Skipping type virtual double, should contain _
[WARNI]      [TypeHint] Skipping type virtual double, should contain _
[WARNI]      [TypeHint] Skipping type virtual double, should contain _
[INFO ]  Class: Adaptor2d_Line2d
[INFO ]      [TypeHint] More than 1 constructor, @overload decorator needed.
[INFO ]  Class: Adaptor2d_OffsetCurve
[INFO ]      [TypeHint] More than 1 constructor, @overload decorator needed.
[INFO ]  ## Processing module Geom2d
[INFO ]  Class: Geom2d_Geometry
[INFO ]      Class Geom2d_Geometry is abstract, using %nodefaultctor.
[INFO ]  Class: Geom2d_Transformation
[INFO ]      [TypeHint] More than 1 constructor, @overload decorator needed.
[WARNI]      [TypeHint] Skipping type double &, should contain _
[INFO ]  Class: Geom2d_AxisPlacement
[INFO ]      [TypeHint] More than 1 constructor, @overload decorator needed.
[INFO ]  Class: Geom2d_Curve
[INFO ]      Class Geom2d_Curve is abstract, using %nodefaultctor.
[INFO ]      Wrap nested class Geom2d_Curve::ResD1
[INFO ]      Wrap nested class Geom2d_Curve::ResD2
[INFO ]      Wrap nested class Geom2d_Curve::ResD3
[WARNI]      [TypeHint] Skip type Geom2d_Curve::ResD1, because of trailing :
[WARNI]      [TypeHint] Skip type Geom2d_Curve::ResD2, because of trailing :
[WARNI]      [TypeHint] Skip type Geom2d_Curve::ResD3, because of trailing :
[WARNI]      [TypeHint] Skipping type virtual double, should contain _
[WARNI]      [TypeHint] Skipping type virtual double, should contain _
[WARNI]      [TypeHint] Skipping type virtual double, should contain _
[WARNI]      [TypeHint] Skipping type virtual double, should contain _
[WARNI]      [TypeHint] Skipping type virtual double, should contain _
[WARNI]      [TypeHint] Skipping type virtual double, should contain _
[INFO ]  Class: Geom2d_Point
[INFO ]      Class Geom2d_Point is abstract, using %nodefaultctor.
[WARNI]      [TypeHint] Skipping type double &, should contain _
[WARNI]      [TypeHint] Skipping type virtual double, should contain _
[WARNI]      [TypeHint] Skipping type virtual double, should contain _
[INFO ]  Class: Geom2d_Vector
[INFO ]      Class Geom2d_Vector is abstract, using %nodefaultctor.
[WARNI]      [TypeHint] Skipping type double &, should contain _
[WARNI]      [TypeHint] Skipping type virtual double, should contain _
[WARNI]      [TypeHint] Skipping type virtual double, should contain _
[WARNI]      [TypeHint] Skipping type virtual double, should contain _
[INFO ]  Class: Geom2d_BoundedCurve
[INFO ]      Class Geom2d_BoundedCurve is abstract, using %nodefaultctor.
[INFO ]  Class: Geom2d_CartesianPoint
[INFO ]      [TypeHint] More than 1 constructor, @overload decorator needed.
[WARNI]      [TypeHint] Skipping type double &, should contain _
[INFO ]  Class: Geom2d_Conic
[INFO ]      Class Geom2d_Conic is abstract, using %nodefaultctor.
[WARNI]      [TypeHint] Skipping type virtual double, should contain _
[INFO ]  Class: Geom2d_Direction
[INFO ]      [TypeHint] More than 1 constructor, @overload decorator needed.
[INFO ]      operand ^ cannot be wrapped
[INFO ]  Class: Geom2d_Line
[INFO ]      [TypeHint] More than 1 constructor, @overload decorator needed.
[WARNI]      [TypeHint] Skip type Geom2d_Curve::ResD1, because of trailing :
[WARNI]      [TypeHint] Skip type Geom2d_Curve::ResD2, because of trailing :
[WARNI]      [TypeHint] Skip type Geom2d_Curve::ResD3, because of trailing :
[INFO ]  Class: Geom2d_OffsetCurve
[INFO ]      [TypeHint] More than 1 constructor, @overload decorator needed.
[WARNI]      [TypeHint] Skip type Geom2d_Curve::ResD1, because of trailing :
[WARNI]      [TypeHint] Skip type Geom2d_Curve::ResD2, because of trailing :
[WARNI]      [TypeHint] Skip type Geom2d_Curve::ResD3, because of trailing :
[WARNI]      [TypeHint] Skip type Geom2dEval_RepCurveDesc::Base, because of trailing :
[WARNI]      [TypeHint] Skip type Geom2dEval_RepCurveDesc::Base, because of trailing :
[INFO ]  Class: Geom2d_VectorWithMagnitude
[INFO ]      [TypeHint] More than 1 constructor, @overload decorator needed.
[INFO ]      operand ^ cannot be wrapped
[INFO ]  Class: Geom2d_BSplineCurve
[INFO ]      [TypeHint] More than 1 constructor, @overload decorator needed.
[WARNI]      [TypeHint] Skip type Geom2d_Curve::ResD1, because of trailing :
[WARNI]      [TypeHint] Skip type Geom2d_Curve::ResD2, because of trailing :
[WARNI]      [TypeHint] Skip type Geom2d_Curve::ResD3, because of trailing :
[WARNI]      [TypeHint] Skip type Geom2dEval_RepCurveDesc::Base, because of trailing :
[WARNI]      [TypeHint] Skipping type int &, should contain _
[WARNI]      [TypeHint] Skipping type int &, should contain _
[WARNI]      [TypeHint] Skipping type int &, should contain _
[WARNI]      [TypeHint] Skipping type double &, should contain _
[WARNI]      [TypeHint] Skipping type double &, should contain _
[WARNI]      [TypeHint] Skip type Geom2dEval_RepCurveDesc::Base, because of trailing :
[INFO ]  Class: Geom2d_BezierCurve
[INFO ]      [TypeHint] More than 1 constructor, @overload decorator needed.
[WARNI]      [TypeHint] Skip type Geom2d_Curve::ResD1, because of trailing :
[WARNI]      [TypeHint] Skip type Geom2d_Curve::ResD2, because of trailing :
[WARNI]      [TypeHint] Skip type Geom2d_Curve::ResD3, because of trailing :
[WARNI]      [TypeHint] Skip type Geom2dEval_RepCurveDesc::Base, because of trailing :
[WARNI]      [TypeHint] Skipping type double &, should contain _
[WARNI]      [TypeHint] Skip type Geom2dEval_RepCurveDesc::Base, because of trailing :
[INFO ]  Class: Geom2d_Circle
[INFO ]      [TypeHint] More than 1 constructor, @overload decorator needed.
[WARNI]      [TypeHint] Skip type Geom2d_Curve::ResD1, because of trailing :
[WARNI]      [TypeHint] Skip type Geom2d_Curve::ResD2, because of trailing :
[WARNI]      [TypeHint] Skip type Geom2d_Curve::ResD3, because of trailing :
[INFO ]  Class: Geom2d_Ellipse
[INFO ]      [TypeHint] More than 1 constructor, @overload decorator needed.
[WARNI]      [TypeHint] Skip type Geom2d_Curve::ResD1, because of trailing :
[WARNI]      [TypeHint] Skip type Geom2d_Curve::ResD2, because of trailing :
[WARNI]      [TypeHint] Skip type Geom2d_Curve::ResD3, because of trailing :
[INFO ]  Class: Geom2d_Hyperbola
[INFO ]      [TypeHint] More than 1 constructor, @overload decorator needed.
[WARNI]      [TypeHint] Skip type Geom2d_Curve::ResD1, because of trailing :
[WARNI]      [TypeHint] Skip type Geom2d_Curve::ResD2, because of trailing :
[WARNI]      [TypeHint] Skip type Geom2d_Curve::ResD3, because of trailing :
[INFO ]  Class: Geom2d_Parabola
[INFO ]      [TypeHint] More than 1 constructor, @overload decorator needed.
[WARNI]      [TypeHint] Skip type Geom2d_Curve::ResD1, because of trailing :
[WARNI]      [TypeHint] Skip type Geom2d_Curve::ResD2, because of trailing :
[WARNI]      [TypeHint] Skip type Geom2d_Curve::ResD3, because of trailing :
[INFO ]  Class: Geom2d_TrimmedCurve
[WARNI]      [TypeHint] Skip type Geom2d_Curve::ResD1, because of trailing :
[WARNI]      [TypeHint] Skip type Geom2d_Curve::ResD2, because of trailing :
[WARNI]      [TypeHint] Skip type Geom2d_Curve::ResD3, because of trailing :
[INFO ]  ## Processing module Geom2dAdaptor
[INFO ]  Class: Geom2dAdaptor
[INFO ]  Class: Geom2dAdaptor_Curve
[INFO ]      Wrap nested class Geom2dAdaptor_Curve::OffsetData
[INFO ]      Wrap nested class Geom2dAdaptor_Curve::BezierData
[INFO ]      Wrap nested class Geom2dAdaptor_Curve::BSplineData
[INFO ]      [TypeHint] More than 1 constructor, @overload decorator needed.
[WARNI]      [TypeHint] Skip type Geom2d_Curve::ResD1, because of trailing :
[WARNI]      [TypeHint] Skip type Geom2d_Curve::ResD2, because of trailing :
[WARNI]      [TypeHint] Skip type Geom2d_Curve::ResD3, because of trailing :
[INFO ]  ## Processing module Geom2dEvaluator
[WARNI]  No file for module Geom2dEvaluator. Please check that the module name is part of occt.
[INFO ]  ## Processing module Geom2dLProp
[WARNI]  No file for module Geom2dLProp. Please check that the module name is part of occt.
[INFO ]  ## Processing module LProp
[INFO ]  Enum: LProp_CIType
[INFO ]  Enum: LProp_Status
[INFO ]  Class: LProp_CurAndInf
[INFO ]      ToolAccess skipped because it is a class template
[INFO ]  ## Processing module TColGeom2d
[WARNI]      [TypeHint] Skipping type opencascade::handle, should contain _
[WARNI]      [TypeHint] Skipping type opencascade::handle, should contain _
[WARNI]      [TypeHint] Skipping type opencascade::handle, should contain _
[WARNI]      [TypeHint] Skipping type opencascade::handle, should contain _
[WARNI]      [TypeHint] Skipping type opencascade::handle, should contain _
[WARNI]      [TypeHint] Skipping type opencascade::handle, should contain _
[WARNI]      [TypeHint] Skipping type opencascade::handle, should contain _
[WARNI]      [TypeHint] Skipping type opencascade::handle, should contain _
[WARNI]      [TypeHint] Skipping type opencascade::handle, should contain _
[WARNI]      [TypeHint] Skipping type opencascade::handle, should contain _
[WARNI]      [TypeHint] Skipping type opencascade::handle, should contain _
[INFO ]  Processing toolkit TKG3d ===
[INFO ]  ## Processing module Adaptor3d
[INFO ]  Class: Adaptor3d_Curve
[WARNI]      [TypeHint] Skip type Geom_Curve::ResD1, because of trailing :
[WARNI]      [TypeHint] Skip type Geom_Curve::ResD2, because of trailing :
[WARNI]      [TypeHint] Skip type Geom_Curve::ResD3, because of trailing :
[WARNI]      [TypeHint] Skipping type virtual double, should contain _
[WARNI]      [TypeHint] Skipping type virtual double, should contain _
[WARNI]      [TypeHint] Skipping type virtual double, should contain _
[WARNI]      [TypeHint] Skipping type virtual double, should contain _
[INFO ]  Class: Adaptor3d_HSurfaceTool
[WARNI]      [TypeHint] Skipping type static double, should contain _
[WARNI]      [TypeHint] Skipping type static double, should contain _
[WARNI]      [TypeHint] Skipping type static double, should contain _
[WARNI]      [TypeHint] Skipping type static double, should contain _
[WARNI]      [TypeHint] param name missing or '&', skip method type hint
[WARNI]      [TypeHint] Skipping type static double, should contain _
[WARNI]      [TypeHint] Skipping type static double, should contain _
[WARNI]      [TypeHint] Skipping type static double, should contain _
[WARNI]      [TypeHint] Skipping type static double, should contain _
[WARNI]      [TypeHint] Skipping type static double, should contain _
[INFO ]  Class: Adaptor3d_HVertex
[INFO ]      [TypeHint] More than 1 constructor, @overload decorator needed.
[WARNI]      [TypeHint] Skipping type virtual double, should contain _
[WARNI]      [TypeHint] Skipping type virtual double, should contain _
[INFO ]  Class: Adaptor3d_InterFunc
[WARNI]      [TypeHint] Skipping type double &, should contain _
[WARNI]      [TypeHint] Skipping type double &, should contain _
[WARNI]      [TypeHint] Skipping type double &, should contain _
[INFO ]  Class: Adaptor3d_Surface
[WARNI]      [TypeHint] Skip type Geom_Surface::ResD1, because of trailing :
[WARNI]      [TypeHint] Skip type Geom_Surface::ResD2, because of trailing :
[WARNI]      [TypeHint] Skip type Geom_Surface::ResD3, because of trailing :
[WARNI]      [TypeHint] Skipping type virtual double, should contain _
[WARNI]      [TypeHint] Skipping type virtual double, should contain _
[WARNI]      [TypeHint] Skipping type virtual double, should contain _
[WARNI]      [TypeHint] Skipping type virtual double, should contain _
[WARNI]      [TypeHint] Skipping type virtual double, should contain _
[WARNI]      [TypeHint] Skipping type virtual double, should contain _
[WARNI]      [TypeHint] Skipping type virtual double, should contain _
[WARNI]      [TypeHint] Skipping type virtual double, should contain _
[WARNI]      [TypeHint] Skipping type virtual double, should contain _
[INFO ]  Class: Adaptor3d_TopolTool
[INFO ]      [TypeHint] More than 1 constructor, @overload decorator needed.
[WARNI]      [TypeHint] Skipping type double &, should contain _
[WARNI]      [TypeHint] Skipping type virtual double, should contain _
[WARNI]      [TypeHint] Skipping type virtual double, should contain _
[INFO ]  Class: Adaptor3d_CurveOnSurface
[INFO ]      [TypeHint] More than 1 constructor, @overload decorator needed.
[WARNI]      [TypeHint] Skip type Geom_Curve::ResD1, because of trailing :
[WARNI]      [TypeHint] Skip type Geom_Curve::ResD2, because of trailing :
[WARNI]      [TypeHint] Skip type Geom_Curve::ResD3, because of trailing :
[INFO ]  Class: Adaptor3d_IsoCurve
[INFO ]      [TypeHint] More than 1 constructor, @overload decorator needed.
[WARNI]      [TypeHint] Skip type Geom_Curve::ResD1, because of trailing :
[WARNI]      [TypeHint] Skip type Geom_Curve::ResD2, because of trailing :
[WARNI]      [TypeHint] Skip type Geom_Curve::ResD3, because of trailing :
[INFO ]  ## Processing module AdvApprox
[INFO ]  Class: AdvApprox_ApproxAFunction
[INFO ]      [TypeHint] More than 1 constructor, @overload decorator needed.
[WARNI]      [TypeHint] Skipping type int &, should contain _
[INFO ]  Class: AdvApprox_Cutting
[INFO ]      Class AdvApprox_Cutting is abstract, using %nodefaultctor.
[WARNI]      [TypeHint] Skipping type double &, should contain _
[INFO ]  Class: AdvApprox_SimpleApprox
[INFO ]  Class: AdvApprox_DichoCutting
[WARNI]      [TypeHint] Skipping type double &, should contain _
[INFO ]  Class: AdvApprox_PrefAndRec
[WARNI]      [TypeHint] Skipping type double &, should contain _
[INFO ]  Class: AdvApprox_PrefCutting
[WARNI]      [TypeHint] Skipping type double &, should contain _
[INFO ]  ## Processing module GProp
[INFO ]  Enum: GProp_ValueType
[INFO ]  Class: GProp
[INFO ]  Class: GProp_GProps
[INFO ]      [TypeHint] More than 1 constructor, @overload decorator needed.
[WARNI]      [TypeHint] Skipping type double &, should contain _
[INFO ]  Class: GProp_PEquation
[INFO ]  Enum: Type
[WARNI]      [TypeHint] Skip type GProp_PEquation::Type, because of trailing :
[INFO ]  Class: GProp_PrincipalProps
[WARNI]      [TypeHint] Skipping type double &, should contain _
[WARNI]      [TypeHint] Skipping type double &, should contain _
[INFO ]  Class: GProp_CelGProps
[INFO ]      [TypeHint] More than 1 constructor, @overload decorator needed.
[INFO ]  Class: GProp_PGProps
[INFO ]      [TypeHint] More than 1 constructor, @overload decorator needed.
[WARNI]      [TypeHint] Skipping type double &, should contain _
[WARNI]      [TypeHint] Skipping type double &, should contain _
[INFO ]  Class: GProp_SelGProps
[INFO ]      [TypeHint] More than 1 constructor, @overload decorator needed.
[INFO ]  Class: GProp_VelGProps
[INFO ]      [TypeHint] More than 1 constructor, @overload decorator needed.
[INFO ]  ## Processing module Geom
[WARNI]      [TypeHint] Skipping type opencascade::handle, should contain _
[WARNI]      [TypeHint] Skipping type opencascade::handle, should contain _
[INFO ]  Class: Geom_Geometry
[INFO ]      Class Geom_Geometry is abstract, using %nodefaultctor.
[INFO ]  Class: Geom_Transformation
[INFO ]      [TypeHint] More than 1 constructor, @overload decorator needed.
[WARNI]      [TypeHint] Skipping type double &, should contain _
[INFO ]  Class: Geom_AxisPlacement
[INFO ]      Class Geom_AxisPlacement is abstract, using %nodefaultctor.
[INFO ]  Class: Geom_Curve
[INFO ]      Class Geom_Curve is abstract, using %nodefaultctor.
[INFO ]      Wrap nested class Geom_Curve::ResD1
[INFO ]      Wrap nested class Geom_Curve::ResD2
[INFO ]      Wrap nested class Geom_Curve::ResD3
[WARNI]      [TypeHint] Skip type Geom_Curve::ResD1, because of trailing :
[WARNI]      [TypeHint] Skip type Geom_Curve::ResD2, because of trailing :
[WARNI]      [TypeHint] Skip type Geom_Curve::ResD3, because of trailing :
[WARNI]      [TypeHint] Skipping type virtual double, should contain _
[WARNI]      [TypeHint] Skipping type virtual double, should contain _
[WARNI]      [TypeHint] Skipping type virtual double, should contain _
[WARNI]      [TypeHint] Skipping type virtual double, should contain _
[WARNI]      [TypeHint] Skipping type virtual double, should contain _
[WARNI]      [TypeHint] Skipping type virtual double, should contain _
[INFO ]  Class: Geom_Point
[INFO ]      Class Geom_Point is abstract, using %nodefaultctor.
[WARNI]      [TypeHint] Skipping type double &, should contain _
[WARNI]      [TypeHint] Skipping type virtual double, should contain _
[WARNI]      [TypeHint] Skipping type virtual double, should contain _
[WARNI]      [TypeHint] Skipping type virtual double, should contain _
[INFO ]  Class: Geom_Surface
[INFO ]      Class Geom_Surface is abstract, using %nodefaultctor.
[INFO ]      Wrap nested class Geom_Surface::ResD1
[INFO ]      Wrap nested class Geom_Surface::ResD2
[INFO ]      Wrap nested class Geom_Surface::ResD3
[WARNI]      [TypeHint] Skipping type double &, should contain _
[WARNI]      [TypeHint] Skip type Geom_Surface::ResD1, because of trailing :
[WARNI]      [TypeHint] Skip type Geom_Surface::ResD2, because of trailing :
[WARNI]      [TypeHint] Skip type Geom_Surface::ResD3, because of trailing :
[WARNI]      [TypeHint] Skipping type double &, should contain _
[WARNI]      [TypeHint] Skipping type virtual double, should contain _
[WARNI]      [TypeHint] Skipping type virtual double, should contain _
[WARNI]      [TypeHint] Skipping type virtual double, should contain _
[WARNI]      [TypeHint] Skipping type virtual double, should contain _
[INFO ]  Class: Geom_Vector
[INFO ]      Class Geom_Vector is abstract, using %nodefaultctor.
[WARNI]      [TypeHint] Skipping type double &, should contain _
[WARNI]      [TypeHint] Skipping type virtual double, should contain _
[WARNI]      [TypeHint] Skipping type virtual double, should contain _
[INFO ]  Class: Geom_Axis1Placement
[INFO ]      [TypeHint] More than 1 constructor, @overload decorator needed.
[INFO ]  Class: Geom_Axis2Placement
[INFO ]      [TypeHint] More than 1 constructor, @overload decorator needed.
[INFO ]  Class: Geom_BoundedCurve
[INFO ]      Class Geom_BoundedCurve is abstract, using %nodefaultctor.
[INFO ]  Class: Geom_BoundedSurface
[INFO ]  Class: Geom_CartesianPoint
[INFO ]      [TypeHint] More than 1 constructor, @overload decorator needed.
[WARNI]      [TypeHint] Skipping type double &, should contain _
[INFO ]  Class: Geom_Conic
[INFO ]      Class Geom_Conic is abstract, using %nodefaultctor.
[WARNI]      [TypeHint] Skipping type virtual double, should contain _
[INFO ]  Class: Geom_Direction
[INFO ]      [TypeHint] More than 1 constructor, @overload decorator needed.
[INFO ]  Class: Geom_ElementarySurface
[INFO ]      Class Geom_ElementarySurface is abstract, using %nodefaultctor.
[INFO ]  Class: Geom_Line
[INFO ]      [TypeHint] More than 1 constructor, @overload decorator needed.
[WARNI]      [TypeHint] Skip type Geom_Curve::ResD1, because of trailing :
[WARNI]      [TypeHint] Skip type Geom_Curve::ResD2, because of trailing :
[WARNI]      [TypeHint] Skip type Geom_Curve::ResD3, because of trailing :
[INFO ]  Class: Geom_OffsetCurve
[INFO ]      [TypeHint] More than 1 constructor, @overload decorator needed.
[WARNI]      [TypeHint] Skip type Geom_Curve::ResD1, because of trailing :
[WARNI]      [TypeHint] Skip type Geom_Curve::ResD2, because of trailing :
[WARNI]      [TypeHint] Skip type Geom_Curve::ResD3, because of trailing :
[WARNI]      [TypeHint] Skip type GeomEval_RepCurveDesc::Base, because of trailing :
[WARNI]      [TypeHint] Skip type GeomEval_RepCurveDesc::Base, because of trailing :
[INFO ]  Class: Geom_OffsetSurface
[INFO ]      [TypeHint] More than 1 constructor, @overload decorator needed.
[WARNI]      [TypeHint] Skipping type double &, should contain _
[WARNI]      [TypeHint] Skip type Geom_Surface::ResD1, because of trailing :
[WARNI]      [TypeHint] Skip type Geom_Surface::ResD2, because of trailing :
[WARNI]      [TypeHint] Skip type Geom_Surface::ResD3, because of trailing :
[WARNI]      [TypeHint] Skip type GeomEval_RepSurfaceDesc::Base, because of trailing :
[WARNI]      [TypeHint] Skip type GeomEval_RepSurfaceDesc::Base, because of trailing :
[WARNI]      [TypeHint] Skipping type double &, should contain _
[INFO ]  Class: Geom_SweptSurface
[INFO ]  Class: Geom_VectorWithMagnitude
[INFO ]      [TypeHint] More than 1 constructor, @overload decorator needed.
[INFO ]  Class: Geom_BSplineCurve
[INFO ]      [TypeHint] More than 1 constructor, @overload decorator needed.
[WARNI]      [TypeHint] Skip type Geom_Curve::ResD1, because of trailing :
[WARNI]      [TypeHint] Skip type Geom_Curve::ResD2, because of trailing :
[WARNI]      [TypeHint] Skip type Geom_Curve::ResD3, because of trailing :
[WARNI]      [TypeHint] Skip type GeomEval_RepCurveDesc::Base, because of trailing :
[WARNI]      [TypeHint] Skipping type int &, should contain _
[WARNI]      [TypeHint] Skipping type int &, should contain _
[WARNI]      [TypeHint] Skipping type int &, should contain _
[WARNI]      [TypeHint] Skipping type double &, should contain _
[WARNI]      [TypeHint] Skipping type double &, should contain _
[WARNI]      [TypeHint] Skip type GeomEval_RepCurveDesc::Base, because of trailing :
[INFO ]  Class: Geom_BSplineSurface
[INFO ]      [TypeHint] More than 1 constructor, @overload decorator needed.
[WARNI]      [TypeHint] Skipping type double &, should contain _
[WARNI]      [TypeHint] Skip type Geom_Surface::ResD1, because of trailing :
[WARNI]      [TypeHint] Skip type Geom_Surface::ResD2, because of trailing :
[WARNI]      [TypeHint] Skip type Geom_Surface::ResD3, because of trailing :
[WARNI]      [TypeHint] Skip type GeomEval_RepSurfaceDesc::Base, because of trailing :
[WARNI]      [TypeHint] Skipping type int &, should contain _
[WARNI]      [TypeHint] Skipping type int &, should contain _
[WARNI]      [TypeHint] Skipping type int &, should contain _
[WARNI]      [TypeHint] Skipping type double &, should contain _
[WARNI]      [TypeHint] Skipping type double &, should contain _
[WARNI]      [TypeHint] Skip type GeomEval_RepSurfaceDesc::Base, because of trailing :
[INFO ]  Class: Geom_BezierCurve
[INFO ]      [TypeHint] More than 1 constructor, @overload decorator needed.
[WARNI]      [TypeHint] Skip type Geom_Curve::ResD1, because of trailing :
[WARNI]      [TypeHint] Skip type Geom_Curve::ResD2, because of trailing :
[WARNI]      [TypeHint] Skip type Geom_Curve::ResD3, because of trailing :
[WARNI]      [TypeHint] Skip type GeomEval_RepCurveDesc::Base, because of trailing :
[WARNI]      [TypeHint] Skipping type double &, should contain _
[WARNI]      [TypeHint] Skip type GeomEval_RepCurveDesc::Base, because of trailing :
[INFO ]  Class: Geom_BezierSurface
[INFO ]      [TypeHint] More than 1 constructor, @overload decorator needed.
[WARNI]      [TypeHint] Skipping type double &, should contain _
[WARNI]      [TypeHint] Skip type Geom_Surface::ResD1, because of trailing :
[WARNI]      [TypeHint] Skip type Geom_Surface::ResD2, because of trailing :
[WARNI]      [TypeHint] Skip type Geom_Surface::ResD3, because of trailing :
[WARNI]      [TypeHint] Skip type GeomEval_RepSurfaceDesc::Base, because of trailing :
[WARNI]      [TypeHint] Skipping type double &, should contain _
[WARNI]      [TypeHint] Skip type GeomEval_RepSurfaceDesc::Base, because of trailing :
[INFO ]  Class: Geom_Circle
[INFO ]      [TypeHint] More than 1 constructor, @overload decorator needed.
[WARNI]      [TypeHint] Skip type Geom_Curve::ResD1, because of trailing :
[WARNI]      [TypeHint] Skip type Geom_Curve::ResD2, because of trailing :
[WARNI]      [TypeHint] Skip type Geom_Curve::ResD3, because of trailing :
[INFO ]  Class: Geom_ConicalSurface
[INFO ]      [TypeHint] More than 1 constructor, @overload decorator needed.
[WARNI]      [TypeHint] Skipping type double &, should contain _
[WARNI]      [TypeHint] Skipping type double &, should contain _
[WARNI]      [TypeHint] Skip type Geom_Surface::ResD1, because of trailing :
[WARNI]      [TypeHint] Skip type Geom_Surface::ResD2, because of trailing :
[WARNI]      [TypeHint] Skip type Geom_Surface::ResD3, because of trailing :
[WARNI]      [TypeHint] Skipping type double &, should contain _
[INFO ]  Class: Geom_CylindricalSurface
[INFO ]      [TypeHint] More than 1 constructor, @overload decorator needed.
[WARNI]      [TypeHint] Skipping type double &, should contain _
[WARNI]      [TypeHint] Skipping type double &, should contain _
[WARNI]      [TypeHint] Skip type Geom_Surface::ResD1, because of trailing :
[WARNI]      [TypeHint] Skip type Geom_Surface::ResD2, because of trailing :
[WARNI]      [TypeHint] Skip type Geom_Surface::ResD3, because of trailing :
[WARNI]      [TypeHint] Skipping type double &, should contain _
[INFO ]  Class: Geom_Ellipse
[INFO ]      [TypeHint] More than 1 constructor, @overload decorator needed.
[WARNI]      [TypeHint] Skip type Geom_Curve::ResD1, because of trailing :
[WARNI]      [TypeHint] Skip type Geom_Curve::ResD2, because of trailing :
[WARNI]      [TypeHint] Skip type Geom_Curve::ResD3, because of trailing :
[INFO ]  Class: Geom_Hyperbola
[INFO ]      [TypeHint] More than 1 constructor, @overload decorator needed.
[WARNI]      [TypeHint] Skip type Geom_Curve::ResD1, because of trailing :
[WARNI]      [TypeHint] Skip type Geom_Curve::ResD2, because of trailing :
[WARNI]      [TypeHint] Skip type Geom_Curve::ResD3, because of trailing :
[INFO ]  Class: Geom_Parabola
[INFO ]      [TypeHint] More than 1 constructor, @overload decorator needed.
[WARNI]      [TypeHint] Skip type Geom_Curve::ResD1, because of trailing :
[WARNI]      [TypeHint] Skip type Geom_Curve::ResD2, because of trailing :
[WARNI]      [TypeHint] Skip type Geom_Curve::ResD3, because of trailing :
[INFO ]  Class: Geom_Plane
[INFO ]      [TypeHint] More than 1 constructor, @overload decorator needed.
[WARNI]      [TypeHint] Skipping type double &, should contain _
[WARNI]      [TypeHint] Skipping type double &, should contain _
[WARNI]      [TypeHint] Skip type Geom_Surface::ResD1, because of trailing :
[WARNI]      [TypeHint] Skip type Geom_Surface::ResD2, because of trailing :
[WARNI]      [TypeHint] Skip type Geom_Surface::ResD3, because of trailing :
[WARNI]      [TypeHint] Skipping type double &, should contain _
[INFO ]  Class: Geom_RectangularTrimmedSurface
[INFO ]      [TypeHint] More than 1 constructor, @overload decorator needed.
[WARNI]      [TypeHint] Skipping type double &, should contain _
[WARNI]      [TypeHint] Skip type Geom_Surface::ResD1, because of trailing :
[WARNI]      [TypeHint] Skip type Geom_Surface::ResD2, because of trailing :
[WARNI]      [TypeHint] Skip type Geom_Surface::ResD3, because of trailing :
[WARNI]      [TypeHint] Skipping type double &, should contain _
[INFO ]  Class: Geom_SphericalSurface
[INFO ]      [TypeHint] More than 1 constructor, @overload decorator needed.
[WARNI]      [TypeHint] Skipping type double &, should contain _
[WARNI]      [TypeHint] Skipping type double &, should contain _
[WARNI]      [TypeHint] Skip type Geom_Surface::ResD1, because of trailing :
[WARNI]      [TypeHint] Skip type Geom_Surface::ResD2, because of trailing :
[WARNI]      [TypeHint] Skip type Geom_Surface::ResD3, because of trailing :
[INFO ]  Class: Geom_SurfaceOfLinearExtrusion
[WARNI]      [TypeHint] Skipping type double &, should contain _
[WARNI]      [TypeHint] Skip type Geom_Surface::ResD1, because of trailing :
[WARNI]      [TypeHint] Skip type Geom_Surface::ResD2, because of trailing :
[WARNI]      [TypeHint] Skip type Geom_Surface::ResD3, because of trailing :
[WARNI]      [TypeHint] Skip type GeomEval_RepSurfaceDesc::Base, because of trailing :
[WARNI]      [TypeHint] Skip type GeomEval_RepSurfaceDesc::Base, because of trailing :
[WARNI]      [TypeHint] Skipping type double &, should contain _
[INFO ]  Class: Geom_SurfaceOfRevolution
[WARNI]      [TypeHint] Skipping type double &, should contain _
[WARNI]      [TypeHint] Skip type Geom_Surface::ResD1, because of trailing :
[WARNI]      [TypeHint] Skip type Geom_Surface::ResD2, because of trailing :
[WARNI]      [TypeHint] Skip type Geom_Surface::ResD3, because of trailing :
[WARNI]      [TypeHint] Skip type GeomEval_RepSurfaceDesc::Base, because of trailing :
[WARNI]      [TypeHint] Skip type GeomEval_RepSurfaceDesc::Base, because of trailing :
[WARNI]      [TypeHint] Skipping type double &, should contain _
[INFO ]  Class: Geom_ToroidalSurface
[INFO ]      [TypeHint] More than 1 constructor, @overload decorator needed.
[WARNI]      [TypeHint] Skipping type double &, should contain _
[WARNI]      [TypeHint] Skip type Geom_Surface::ResD1, because of trailing :
[WARNI]      [TypeHint] Skip type Geom_Surface::ResD2, because of trailing :
[WARNI]      [TypeHint] Skip type Geom_Surface::ResD3, because of trailing :
[INFO ]  Class: Geom_TrimmedCurve
[WARNI]      [TypeHint] Skip type Geom_Curve::ResD1, because of trailing :
[WARNI]      [TypeHint] Skip type Geom_Curve::ResD2, because of trailing :
[WARNI]      [TypeHint] Skip type Geom_Curve::ResD3, because of trailing :
[INFO ]  ## Processing module GeomAdaptor
[INFO ]  Class: GeomAdaptor
[INFO ]  Class: GeomAdaptor_Curve
[INFO ]      Wrap nested class GeomAdaptor_Curve::OffsetData
[INFO ]      Wrap nested class GeomAdaptor_Curve::BezierData
[INFO ]      Wrap nested class GeomAdaptor_Curve::BSplineData
[INFO ]      [TypeHint] More than 1 constructor, @overload decorator needed.
[WARNI]      [TypeHint] Skip type Geom_Curve::ResD1, because of trailing :
[WARNI]      [TypeHint] Skip type Geom_Curve::ResD2, because of trailing :
[WARNI]      [TypeHint] Skip type Geom_Curve::ResD3, because of trailing :
[INFO ]  Class: GeomAdaptor_Surface
[INFO ]      Wrap nested class GeomAdaptor_Surface::ExtrusionData
[INFO ]      Wrap nested class GeomAdaptor_Surface::RevolutionData
[INFO ]      Wrap nested class GeomAdaptor_Surface::OffsetData
[INFO ]      Wrap nested class GeomAdaptor_Surface::BezierData
[INFO ]      Wrap nested class GeomAdaptor_Surface::BSplineData
[INFO ]      [TypeHint] More than 1 constructor, @overload decorator needed.
[WARNI]      [TypeHint] Skipping type double &, should contain _
[WARNI]      [TypeHint] Skip type Geom_Surface::ResD1, because of trailing :
[WARNI]      [TypeHint] Skip type Geom_Surface::ResD2, because of trailing :
[WARNI]      [TypeHint] Skip type Geom_Surface::ResD3, because of trailing :
[INFO ]  Class: GeomAdaptor_TransformedCurve
[INFO ]      [TypeHint] More than 1 constructor, @overload decorator needed.
[WARNI]  const GeomAdaptor_Curve & wrapped as a copy
[WARNI]  const GeomAdaptor_Curve & wrapped as a copy
[WARNI]  const Adaptor3d_CurveOnSurface & wrapped as a copy
[WARNI]  const Adaptor3d_CurveOnSurface & wrapped as a copy
[WARNI]      [TypeHint] Skip type Geom_Curve::ResD1, because of trailing :
[WARNI]      [TypeHint] Skip type Geom_Curve::ResD2, because of trailing :
[WARNI]      [TypeHint] Skip type Geom_Curve::ResD3, because of trailing :
[INFO ]  Class: GeomAdaptor_TransformedSurface
[INFO ]      [TypeHint] More than 1 constructor, @overload decorator needed.
[WARNI]  const GeomAdaptor_Surface & wrapped as a copy
[WARNI]  const GeomAdaptor_Surface & wrapped as a copy
[WARNI]  const GeomAdaptor_Surface & wrapped as a copy
[WARNI]  const GeomAdaptor_Surface & wrapped as a copy
[WARNI]      [TypeHint] Skip type Geom_Surface::ResD1, because of trailing :
[WARNI]      [TypeHint] Skip type Geom_Surface::ResD2, because of trailing :
[WARNI]      [TypeHint] Skip type Geom_Surface::ResD3, because of trailing :
[WARNI]  const GeomAdaptor_Surface & wrapped as a copy
[WARNI]  const GeomAdaptor_Surface & wrapped as a copy
[INFO ]  Class: GeomAdaptor_SurfaceOfLinearExtrusion
[INFO ]      [TypeHint] More than 1 constructor, @overload decorator needed.
[INFO ]  Class: GeomAdaptor_SurfaceOfRevolution
[INFO ]      [TypeHint] More than 1 constructor, @overload decorator needed.
[INFO ]  ## Processing module GeomEvaluator
[WARNI]  No file for module GeomEvaluator. Please check that the module name is part of occt.
[INFO ]  ## Processing module GeomLProp
[INFO ]  Class: GeomLProp
[INFO ]  Class: GeomLProp_CurAndInf2d
[INFO ]      ToolAccess skipped because it is a class template
[INFO ]  ## Processing module LProp3d
[WARNI]  No file for module LProp3d. Please check that the module name is part of occt.
[INFO ]  ## Processing module TColGeom
[WARNI]      [TypeHint] Skipping type opencascade::handle, should contain _
[WARNI]      [TypeHint] Skipping type opencascade::handle, should contain _
[WARNI]      [TypeHint] Skipping type opencascade::handle, should contain _
[WARNI]      [TypeHint] Skipping type opencascade::handle, should contain _
[WARNI]      [TypeHint] Skipping type opencascade::handle, should contain _
[WARNI]      [TypeHint] Skipping type opencascade::handle, should contain _
[WARNI]      [TypeHint] Skipping type opencascade::handle, should contain _
[WARNI]      [TypeHint] Skipping type opencascade::handle, should contain _
[WARNI]      [TypeHint] Skipping type opencascade::handle, should contain _
[WARNI]      [TypeHint] Skipping type opencascade::handle, should contain _
[WARNI]      [TypeHint] Skipping type opencascade::handle, should contain _
[WARNI]      [TypeHint] Skipping type opencascade::handle, should contain _
[WARNI]      [TypeHint] Skipping type opencascade::handle, should contain _
[WARNI]      [TypeHint] Skipping type opencascade::handle, should contain _
[WARNI]      [TypeHint] Skipping type opencascade::handle, should contain _
[INFO ]  ## Processing module TopAbs
[INFO ]  Enum: TopAbs_Orientation
[INFO ]  Enum: TopAbs_ShapeEnum
[INFO ]  Enum: TopAbs_State
[INFO ]  Class: TopAbs
[INFO ]  Enum passed by reference: TopAbs_Orientation &theOrientation changed to TopAbs_Orientation &OutValue
[INFO ]  Enum passed by reference: TopAbs_Orientation & theOrientation changed to TopAbs_Orientation &OutValue
[INFO ]  Enum passed by reference: TopAbs_Orientation & theOrientation changed to TopAbs_Orientation &OutValue
[INFO ]  Enum passed by reference: TopAbs_ShapeEnum &theType changed to TopAbs_ShapeEnum &OutValue
[INFO ]  Enum passed by reference: TopAbs_ShapeEnum & theType changed to TopAbs_ShapeEnum &OutValue
[INFO ]  Enum passed by reference: TopAbs_ShapeEnum & theType changed to TopAbs_ShapeEnum &OutValue
[INFO ]  Processing toolkit TKGeomBase ===
[INFO ]  ## Processing module AdvApp2Var
[INFO ]  Enum: AdvApp2Var_CriterionRepartition
[INFO ]  Enum: AdvApp2Var_CriterionType
[WARNI]      [TypeHint] Skipping type opencascade::handle, should contain _
[WARNI]      [TypeHint] Skipping type opencascade::handle, should contain _
[WARNI]      [TypeHint] Skipping type opencascade::handle, should contain _
[INFO ]  Class: AdvApp2Var_ApproxAFunc2Var
[INFO ]      [TypeHint] More than 1 constructor, @overload decorator needed.
[INFO ]  Class: AdvApp2Var_ApproxF2var
[WARNI]      [TypeHint] param name missing or '&', skip method type hint
[WARNI]      [TypeHint] param name missing or '&', skip method type hint
[WARNI]      [TypeHint] param name missing or '&', skip method type hint
[WARNI]      [TypeHint] param name missing or '&', skip method type hint
[WARNI]      [TypeHint] param name missing or '&', skip method type hint
[WARNI]      [TypeHint] param name missing or '&', skip method type hint
[WARNI]      [TypeHint] param name missing or '&', skip method type hint
[WARNI]      [TypeHint] param name missing or '&', skip method type hint
[WARNI]      [TypeHint] Skipping type const double *, should contain _
[WARNI]      [TypeHint] param name missing or '&', skip method type hint
[WARNI]      [TypeHint] param name missing or '&', skip method type hint
[WARNI]      [TypeHint] param name missing or '&', skip method type hint
[WARNI]      [TypeHint] param name missing or '&', skip method type hint
[WARNI]      [TypeHint] param name missing or '&', skip method type hint
[WARNI]      [TypeHint] param name missing or '&', skip method type hint
[WARNI]      [TypeHint] Skipping type const double *, should contain _
[WARNI]      [TypeHint] param name missing or '&', skip method type hint
[WARNI]      [TypeHint] param name missing or '&', skip method type hint
[WARNI]      [TypeHint] param name missing or '&', skip method type hint
[WARNI]      [TypeHint] param name missing or '&', skip method type hint
[WARNI]      [TypeHint] param name missing or '&', skip method type hint
[WARNI]      [TypeHint] param name missing or '&', skip method type hint
[WARNI]      [TypeHint] Skipping type const double *, should contain _
[WARNI]      [TypeHint] param name missing or '&', skip method type hint
[WARNI]      [TypeHint] param name missing or '&', skip method type hint
[WARNI]      [TypeHint] param name missing or '&', skip method type hint
[WARNI]      [TypeHint] param name missing or '&', skip method type hint
[WARNI]      [TypeHint] param name missing or '&', skip method type hint
[WARNI]      [TypeHint] param name missing or '&', skip method type hint
[WARNI]      [TypeHint] param name missing or '&', skip method type hint
[WARNI]      [TypeHint] Skipping type const double *, should contain _
[WARNI]      [TypeHint] param name missing or '&', skip method type hint
[WARNI]      [TypeHint] param name missing or '&', skip method type hint
[WARNI]      [TypeHint] param name missing or '&', skip method type hint
[WARNI]      [TypeHint] param name missing or '&', skip method type hint
[WARNI]      [TypeHint] param name missing or '&', skip method type hint
[INFO ]  Class: AdvApp2Var_Context
[INFO ]      [TypeHint] More than 1 constructor, @overload decorator needed.
[INFO ]  Class: AdvApp2Var_Criterion
[INFO ]      Class AdvApp2Var_Criterion is abstract, using %nodefaultctor.
[INFO ]  Class: AdvApp2Var_Framework
[INFO ]      [TypeHint] More than 1 constructor, @overload decorator needed.
[WARNI]      [TypeHint] Skip type NCollection_Sequence<opencascade::handle<AdvApp2Var_Node>>, because of trailing :
[WARNI]      [TypeHint] Skipping type int &, should contain _
[INFO ]  Class: AdvApp2Var_MathBase
[INFO ]      explicitly excluded method AdvApp2Var_MathBase::7833e0075fcecdbd1285f53ca982766b
[WARNI]      [TypeHint] param name missing or '&', skip method type hint
[WARNI]      [TypeHint] param name missing or '&', skip method type hint
[WARNI]      [TypeHint] param name missing or '&', skip method type hint
[WARNI]      [TypeHint] param name missing or '&', skip method type hint
[WARNI]      [TypeHint] param name missing or '&', skip method type hint
[WARNI]      [TypeHint] param name missing or '&', skip method type hint
[WARNI]      [TypeHint] param name missing or '&', skip method type hint
[WARNI]      [TypeHint] param name missing or '&', skip method type hint
[WARNI]      [TypeHint] param name missing or '&', skip method type hint
[WARNI]      [TypeHint] param name missing or '&', skip method type hint
[WARNI]      [TypeHint] param name missing or '&', skip method type hint
[WARNI]      [TypeHint] param name missing or '&', skip method type hint
[WARNI]      [TypeHint] param name missing or '&', skip method type hint
[WARNI]      [TypeHint] param name missing or '&', skip method type hint
[WARNI]      [TypeHint] param name missing or '&', skip method type hint
[WARNI]      [TypeHint] param name missing or '&', skip method type hint
[WARNI]      [TypeHint] param name missing or '&', skip method type hint
[WARNI]      [TypeHint] param name missing or '&', skip method type hint
[WARNI]      [TypeHint] param name missing or '&', skip method type hint
[WARNI]      [TypeHint] param name missing or '&', skip method type hint
[WARNI]      [TypeHint] param name missing or '&', skip method type hint
[WARNI]      [TypeHint] param name missing or '&', skip method type hint
[WARNI]      [TypeHint] param name missing or '&', skip method type hint
[WARNI]      [TypeHint] param name missing or '&', skip method type hint
[WARNI]      [TypeHint] param name missing or '&', skip method type hint
[WARNI]      [TypeHint] param name missing or '&', skip method type hint
[WARNI]      [TypeHint] param name missing or '&', skip method type hint
[WARNI]      [TypeHint] param name missing or '&', skip method type hint
[WARNI]      [TypeHint] Skipping type const double *, should contain _
[WARNI]      [TypeHint] param name missing or '&', skip method type hint
[WARNI]      [TypeHint] param name missing or '&', skip method type hint
[WARNI]      [TypeHint] param name missing or '&', skip method type hint
[WARNI]      [TypeHint] param name missing or '&', skip method type hint
[WARNI]      [TypeHint] param name missing or '&', skip method type hint
[WARNI]      [TypeHint] param name missing or '&', skip method type hint
[WARNI]      [TypeHint] Skipping type static double, should contain _
[WARNI]      [TypeHint] Skipping type static double, should contain _
[WARNI]      [TypeHint] Skipping type static double, should contain _
[INFO ]  Class: AdvApp2Var_Network
[INFO ]      [TypeHint] More than 1 constructor, @overload decorator needed.
[WARNI]      [TypeHint] Skip type NCollection_Sequence<opencascade::handle<AdvApp2Var_Patch>>, because of trailing :
[WARNI]      [TypeHint] Skipping type int &, should contain _
[WARNI]      [TypeHint] Skipping type int &, should contain _
[INFO ]      operand () cannot be wrapped
[INFO ]      operand () cannot be wrapped
[INFO ]  Class: AdvApp2Var_Node
[INFO ]      [TypeHint] More than 1 constructor, @overload decorator needed.
[INFO ]      operand = cannot be wrapped
[INFO ]  Class: AdvApp2Var_Patch
[INFO ]      [TypeHint] More than 1 constructor, @overload decorator needed.
[INFO ]  Class: AdvApp2Var_SysBase
[INFO ]      Wrap nested class AdvApp2Var_SysBase::mitem
[WARNI]      [TypeHint] param name missing or '&', skip method type hint
[WARNI]      [TypeHint] param name missing or '&', skip method type hint
[WARNI]      [TypeHint] Skipping unknown type intptr_t, intptr not in module list
[WARNI]      [TypeHint] Skipping unknown type intptr_t, intptr not in module list
[WARNI]      [TypeHint] Skipping unknown type intptr_t, intptr not in module list
[WARNI]      [TypeHint] Skipping unknown type intptr_t, intptr not in module list
[WARNI]      [TypeHint] Skipping type long, should contain _
[WARNI]      [TypeHint] Skipping unknown type intptr_t, intptr not in module list
[WARNI]      [TypeHint] Skipping unknown type intptr_t, intptr not in module list
[WARNI]      [TypeHint] Skipping type long, should contain _
[WARNI]      [TypeHint] Skipping type long, should contain _
[WARNI]      [TypeHint] Skipping type long, should contain _
[INFO ]  ## Processing module AppCont
[INFO ]  Class: AppCont_Function
[INFO ]      Class AppCont_Function is abstract, using %nodefaultctor.
[INFO ]      Constructor skipped for abstract class AppCont_Function
[WARNI]      [TypeHint] Skipping type virtual double, should contain _
[WARNI]      [TypeHint] Skipping type int &, should contain _
[WARNI]      [TypeHint] Skipping type virtual double, should contain _
[WARNI]      [TypeHint] param name missing or '&', skip method type hint
[WARNI]      [TypeHint] Skipping type double &, should contain _
[INFO ]  Class: AppCont_LeastSquare
[WARNI]      [TypeHint] Skipping type double &, should contain _
[WARNI]  const AppParCurves_MultiCurve & wrapped as a copy
[WARNI]  const AppParCurves_MultiCurve & wrapped as a copy
[INFO ]  ## Processing module AppDef
[INFO ]  Class: AppDef_BSpGradient_BFGSOfMyBSplGradientOfBSplineCompute
[INFO ]  Class: AppDef_BSpParFunctionOfMyBSplGradientOfBSplineCompute
[WARNI]      [TypeHint] Skipping type NCollection_HArray1<AppParCurves_ConstraintCouple, seems to be a template
[WARNI]      [TypeHint] Skipping type NCollection_HArray1<AppParCurves_ConstraintCouple, seems to be a template
[WARNI]      [TypeHint] Skipping type NCollection_HArray1<AppParCurves_ConstraintCouple, seems to be a template
[WARNI]      [TypeHint] Skipping type double &, should contain _
[WARNI]      [TypeHint] Skipping type double &, should contain _
[INFO ]  Class: AppDef_BSpParLeastSquareOfMyBSplGradientOfBSplineCompute
[INFO ]      [TypeHint] More than 1 constructor, @overload decorator needed.
[WARNI]  const AppParCurves_MultiBSpCurve & wrapped as a copy
[WARNI]  const AppParCurves_MultiBSpCurve & wrapped as a copy
[WARNI]      [TypeHint] Skipping type double &, should contain _
[WARNI]      [TypeHint] Skipping type double &, should contain _
[INFO ]  Class: AppDef_BSplineCompute
[INFO ]      [TypeHint] More than 1 constructor, @overload decorator needed.
[WARNI]      [TypeHint] Skipping type double &, should contain _
[WARNI]  const AppParCurves_MultiBSpCurve & wrapped as a copy
[WARNI]  const AppParCurves_MultiBSpCurve & wrapped as a copy
[INFO ]  Class: AppDef_Compute
[INFO ]      [TypeHint] More than 1 constructor, @overload decorator needed.
[WARNI]      [TypeHint] Skipping type double &, should contain _
[WARNI]  const AppParCurves_MultiBSpCurve & wrapped as a copy
[WARNI]  const AppParCurves_MultiBSpCurve & wrapped as a copy
[WARNI]  const AppParCurves_MultiCurve & wrapped as a copy
[WARNI]  const AppParCurves_MultiCurve & wrapped as a copy
[INFO ]  Class: AppDef_Gradient_BFGSOfMyGradientOfCompute
[INFO ]  Class: AppDef_Gradient_BFGSOfMyGradientbisOfBSplineCompute
[INFO ]  Class: AppDef_Gradient_BFGSOfTheGradient
[INFO ]  Class: AppDef_MultiLine
[INFO ]      explicitly excluded method AppDef_MultiLine::17b39904247f683e6051012d2dbf3f90
[INFO ]      [TypeHint] More than 1 constructor, @overload decorator needed.
[WARNI]      [TypeHint] Skipping type NCollection_Array1<AppDef_MultiPointConstraint>, seems to be a template
[INFO ]  Class: AppDef_MultiPointConstraint
[INFO ]      [TypeHint] More than 1 constructor, @overload decorator needed.
[INFO ]  Class: AppDef_MyBSplGradientOfBSplineCompute
[INFO ]      [TypeHint] More than 1 constructor, @overload decorator needed.
[WARNI]      [TypeHint] Skipping type NCollection_HArray1<AppParCurves_ConstraintCouple, seems to be a template
[WARNI]      [TypeHint] Skipping type NCollection_HArray1<AppParCurves_ConstraintCouple, seems to be a template
[INFO ]  Class: AppDef_MyGradientOfCompute
[WARNI]      [TypeHint] Skipping type NCollection_HArray1<AppParCurves_ConstraintCouple, seems to be a template
[INFO ]  Class: AppDef_MyGradientbisOfBSplineCompute
[WARNI]      [TypeHint] Skipping type NCollection_HArray1<AppParCurves_ConstraintCouple, seems to be a template
[INFO ]  Class: AppDef_MyLineTool
[INFO ]  Class: AppDef_ParFunctionOfMyGradientOfCompute
[WARNI]      [TypeHint] Skipping type NCollection_HArray1<AppParCurves_ConstraintCouple, seems to be a template
[WARNI]  const AppParCurves_MultiCurve & wrapped as a copy
[WARNI]  const AppParCurves_MultiCurve & wrapped as a copy
[WARNI]      [TypeHint] Skipping type NCollection_HArray1<AppParCurves_ConstraintCouple, seems to be a template
[WARNI]      [TypeHint] Skipping type NCollection_HArray1<AppParCurves_ConstraintCouple, seems to be a template
[WARNI]      [TypeHint] Skipping type double &, should contain _
[WARNI]      [TypeHint] Skipping type double &, should contain _
[INFO ]  Class: AppDef_ParFunctionOfMyGradientbisOfBSplineCompute
[WARNI]      [TypeHint] Skipping type NCollection_HArray1<AppParCurves_ConstraintCouple, seems to be a template
[WARNI]  const AppParCurves_MultiCurve & wrapped as a copy
[WARNI]  const AppParCurves_MultiCurve & wrapped as a copy
[WARNI]      [TypeHint] Skipping type NCollection_HArray1<AppParCurves_ConstraintCouple, seems to be a template
[WARNI]      [TypeHint] Skipping type NCollection_HArray1<AppParCurves_ConstraintCouple, seems to be a template
[WARNI]      [TypeHint] Skipping type double &, should contain _
[WARNI]      [TypeHint] Skipping type double &, should contain _
[INFO ]  Class: AppDef_ParFunctionOfTheGradient
[WARNI]      [TypeHint] Skipping type NCollection_HArray1<AppParCurves_ConstraintCouple, seems to be a template
[WARNI]  const AppParCurves_MultiCurve & wrapped as a copy
[WARNI]  const AppParCurves_MultiCurve & wrapped as a copy
[WARNI]      [TypeHint] Skipping type NCollection_HArray1<AppParCurves_ConstraintCouple, seems to be a template
[WARNI]      [TypeHint] Skipping type NCollection_HArray1<AppParCurves_ConstraintCouple, seems to be a template
[WARNI]      [TypeHint] Skipping type double &, should contain _
[WARNI]      [TypeHint] Skipping type double &, should contain _
[INFO ]  Class: AppDef_ParLeastSquareOfMyGradientOfCompute
[INFO ]      [TypeHint] More than 1 constructor, @overload decorator needed.
[WARNI]  const AppParCurves_MultiBSpCurve & wrapped as a copy
[WARNI]  const AppParCurves_MultiBSpCurve & wrapped as a copy
[WARNI]      [TypeHint] Skipping type double &, should contain _
[WARNI]      [TypeHint] Skipping type double &, should contain _
[INFO ]  Class: AppDef_ParLeastSquareOfMyGradientbisOfBSplineCompute
[INFO ]      [TypeHint] More than 1 constructor, @overload decorator needed.
[WARNI]  const AppParCurves_MultiBSpCurve & wrapped as a copy
[WARNI]  const AppParCurves_MultiBSpCurve & wrapped as a copy
[WARNI]      [TypeHint] Skipping type double &, should contain _
[WARNI]      [TypeHint] Skipping type double &, should contain _
[INFO ]  Class: AppDef_ParLeastSquareOfTheGradient
[INFO ]      [TypeHint] More than 1 constructor, @overload decorator needed.
[WARNI]  const AppParCurves_MultiBSpCurve & wrapped as a copy
[WARNI]  const AppParCurves_MultiBSpCurve & wrapped as a copy
[WARNI]      [TypeHint] Skipping type double &, should contain _
[WARNI]      [TypeHint] Skipping type double &, should contain _
[INFO ]  Class: AppDef_ResConstraintOfMyGradientOfCompute
[INFO ]      explicitly excluded method AppDef_ResConstraintOfMyGradientOfCompute::f3b3a49fc8d62bae999fa8e058cfd9e1
[WARNI]      [TypeHint] Skipping type NCollection_HArray1<AppParCurves_ConstraintCouple, seems to be a template
[INFO ]  Class: AppDef_ResConstraintOfMyGradientbisOfBSplineCompute
[INFO ]      explicitly excluded method AppDef_ResConstraintOfMyGradientbisOfBSplineCompute::f3b3a49fc8d62bae999fa8e058cfd9e1
[WARNI]      [TypeHint] Skipping type NCollection_HArray1<AppParCurves_ConstraintCouple, seems to be a template
[INFO ]  Class: AppDef_ResConstraintOfTheGradient
[INFO ]      explicitly excluded method AppDef_ResConstraintOfTheGradient::f3b3a49fc8d62bae999fa8e058cfd9e1
[WARNI]      [TypeHint] Skipping type NCollection_HArray1<AppParCurves_ConstraintCouple, seems to be a template
[INFO ]  Class: AppDef_SmoothCriterion
[INFO ]      Class AppDef_SmoothCriterion is abstract, using %nodefaultctor.
[WARNI]      [TypeHint] Skip type NCollection_HArray2<opencascade::handle<TColStd_HArray1OfInteger, because of trailing :
[WARNI]      [TypeHint] Skipping type double &, should contain _
[WARNI]      [TypeHint] Skipping type virtual double &, should contain _
[WARNI]      [TypeHint] Skipping type double &, should contain _
[WARNI]      [TypeHint] Skipping type double &, should contain _
[WARNI]      [TypeHint] Skip type NCollection_HArray2<opencascade::handle<TColStd_HArray1OfInteger, because of trailing :
[WARNI]      [TypeHint] Skipping type double &, should contain _
[INFO ]  Class: AppDef_TheFunction
[WARNI]      [TypeHint] Skipping type NCollection_HArray1<AppParCurves_ConstraintCouple, seems to be a template
[WARNI]  const AppParCurves_MultiCurve & wrapped as a copy
[WARNI]  const AppParCurves_MultiCurve & wrapped as a copy
[WARNI]      [TypeHint] Skipping type NCollection_HArray1<AppParCurves_ConstraintCouple, seems to be a template
[WARNI]      [TypeHint] Skipping type NCollection_HArray1<AppParCurves_ConstraintCouple, seems to be a template
[WARNI]      [TypeHint] Skipping type double &, should contain _
[WARNI]      [TypeHint] Skipping type double &, should contain _
[INFO ]  Class: AppDef_TheGradient
[WARNI]      [TypeHint] Skipping type NCollection_HArray1<AppParCurves_ConstraintCouple, seems to be a template
[INFO ]  Class: AppDef_TheLeastSquares
[INFO ]      [TypeHint] More than 1 constructor, @overload decorator needed.
[WARNI]  const AppParCurves_MultiBSpCurve & wrapped as a copy
[WARNI]  const AppParCurves_MultiBSpCurve & wrapped as a copy
[WARNI]      [TypeHint] Skipping type double &, should contain _
[WARNI]      [TypeHint] Skipping type double &, should contain _
[INFO ]  Class: AppDef_TheResol
[INFO ]      explicitly excluded method AppDef_TheResol::f3b3a49fc8d62bae999fa8e058cfd9e1
[WARNI]      [TypeHint] Skipping type NCollection_HArray1<AppParCurves_ConstraintCouple, seems to be a template
[INFO ]  Class: AppDef_Variational
[WARNI]      [TypeHint] Skipping type NCollection_HArray1<AppParCurves_ConstraintCouple, seems to be a template
[WARNI]      [TypeHint] Skipping type double &, should contain _
[WARNI]      [TypeHint] Skipping type double &, should contain _
[WARNI]      [TypeHint] Skipping type NCollection_HArray1<AppParCurves_ConstraintCouple, seems to be a template
[INFO ]  Class: AppDef_LinearCriteria
[WARNI]      [TypeHint] Skip type NCollection_HArray2<opencascade::handle<TColStd_HArray1OfInteger, because of trailing :
[WARNI]      [TypeHint] Skipping type double &, should contain _
[WARNI]      [TypeHint] Skipping type double &, should contain _
[WARNI]      [TypeHint] Skipping type double &, should contain _
[WARNI]      [TypeHint] Skipping type double &, should contain _
[WARNI]      [TypeHint] Skip type NCollection_HArray2<opencascade::handle<TColStd_HArray1OfInteger, because of trailing :
[WARNI]      [TypeHint] Skipping type double &, should contain _
[INFO ]  ## Processing module AppParCurves
[INFO ]  Enum: AppParCurves_Constraint
[INFO ]  Class: AppParCurves
[INFO ]  Class: AppParCurves_ConstraintCouple
[INFO ]      [TypeHint] More than 1 constructor, @overload decorator needed.
[INFO ]  Class: AppParCurves_MultiCurve
[INFO ]      [TypeHint] More than 1 constructor, @overload decorator needed.
[WARNI]      [TypeHint] Skipping type NCollection_Array1<AppParCurves_MultiPoint>, seems to be a template
[WARNI]  const AppParCurves_MultiPoint & wrapped as a copy
[WARNI]  const AppParCurves_MultiPoint & wrapped as a copy
[INFO ]  Class: AppParCurves_MultiPoint
[INFO ]      [TypeHint] More than 1 constructor, @overload decorator needed.
[INFO ]  Class: AppParCurves_MultiBSpCurve
[INFO ]      [TypeHint] More than 1 constructor, @overload decorator needed.
[WARNI]      [TypeHint] Skipping type NCollection_Array1<AppParCurves_MultiPoint>, seems to be a template
[INFO ]  ## Processing module Approx
[INFO ]  Enum: Approx_ParametrizationType
[INFO ]  Enum: Approx_Status
[WARNI]      [TypeHint] Skipping type opencascade::handle, should contain _
[WARNI]      [TypeHint] Skipping type opencascade::handle, should contain _
[WARNI]      [TypeHint] Skipping type opencascade::handle, should contain _
[INFO ]  Class: Approx_BSplineApproxInterp
[INFO ]  Class: Approx_Curve2d
[INFO ]  Class: Approx_Curve3d
[INFO ]  Class: Approx_CurveOnSurface
[INFO ]      [TypeHint] More than 1 constructor, @overload decorator needed.
[INFO ]  Class: Approx_CurvilinearParameter
[INFO ]      [TypeHint] More than 1 constructor, @overload decorator needed.
[INFO ]  Class: Approx_CurvlinFunc
[INFO ]      [TypeHint] More than 1 constructor, @overload decorator needed.
[INFO ]  Class: Approx_FitAndDivide
[INFO ]      [TypeHint] More than 1 constructor, @overload decorator needed.
[WARNI]      [TypeHint] Skipping type double &, should contain _
[WARNI]      [TypeHint] Skipping type double &, should contain _
[INFO ]  Class: Approx_FitAndDivide2d
[INFO ]      [TypeHint] More than 1 constructor, @overload decorator needed.
[WARNI]      [TypeHint] Skipping type double &, should contain _
[WARNI]      [TypeHint] Skipping type double &, should contain _
[INFO ]  Class: Approx_MCurvesToBSpCurve
[WARNI]  const AppParCurves_MultiBSpCurve & wrapped as a copy
[WARNI]  const AppParCurves_MultiBSpCurve & wrapped as a copy
[WARNI]      [TypeHint] Skipping type NCollection_Sequence<AppParCurves_MultiCurve>, seems to be a template
[WARNI]  const AppParCurves_MultiBSpCurve & wrapped as a copy
[WARNI]  const AppParCurves_MultiBSpCurve & wrapped as a copy
[INFO ]  Class: Approx_SameParameter
[INFO ]      Wrap nested class Approx_SameParameter::Approx_SameParameter_Data
[INFO ]      [TypeHint] More than 1 constructor, @overload decorator needed.
[INFO ]  Class: Approx_SweepApproximation
[WARNI]      [TypeHint] Skipping type int &, should contain _
[WARNI]      [TypeHint] Skipping type double &, should contain _
[WARNI]      [TypeHint] Skipping type int &, should contain _
[INFO ]  Class: Approx_SweepFunction
[INFO ]      Class Approx_SweepFunction is abstract, using %nodefaultctor.
[WARNI]      [TypeHint] Skipping type virtual double, should contain _
[WARNI]      [TypeHint] Skipping type double &, should contain _
[WARNI]      [TypeHint] Skipping type int &, should contain _
[INFO ]  ## Processing module BndLib
[INFO ]  Class: BndLib
[INFO ]  Class: BndLib_Add2dCurve
[INFO ]  Class: BndLib_Add3dCurve
[INFO ]  Class: BndLib_AddSurface
[INFO ]  ## Processing module CPnts
[INFO ]  Skip typedef CPnts_RealFunction because ends with 'Function'
[INFO ]  Class: CPnts_AbscissaPoint
[INFO ]      [TypeHint] More than 1 constructor, @overload decorator needed.
[WARNI]      [TypeHint] Skipping type static double, should contain _
[WARNI]      [TypeHint] Skipping type static double, should contain _
[WARNI]      [TypeHint] Skipping type static double, should contain _
[WARNI]      [TypeHint] Skipping type static double, should contain _
[WARNI]      [TypeHint] Skipping type static double, should contain _
[WARNI]      [TypeHint] Skipping type static double, should contain _
[WARNI]      [TypeHint] Skipping type static double, should contain _
[WARNI]      [TypeHint] Skipping type static double, should contain _
[INFO ]  Class: CPnts_MyGaussFunction
[WARNI]      [TypeHint] Skipping type double &, should contain _
[INFO ]  Class: CPnts_MyRootFunction
[WARNI]      [TypeHint] Skipping type double &, should contain _
[WARNI]      [TypeHint] Skipping type double &, should contain _
[WARNI]      [TypeHint] Skipping type double &, should contain _
[INFO ]  Class: CPnts_UniformDeflection
[INFO ]      [TypeHint] More than 1 constructor, @overload decorator needed.
[INFO ]  ## Processing module Extrema
[INFO ]  Enum: Extrema_ElementType
[INFO ]  Enum: Extrema_ExtAlgo
[INFO ]  Enum: Extrema_ExtFlag
[WARNI]      [TypeHint] Skipping unknown type int,Bnd_Sphere, int,Bnd not in module list
[WARNI]      [TypeHint] Skipping unknown type int,Bnd_Sphere, int,Bnd not in module list
[INFO ]  Class: Extrema_Curve2dTool
[WARNI]      [TypeHint] Skipping type static double, should contain _
[WARNI]      [TypeHint] Skipping type static double, should contain _
[WARNI]      [TypeHint] Skipping type static double, should contain _
[WARNI]      [TypeHint] Skipping type static double, should contain _
[INFO ]  Class: Extrema_CurveTool
[WARNI]      [TypeHint] Skipping type static double, should contain _
[WARNI]      [TypeHint] Skipping type static double, should contain _
[WARNI]      [TypeHint] Skipping type static double, should contain _
[WARNI]      [TypeHint] Skipping type static double, should contain _
[INFO ]  Class: Extrema_ExtCC
[INFO ]      [TypeHint] More than 1 constructor, @overload decorator needed.
[WARNI]      [TypeHint] Skipping type double &, should contain _
[INFO ]  Class: Extrema_ExtCC2d
[INFO ]      [TypeHint] More than 1 constructor, @overload decorator needed.
[WARNI]      [TypeHint] Skipping type double &, should contain _
[INFO ]  Class: Extrema_ExtCS
[INFO ]      [TypeHint] More than 1 constructor, @overload decorator needed.
[INFO ]  Class: Extrema_ExtElC
[INFO ]      [TypeHint] More than 1 constructor, @overload decorator needed.
[INFO ]  Class: Extrema_ExtElC2d
[INFO ]      [TypeHint] More than 1 constructor, @overload decorator needed.
[INFO ]  Class: Extrema_ExtElCS
[INFO ]      [TypeHint] More than 1 constructor, @overload decorator needed.
[INFO ]  Class: Extrema_ExtElSS
[INFO ]      [TypeHint] More than 1 constructor, @overload decorator needed.
[INFO ]  Class: Extrema_ExtPElC
[INFO ]      [TypeHint] More than 1 constructor, @overload decorator needed.
[INFO ]  Class: Extrema_ExtPElC2d
[INFO ]      [TypeHint] More than 1 constructor, @overload decorator needed.
[INFO ]  Class: Extrema_ExtPElS
[INFO ]      [TypeHint] More than 1 constructor, @overload decorator needed.
[INFO ]  Class: Extrema_ExtPExtS
[INFO ]      [TypeHint] More than 1 constructor, @overload decorator needed.
[INFO ]  Class: Extrema_ExtPRevS
[INFO ]      [TypeHint] More than 1 constructor, @overload decorator needed.
[INFO ]  Class: Extrema_ExtPS
[INFO ]      [TypeHint] More than 1 constructor, @overload decorator needed.
[WARNI]      [TypeHint] Skipping type double &, should contain _
[INFO ]  Class: Extrema_ExtSS
[INFO ]      [TypeHint] More than 1 constructor, @overload decorator needed.
[INFO ]  Class: Extrema_FuncExtCS
[INFO ]      [TypeHint] More than 1 constructor, @overload decorator needed.
[WARNI]      [TypeHint] Skipping type NCollection_Sequence<Extrema_POnCurv>, seems to be a template
[WARNI]      [TypeHint] Skipping type NCollection_Sequence<Extrema_POnSurf>, seems to be a template
[INFO ]  Class: Extrema_FuncExtSS
[INFO ]      [TypeHint] More than 1 constructor, @overload decorator needed.
[INFO ]  Class: Extrema_FuncPSDist
[INFO ]      explicitly excluded method Extrema_FuncPSDist::5a8a1d40b699db9ffadb1f48516992a9
[INFO ]      explicitly excluded method Extrema_FuncPSDist::1d2f2dc1f7e41d65377516e5baf52f6e
[WARNI]      [TypeHint] Skipping type math_VectorBase<double, seems to be a template
[INFO ]  Class: Extrema_FuncPSNorm
[INFO ]      [TypeHint] More than 1 constructor, @overload decorator needed.
[INFO ]      Extrema_GCurveLocator skipped because it is a class template
[INFO ]      Extrema_GFuncExtCC skipped because it is a class template
[INFO ]      Extrema_GFuncExtPC skipped because it is a class template
[INFO ]      Extrema_GGExtPC skipped because it is a class template
[INFO ]      Extrema_GGenExtCC skipped because it is a class template
[INFO ]  Class: Extrema_GGenExtCC_PointsInspector
[WARNI]      [TypeHint] Skipping type static double, should contain _
[WARNI]      [TypeHint] Skipping type const Point &, should contain _
[WARNI]      [TypeHint] Skipping type const Target &, should contain _
[WARNI]      [TypeHint] Skipping type static Point, should contain _
[WARNI]      [TypeHint] Skipping type const Point &, should contain _
[INFO ]      Extrema_GGenExtPC skipped because it is a class template
[INFO ]      Extrema_GLocateExtPC skipped because it is a class template
[INFO ]  Class: Extrema_GenExtCS
[INFO ]      [TypeHint] More than 1 constructor, @overload decorator needed.
[INFO ]  Class: Extrema_GenExtPS
[INFO ]      [TypeHint] More than 1 constructor, @overload decorator needed.
[INFO ]  Class: Extrema_GenExtSS
[INFO ]      [TypeHint] More than 1 constructor, @overload decorator needed.
[INFO ]      Extrema_GenLocateExtCC skipped because it is a class template
[INFO ]  Class: Extrema_GenLocateExtCS
[INFO ]      [TypeHint] More than 1 constructor, @overload decorator needed.
[INFO ]      Extrema_GenLocateExtPC skipped because it is a class template
[INFO ]  Class: Extrema_GenLocateExtPS
[INFO ]  Class: Extrema_GenLocateExtSS
[INFO ]      [TypeHint] More than 1 constructor, @overload decorator needed.
[INFO ]  Class: Extrema_GlobOptFuncCCC0
[INFO ]      [TypeHint] More than 1 constructor, @overload decorator needed.
[WARNI]      [TypeHint] Skipping type double &, should contain _
[INFO ]  Class: Extrema_GlobOptFuncCCC1
[INFO ]      [TypeHint] More than 1 constructor, @overload decorator needed.
[WARNI]      [TypeHint] Skipping type double &, should contain _
[WARNI]      [TypeHint] Skipping type double &, should contain _
[INFO ]  Class: Extrema_GlobOptFuncCCC2
[INFO ]      [TypeHint] More than 1 constructor, @overload decorator needed.
[WARNI]      [TypeHint] Skipping type double &, should contain _
[WARNI]      [TypeHint] Skipping type double &, should contain _
[WARNI]      [TypeHint] Skipping type double &, should contain _
[INFO ]  Class: Extrema_GlobOptFuncCQuadric
[INFO ]      [TypeHint] More than 1 constructor, @overload decorator needed.
[WARNI]      [TypeHint] Skipping type double &, should contain _
[INFO ]  Class: Extrema_GlobOptFuncCS
[WARNI]      [TypeHint] Skipping type double &, should contain _
[WARNI]      [TypeHint] Skipping type double &, should contain _
[WARNI]      [TypeHint] Skipping type double &, should contain _
[INFO ]  Class: Extrema_GlobOptFuncConicS
[INFO ]      [TypeHint] More than 1 constructor, @overload decorator needed.
[WARNI]      [TypeHint] Skipping type double &, should contain _
[INFO ]  Class: Extrema_LocateExtCC
[INFO ]  Class: Extrema_LocateExtCC2d
[INFO ]  Class: Extrema_POnCurv
[INFO ]      [TypeHint] More than 1 constructor, @overload decorator needed.
[INFO ]  Class: Extrema_POnCurv2d
[INFO ]      [TypeHint] More than 1 constructor, @overload decorator needed.
[INFO ]  Class: Extrema_POnSurf
[INFO ]      [TypeHint] More than 1 constructor, @overload decorator needed.
[WARNI]      [TypeHint] Skipping type double &, should contain _
[INFO ]  Class: Extrema_POnSurfParams
[INFO ]      [TypeHint] More than 1 constructor, @overload decorator needed.
[WARNI]      [TypeHint] Skipping type int &, should contain _
[INFO ]  ## Processing module FEmTool
[WARNI]      [TypeHint] Skipping type opencascade::handle, should contain _
[WARNI]      [TypeHint] Skipping type opencascade::handle, should contain _
[INFO ]  ## Processing module GC
[INFO ]  Class: GC_MakeMirror
[INFO ]      handle<Geom_Transformation>& skipped because invalid name
[INFO ]      [TypeHint] More than 1 constructor, @overload decorator needed.
[INFO ]  Class: GC_MakeMirror2d
[INFO ]      handle<Geom2d_Transformation>& skipped because invalid name
[INFO ]      [TypeHint] More than 1 constructor, @overload decorator needed.
[INFO ]  Class: GC_MakeRotation
[INFO ]      handle<Geom_Transformation>& skipped because invalid name
[INFO ]      [TypeHint] More than 1 constructor, @overload decorator needed.
[INFO ]  Class: GC_MakeRotation2d
[INFO ]      handle<Geom2d_Transformation>& skipped because invalid name
[INFO ]  Class: GC_MakeScale
[INFO ]      handle<Geom_Transformation>& skipped because invalid name
[INFO ]  Class: GC_MakeScale2d
[INFO ]      handle<Geom2d_Transformation>& skipped because invalid name
[INFO ]  Class: GC_MakeTranslation
[INFO ]      handle<Geom_Transformation>& skipped because invalid name
[INFO ]      [TypeHint] More than 1 constructor, @overload decorator needed.
[INFO ]  Class: GC_MakeTranslation2d
[INFO ]      handle<Geom2d_Transformation>& skipped because invalid name
[INFO ]      [TypeHint] More than 1 constructor, @overload decorator needed.
[INFO ]  Class: GC_Root
[INFO ]  Class: GC_MakeArcOfCircle
[INFO ]      handle<Geom_TrimmedCurve>& skipped because invalid name
[INFO ]      [TypeHint] More than 1 constructor, @overload decorator needed.
[INFO ]  Class: GC_MakeArcOfCircle2d
[INFO ]      handle<Geom2d_TrimmedCurve>& skipped because invalid name
[INFO ]      [TypeHint] More than 1 constructor, @overload decorator needed.
[INFO ]  Class: GC_MakeArcOfEllipse
[INFO ]      handle<Geom_TrimmedCurve>& skipped because invalid name
[INFO ]      [TypeHint] More than 1 constructor, @overload decorator needed.
[INFO ]  Class: GC_MakeArcOfEllipse2d
[INFO ]      handle<Geom2d_TrimmedCurve>& skipped because invalid name
[INFO ]      [TypeHint] More than 1 constructor, @overload decorator needed.
[INFO ]  Class: GC_MakeArcOfHyperbola
[INFO ]      handle<Geom_TrimmedCurve>& skipped because invalid name
[INFO ]      [TypeHint] More than 1 constructor, @overload decorator needed.
[INFO ]  Class: GC_MakeArcOfHyperbola2d
[INFO ]      handle<Geom2d_TrimmedCurve>& skipped because invalid name
[INFO ]      [TypeHint] More than 1 constructor, @overload decorator needed.
[INFO ]  Class: GC_MakeArcOfParabola
[INFO ]      handle<Geom_TrimmedCurve>& skipped because invalid name
[INFO ]      [TypeHint] More than 1 constructor, @overload decorator needed.
[INFO ]  Class: GC_MakeArcOfParabola2d
[INFO ]      handle<Geom2d_TrimmedCurve>& skipped because invalid name
[INFO ]      [TypeHint] More than 1 constructor, @overload decorator needed.
[INFO ]  Class: GC_MakeCircle
[INFO ]      handle<Geom_Circle>& skipped because invalid name
[INFO ]      [TypeHint] More than 1 constructor, @overload decorator needed.
[INFO ]  Class: GC_MakeCircle2d
[INFO ]      handle<Geom2d_Circle>& skipped because invalid name
[INFO ]      [TypeHint] More than 1 constructor, @overload decorator needed.
[INFO ]  Class: GC_MakeConicalSurface
[INFO ]      handle<Geom_ConicalSurface>& skipped because invalid name
[INFO ]      [TypeHint] More than 1 constructor, @overload decorator needed.
[INFO ]  Class: GC_MakeCylindricalSurface
[INFO ]      handle<Geom_CylindricalSurface>& skipped because invalid name
[INFO ]      [TypeHint] More than 1 constructor, @overload decorator needed.
[INFO ]  Class: GC_MakeEllipse
[INFO ]      handle<Geom_Ellipse>& skipped because invalid name
[INFO ]      [TypeHint] More than 1 constructor, @overload decorator needed.
[INFO ]  Class: GC_MakeEllipse2d
[INFO ]      handle<Geom2d_Ellipse>& skipped because invalid name
[INFO ]      [TypeHint] More than 1 constructor, @overload decorator needed.
[INFO ]  Class: GC_MakeHyperbola
[INFO ]      handle<Geom_Hyperbola>& skipped because invalid name
[INFO ]      [TypeHint] More than 1 constructor, @overload decorator needed.
[INFO ]  Class: GC_MakeHyperbola2d
[INFO ]      handle<Geom2d_Hyperbola>& skipped because invalid name
[INFO ]      [TypeHint] More than 1 constructor, @overload decorator needed.
[INFO ]  Class: GC_MakeLine
[INFO ]      handle<Geom_Line>& skipped because invalid name
[INFO ]      [TypeHint] More than 1 constructor, @overload decorator needed.
[INFO ]  Class: GC_MakeLine2d
[INFO ]      handle<Geom2d_Line>& skipped because invalid name
[INFO ]      [TypeHint] More than 1 constructor, @overload decorator needed.
[INFO ]  Class: GC_MakeParabola2d
[INFO ]      handle<Geom2d_Parabola>& skipped because invalid name
[INFO ]      [TypeHint] More than 1 constructor, @overload decorator needed.
[INFO ]  Class: GC_MakePlane
[INFO ]      handle<Geom_Plane>& skipped because invalid name
[INFO ]      [TypeHint] More than 1 constructor, @overload decorator needed.
[INFO ]  Class: GC_MakeSegment
[INFO ]      handle<Geom_TrimmedCurve>& skipped because invalid name
[INFO ]      [TypeHint] More than 1 constructor, @overload decorator needed.
[INFO ]  Class: GC_MakeSegment2d
[INFO ]      handle<Geom2d_TrimmedCurve>& skipped because invalid name
[INFO ]      [TypeHint] More than 1 constructor, @overload decorator needed.
[INFO ]  Class: GC_MakeTrimmedCone
[INFO ]      handle<Geom_RectangularTrimmedSurface>& skipped because invalid name
[INFO ]      [TypeHint] More than 1 constructor, @overload decorator needed.
[INFO ]  Class: GC_MakeTrimmedCylinder
[INFO ]      handle<Geom_RectangularTrimmedSurface>& skipped because invalid name
[INFO ]      [TypeHint] More than 1 constructor, @overload decorator needed.
[INFO ]  ## Processing module GCE2d
[INFO ]  ## Processing module GCPnts
[INFO ]  Enum: GCPnts_AbscissaType
[INFO ]  Enum: GCPnts_DeflectionType
[INFO ]  Class: GCPnts_AbscissaPoint
[INFO ]      [TypeHint] More than 1 constructor, @overload decorator needed.
[WARNI]      [TypeHint] Skipping type static double, should contain _
[WARNI]      [TypeHint] Skipping type static double, should contain _
[WARNI]      [TypeHint] Skipping type static double, should contain _
[WARNI]      [TypeHint] Skipping type static double, should contain _
[WARNI]      [TypeHint] Skipping type static double, should contain _
[WARNI]      [TypeHint] Skipping type static double, should contain _
[WARNI]      [TypeHint] Skipping type static double, should contain _
[WARNI]      [TypeHint] Skipping type static double, should contain _
[INFO ]  Class: GCPnts_DistFunction2dMV
[WARNI]      [TypeHint] Skipping type double &, should contain _
[INFO ]  Class: GCPnts_DistFunctionMV
[WARNI]      [TypeHint] Skipping type double &, should contain _
[INFO ]  Class: GCPnts_QuasiUniformAbscissa
[INFO ]      [TypeHint] More than 1 constructor, @overload decorator needed.
[INFO ]  Class: GCPnts_QuasiUniformDeflection
[INFO ]      [TypeHint] More than 1 constructor, @overload decorator needed.
[INFO ]      GCPnts_TCurveTypes<Adaptor2d_Curve2d> skipped because it is a class template
[INFO ]      GCPnts_TCurveTypes<Adaptor3d_Curve> skipped because it is a class template
[INFO ]  Class: GCPnts_TangentialDeflection
[INFO ]      [TypeHint] More than 1 constructor, @overload decorator needed.
[WARNI]      [TypeHint] Skipping type static double, should contain _
[INFO ]  Class: GCPnts_UniformAbscissa
[INFO ]      [TypeHint] More than 1 constructor, @overload decorator needed.
[INFO ]  Class: GCPnts_UniformDeflection
[INFO ]      [TypeHint] More than 1 constructor, @overload decorator needed.
[INFO ]  ## Processing module Geom2dConvert
[INFO ]  Class: Geom2dConvert
[INFO ]  Class: Geom2dConvert_ApproxArcsSegments
[INFO ]  Enum: Status
[WARNI]  const TColGeom2d_SequenceOfCurve & wrapped as a copy
[WARNI]  const TColGeom2d_SequenceOfCurve & wrapped as a copy
[INFO ]  Class: Geom2dConvert_ApproxCurve
[INFO ]      [TypeHint] More than 1 constructor, @overload decorator needed.
[INFO ]  Class: Geom2dConvert_BSplineCurveKnotSplitting
[INFO ]  Class: Geom2dConvert_BSplineCurveToBezierCurve
[INFO ]      [TypeHint] More than 1 constructor, @overload decorator needed.
[INFO ]  Class: Geom2dConvert_CompCurveToBSplineCurve
[INFO ]      [TypeHint] More than 1 constructor, @overload decorator needed.
[INFO ]  Class: Geom2dConvert_PPoint
[INFO ]      [TypeHint] More than 1 constructor, @overload decorator needed.
[INFO ]  ## Processing module GeomConvert
[INFO ]  Enum: GeomConvert_ConvType
[INFO ]  Class: GeomConvert
[INFO ]  Class: GeomConvert_ApproxCurve
[INFO ]      [TypeHint] More than 1 constructor, @overload decorator needed.
[INFO ]  Class: GeomConvert_ApproxSurface
[INFO ]      [TypeHint] More than 1 constructor, @overload decorator needed.
[INFO ]  Class: GeomConvert_BSplineCurveKnotSplitting
[INFO ]  Class: GeomConvert_BSplineCurveToBezierCurve
[INFO ]      [TypeHint] More than 1 constructor, @overload decorator needed.
[INFO ]  Class: GeomConvert_BSplineSurfaceKnotSplitting
[INFO ]  Class: GeomConvert_BSplineSurfaceToBezierSurface
[INFO ]      [TypeHint] More than 1 constructor, @overload decorator needed.
[INFO ]  Class: GeomConvert_CompBezierSurfacesToBSplineSurface
[INFO ]      [TypeHint] More than 1 constructor, @overload decorator needed.
[INFO ]  Class: GeomConvert_CompCurveToBSplineCurve
[INFO ]      explicitly excluded method GeomConvert_CompCurveToBSplineCurve::ae54be580b423a6eadbe062e0bdb44c2
[INFO ]      [TypeHint] More than 1 constructor, @overload decorator needed.
[INFO ]  Class: GeomConvert_CurveToAnaCurve
[INFO ]      [TypeHint] More than 1 constructor, @overload decorator needed.
[WARNI]      [TypeHint] Skipping type double &, should contain _
[WARNI]      [TypeHint] Skipping type double &, should contain _
[WARNI]      [TypeHint] Skipping type double &, should contain _
[WARNI]      [TypeHint] Skipping type double &, should contain _
[WARNI]      [TypeHint] Skipping type double &, should contain _
[WARNI]      [TypeHint] Skipping type double &, should contain _
[WARNI]      [TypeHint] Skipping type double &, should contain _
[INFO ]  Class: GeomConvert_FuncConeLSDist
[INFO ]      [TypeHint] More than 1 constructor, @overload decorator needed.
[WARNI]      [TypeHint] Skipping type double &, should contain _
[INFO ]  Class: GeomConvert_FuncCylinderLSDist
[INFO ]      [TypeHint] More than 1 constructor, @overload decorator needed.
[WARNI]      [TypeHint] Skipping type double &, should contain _
[WARNI]      [TypeHint] Skipping type double &, should contain _
[INFO ]  Class: GeomConvert_FuncSphereLSDist
[INFO ]      [TypeHint] More than 1 constructor, @overload decorator needed.
[WARNI]      [TypeHint] Skipping type double &, should contain _
[WARNI]      [TypeHint] Skipping type double &, should contain _
[INFO ]  Class: GeomConvert_SurfToAnaSurf
[INFO ]      [TypeHint] More than 1 constructor, @overload decorator needed.
[INFO ]  Class: GeomConvert_Units
[INFO ]  ## Processing module GeomLib
[INFO ]  Enum: GeomLib_InterpolationErrors
[INFO ]  Skip typedef GeomLib_DenominatorMultiplierPtr because target is a pointer type
[INFO ]  Class: GeomLib
[WARNI]      [TypeHint] Skipping type double &, should contain _
[WARNI]      [TypeHint] Skipping type double &, should contain _
[WARNI]      [TypeHint] Skipping type double &, should contain _
[WARNI]      [TypeHint] Skipping type double &, should contain _
[WARNI]      [TypeHint] Skipping type double &, should contain _
[INFO ]  Class: GeomLib_Check2dBSplineCurve
[INFO ]  Class: GeomLib_CheckBSplineCurve
[INFO ]  Class: GeomLib_CheckCurveOnSurface
[INFO ]      [TypeHint] More than 1 constructor, @overload decorator needed.
[INFO ]  Class: GeomLib_DenominatorMultiplier
[INFO ]  Class: GeomLib_Interpolate
[INFO ]  Class: GeomLib_IsPlanarSurface
[INFO ]  Class: GeomLib_LogSample
[INFO ]  Class: GeomLib_MakeCurvefromApprox
[INFO ]  Class: GeomLib_PolyFunc
[WARNI]      [TypeHint] Skipping type double &, should contain _
[WARNI]      [TypeHint] Skipping type double &, should contain _
[WARNI]      [TypeHint] Skipping type double &, should contain _
[INFO ]  Class: GeomLib_Tool
[WARNI]      [TypeHint] Skipping type static double, should contain _
[WARNI]      [TypeHint] Skipping type double * const, should contain _
[WARNI]      [TypeHint] Skipping type static double, should contain _
[WARNI]      [TypeHint] Skipping type double * const, should contain _
[WARNI]      [TypeHint] Skipping type double &, should contain _
[WARNI]      [TypeHint] Skipping type double &, should contain _
[WARNI]      [TypeHint] Skipping type double &, should contain _
[INFO ]  ## Processing module GeomProjLib
[INFO ]  Class: GeomProjLib
[WARNI]      [TypeHint] Skipping type double &, should contain _
[WARNI]      [TypeHint] Skipping type double &, should contain _
[WARNI]      [TypeHint] Skipping type double &, should contain _
[INFO ]  ## Processing module GeomTools
[INFO ]  Class: GeomTools
[WARNI]      [TypeHint] Skipping type double &, should contain _
[INFO ]  Class: GeomTools_Curve2dSet
[INFO ]  Class: GeomTools_CurveSet
[INFO ]  Class: GeomTools_SurfaceSet
[INFO ]  Class: GeomTools_UndefinedTypeHandler
[INFO ]  ## Processing module Hermit
[INFO ]  Class: Hermit
[WARNI]      [TypeHint] Skipping type double &, should contain _
[INFO ]  ## Processing module IntAna
[INFO ]  Enum: IntAna_ResultType
[INFO ]  Class: IntAna_Curve
[WARNI]      [TypeHint] Skipping type double &, should contain _
[INFO ]  Class: IntAna_Int3Pln
[INFO ]      [TypeHint] More than 1 constructor, @overload decorator needed.
[INFO ]  Class: IntAna_IntConicQuad
[INFO ]      [TypeHint] More than 1 constructor, @overload decorator needed.
[INFO ]  Class: IntAna_IntLinTorus
[INFO ]      [TypeHint] More than 1 constructor, @overload decorator needed.
[WARNI]      [TypeHint] Skipping type double &, should contain _
[INFO ]  Class: IntAna_IntQuadQuad
[INFO ]      [TypeHint] More than 1 constructor, @overload decorator needed.
[WARNI]  const IntAna_Curve & wrapped as a copy
[WARNI]  const IntAna_Curve & wrapped as a copy
[WARNI]      [TypeHint] Skipping type double &, should contain _
[INFO ]  Class: IntAna_QuadQuadGeo
[INFO ]      [TypeHint] More than 1 constructor, @overload decorator needed.
[INFO ]  Class: IntAna_Quadric
[INFO ]      [TypeHint] More than 1 constructor, @overload decorator needed.
[WARNI]      [TypeHint] Skipping type double &, should contain _
[WARNI]      [TypeHint] Skipping type double &, should contain _
[WARNI]      [TypeHint] Skipping type NCollection_List<gp_Pnt>, seems to be a template
[INFO ]  ## Processing module IntAna2d
[INFO ]  Class: IntAna2d_AnaIntersection
[INFO ]      [TypeHint] More than 1 constructor, @overload decorator needed.
[INFO ]  Class: IntAna2d_Conic
[INFO ]      [TypeHint] More than 1 constructor, @overload decorator needed.
[WARNI]      [TypeHint] Skipping type double &, should contain _
[WARNI]      [TypeHint] Skipping type double &, should contain _
[WARNI]      [TypeHint] Skipping type double &, should contain _
[INFO ]  Class: IntAna2d_IntPoint
[INFO ]      [TypeHint] More than 1 constructor, @overload decorator needed.
[INFO ]  ## Processing module ProjLib
[WARNI]      [TypeHint] Skipping type opencascade::handle, should contain _
[WARNI]      [TypeHint] Skipping type opencascade::handle, should contain _
[INFO ]  Class: ProjLib
[INFO ]  Class: ProjLib_CompProjectedCurve
[INFO ]      [TypeHint] More than 1 constructor, @overload decorator needed.
[WARNI]      [TypeHint] Skipping type double &, should contain _
[WARNI]      [TypeHint] Skip type NCollection_HSequence<opencascade::handle<TColgp_HSequenceOfPnt, because of trailing :
[WARNI]      [TypeHint] Skipping type double &, should contain _
[WARNI]      [TypeHint] Skipping type double &, should contain _
[WARNI]      [TypeHint] Skipping type double &, should contain _
[INFO ]  Class: ProjLib_ComputeApprox
[INFO ]      [TypeHint] More than 1 constructor, @overload decorator needed.
[INFO ]  Class: ProjLib_ComputeApproxOnPolarSurface
[INFO ]      [TypeHint] More than 1 constructor, @overload decorator needed.
[INFO ]  Class: ProjLib_PrjFunc
[INFO ]  Class: ProjLib_PrjResolve
[INFO ]  Class: ProjLib_ProjectOnPlane
[INFO ]      [TypeHint] More than 1 constructor, @overload decorator needed.
[WARNI]      [TypeHint] Skip type Geom_Curve::ResD1, because of trailing :
[WARNI]      [TypeHint] Skip type Geom_Curve::ResD2, because of trailing :
[WARNI]      [TypeHint] Skip type Geom_Curve::ResD3, because of trailing :
[INFO ]  Class: ProjLib_ProjectOnSurface
[INFO ]      explicitly excluded method ProjLib_ProjectOnSurface::5fdedc45f7f3e3286603c8152dd5d5ba
[INFO ]      explicitly excluded method ProjLib_ProjectOnSurface::c76dab7bb09ee4a287f7274c6c13778a
[INFO ]      [TypeHint] More than 1 constructor, @overload decorator needed.
[INFO ]  Class: ProjLib_ProjectedCurve
[INFO ]      explicitly excluded method ProjLib_ProjectedCurve::d1270c4621f0354af37c9ca192abaea6
[INFO ]      explicitly excluded method ProjLib_ProjectedCurve::5fdedc45f7f3e3286603c8152dd5d5ba
[INFO ]      [TypeHint] More than 1 constructor, @overload decorator needed.
[INFO ]  Class: ProjLib_Projector
[INFO ]  Class: ProjLib_Cone
[INFO ]      [TypeHint] More than 1 constructor, @overload decorator needed.
[INFO ]  Class: ProjLib_Cylinder
[INFO ]      [TypeHint] More than 1 constructor, @overload decorator needed.
[INFO ]  Class: ProjLib_Plane
[INFO ]      [TypeHint] More than 1 constructor, @overload decorator needed.
[INFO ]  Class: ProjLib_Sphere
[INFO ]      [TypeHint] More than 1 constructor, @overload decorator needed.
[INFO ]  Class: ProjLib_Torus
[INFO ]      [TypeHint] More than 1 constructor, @overload decorator needed.
[INFO ]  ## Processing module gce
[INFO ]  Enum: gce_ErrorType
[INFO ]  Class: gce_MakeMirror
[INFO ]      [TypeHint] More than 1 constructor, @overload decorator needed.
[INFO ]      operand gp_Trsf cannot be wrapped
[INFO ]  Class: gce_MakeMirror2d
[INFO ]      [TypeHint] More than 1 constructor, @overload decorator needed.
[INFO ]      operand gp_Trsf2d cannot be wrapped
[INFO ]  Class: gce_MakeRotation
[INFO ]      [TypeHint] More than 1 constructor, @overload decorator needed.
[INFO ]      operand gp_Trsf cannot be wrapped
[INFO ]  Class: gce_MakeRotation2d
[INFO ]      [TypeHint] More than 1 constructor, @overload decorator needed.
[INFO ]      operand gp_Trsf2d cannot be wrapped
[INFO ]  Class: gce_MakeScale
[INFO ]      [TypeHint] More than 1 constructor, @overload decorator needed.
[INFO ]      operand gp_Trsf cannot be wrapped
[INFO ]  Class: gce_MakeScale2d
[INFO ]      [TypeHint] More than 1 constructor, @overload decorator needed.
[INFO ]      operand gp_Trsf2d cannot be wrapped
[INFO ]  Class: gce_MakeTranslation
[INFO ]      [TypeHint] More than 1 constructor, @overload decorator needed.
[INFO ]      operand gp_Trsf cannot be wrapped
[INFO ]  Class: gce_MakeTranslation2d
[INFO ]      [TypeHint] More than 1 constructor, @overload decorator needed.
[INFO ]      operand gp_Trsf2d cannot be wrapped
[INFO ]  Class: gce_Root
[INFO ]  Class: gce_MakeCirc
[INFO ]      [TypeHint] More than 1 constructor, @overload decorator needed.
[INFO ]      operand gp_Circ cannot be wrapped
[INFO ]  Class: gce_MakeCirc2d
[INFO ]      [TypeHint] More than 1 constructor, @overload decorator needed.
[INFO ]      operand gp_Circ2d cannot be wrapped
[INFO ]  Class: gce_MakeCone
[INFO ]      [TypeHint] More than 1 constructor, @overload decorator needed.
[INFO ]      operand gp_Cone cannot be wrapped
[INFO ]  Class: gce_MakeCylinder
[INFO ]      [TypeHint] More than 1 constructor, @overload decorator needed.
[INFO ]      operand gp_Cylinder cannot be wrapped
[INFO ]  Class: gce_MakeDir
[INFO ]      [TypeHint] More than 1 constructor, @overload decorator needed.
[INFO ]      operand gp_Dir cannot be wrapped
[INFO ]  Class: gce_MakeDir2d
[INFO ]      [TypeHint] More than 1 constructor, @overload decorator needed.
[INFO ]      operand gp_Dir2d cannot be wrapped
[INFO ]  Class: gce_MakeElips
[INFO ]      [TypeHint] More than 1 constructor, @overload decorator needed.
[INFO ]      operand gp_Elips cannot be wrapped
[INFO ]  Class: gce_MakeElips2d
[INFO ]      [TypeHint] More than 1 constructor, @overload decorator needed.
[INFO ]      operand gp_Elips2d cannot be wrapped
[INFO ]  Class: gce_MakeHypr
[INFO ]      [TypeHint] More than 1 constructor, @overload decorator needed.
[INFO ]      operand gp_Hypr cannot be wrapped
[INFO ]  Class: gce_MakeHypr2d
[INFO ]      [TypeHint] More than 1 constructor, @overload decorator needed.
[INFO ]      operand gp_Hypr2d cannot be wrapped
[INFO ]  Class: gce_MakeLin
[INFO ]      [TypeHint] More than 1 constructor, @overload decorator needed.
[INFO ]      operand gp_Lin cannot be wrapped
[INFO ]  Class: gce_MakeLin2d
[INFO ]      [TypeHint] More than 1 constructor, @overload decorator needed.
[INFO ]      operand gp_Lin2d cannot be wrapped
[INFO ]  Class: gce_MakeParab
[INFO ]      [TypeHint] More than 1 constructor, @overload decorator needed.
[INFO ]      operand gp_Parab cannot be wrapped
[INFO ]  Class: gce_MakeParab2d
[INFO ]      [TypeHint] More than 1 constructor, @overload decorator needed.
[INFO ]      operand gp_Parab2d cannot be wrapped
[INFO ]  Class: gce_MakePln
[INFO ]      [TypeHint] More than 1 constructor, @overload decorator needed.
[INFO ]      operand gp_Pln cannot be wrapped
[INFO ]  Processing toolkit TKBO ===
[INFO ]  ## Processing module BOPAlgo
[INFO ]  Enum: BOPAlgo_CheckStatus
[INFO ]  Enum: BOPAlgo_GlueEnum
[INFO ]  Enum: BOPAlgo_Operation
[INFO ]  Skip typedef BOPAlgo_PArgumentAnalyzer because target is a pointer type
[INFO ]  Skip typedef BOPAlgo_PBOP because target is a pointer type
[INFO ]  Skip typedef BOPAlgo_PBuilder because target is a pointer type
[INFO ]  Skip typedef BOPAlgo_PPaveFiller because target is a pointer type
[INFO ]  Skip typedef BOPAlgo_PSection because target is a pointer type
[INFO ]  Skip typedef BOPAlgo_PWireEdgeSet because target is a pointer type
[INFO ]  Class: BOPAlgo_CheckResult
[INFO ]  Class: BOPAlgo_Options
[INFO ]      [TypeHint] More than 1 constructor, @overload decorator needed.
[INFO ]  Class: BOPAlgo_PISteps
[INFO ]  Class: BOPAlgo_SectionAttribute
[INFO ]      [TypeHint] More than 1 constructor, @overload decorator needed.
[INFO ]  Class: BOPAlgo_Tools
[INFO ]      explicitly excluded method BOPAlgo_Tools::27eeac060ed6c134c914fd1e4ad85035
[INFO ]      explicitly excluded method BOPAlgo_Tools::5ff475d954896966f7f32df307c3f112
[INFO ]      explicitly excluded method BOPAlgo_Tools::29d58243612b08e603e6ebf1010bb41d
[WARNI]      [TypeHint] Skipping type static double, should contain _
[WARNI]      [TypeHint] Skip type NCollection_IndexedDataMap<opencascade::handle<BOPDS_PaveBlock>,, because of trailing :
[WARNI]      [TypeHint] Skip type NCollection_IndexedDataMap<opencascade::handle<BOPDS_PaveBlock>,, because of trailing :
[INFO ]  Class: BOPAlgo_WireEdgeSet
[INFO ]      [TypeHint] More than 1 constructor, @overload decorator needed.
[INFO ]  Class: BOPAlgo_Algo
[INFO ]      Class BOPAlgo_Algo is abstract, using %nodefaultctor.
[INFO ]  Class: BOPAlgo_MakeConnected
[WARNI]      [TypeHint] Skip type BOPAlgo_MakePeriodic::PeriodicityParams, because of trailing :
[INFO ]  Class: BOPAlgo_MakePeriodic
[INFO ]      Wrap nested class BOPAlgo_MakePeriodic::PeriodicityParams
[WARNI]      [TypeHint] Skip type BOPAlgo_MakePeriodic::PeriodicityParams, because of trailing :
[WARNI]      [TypeHint] Skipping type PeriodicityParams, should contain _
[INFO ]  Class: BOPAlgo_ArgumentAnalyzer
[WARNI]      [TypeHint] Skipping type NCollection_List<BOPAlgo_CheckResult>, seems to be a template
[INFO ]  Class: BOPAlgo_BuilderArea
[INFO ]      Class BOPAlgo_BuilderArea is abstract, using %nodefaultctor.
[INFO ]  Class: BOPAlgo_BuilderShape
[INFO ]  Class: BOPAlgo_ParallelAlgo
[INFO ]      Class BOPAlgo_ParallelAlgo is abstract, using %nodefaultctor.
[INFO ]      explicitly excluded method BOPAlgo_ParallelAlgo::e23b98e5ba6fc1b2692a5d6fc76fd990
[INFO ]  Class: BOPAlgo_PaveFiller
[INFO ]      Wrap nested class BOPAlgo_PaveFiller::EdgeRangeDistance
[INFO ]      explicitly excluded method BOPAlgo_PaveFiller::f93eb18a69c621ff67378c15a54bb075
[INFO ]      [TypeHint] More than 1 constructor, @overload decorator needed.
[INFO ]  Class: BOPAlgo_ShellSplitter
[INFO ]      [TypeHint] More than 1 constructor, @overload decorator needed.
[INFO ]  Class: BOPAlgo_WireSplitter
[INFO ]      [TypeHint] More than 1 constructor, @overload decorator needed.
[INFO ]  Class: BOPAlgo_Builder
[INFO ]      Wrap nested class BOPAlgo_Builder::NbShapes
[INFO ]      [TypeHint] More than 1 constructor, @overload decorator needed.
[INFO ]  Class: BOPAlgo_BuilderFace
[INFO ]      [TypeHint] More than 1 constructor, @overload decorator needed.
[INFO ]  Class: BOPAlgo_BuilderSolid
[INFO ]      [TypeHint] More than 1 constructor, @overload decorator needed.
[INFO ]  Class: BOPAlgo_CheckerSI
[INFO ]  Class: BOPAlgo_RemoveFeatures
[INFO ]  Class: BOPAlgo_CellsBuilder
[INFO ]      [TypeHint] More than 1 constructor, @overload decorator needed.
[INFO ]  Class: BOPAlgo_MakerVolume
[INFO ]      [TypeHint] More than 1 constructor, @overload decorator needed.
[INFO ]  Class: BOPAlgo_Section
[INFO ]      [TypeHint] More than 1 constructor, @overload decorator needed.
[INFO ]  Class: BOPAlgo_ToolsProvider
[INFO ]      [TypeHint] More than 1 constructor, @overload decorator needed.
[INFO ]  Class: BOPAlgo_BOP
[INFO ]      [TypeHint] More than 1 constructor, @overload decorator needed.
[INFO ]  Class: BOPAlgo_Splitter
[INFO ]      [TypeHint] More than 1 constructor, @overload decorator needed.
[INFO ]  ## Processing module BOPDS
[INFO ]  Skip typedef BOPDS_PDS because target is a pointer type
[INFO ]  Skip typedef BOPDS_PIterator because target is a pointer type
[INFO ]  Skip typedef BOPDS_PIteratorSI because target is a pointer type
[WARNI]  This template type cannot be handled: NCollection_DataMap<opencascade::handle<BOPDS_PaveBlock>, opencascade::handle<BOPDS_CommonBlock>>::Iterator
[WARNI]      [TypeHint] Skipping type opencascade::handle, should contain _
[WARNI]      [TypeHint] Skipping type opencascade::handle, should contain _
[WARNI]      [TypeHint] Skipping type opencascade::handle, should contain _
[WARNI]      [TypeHint] Skipping type opencascade::handle, should contain _
[WARNI]      [TypeHint] Skipping type opencascade::handle, should contain _
[INFO ]  Class: BOPDS_CommonBlock
[INFO ]      [TypeHint] More than 1 constructor, @overload decorator needed.
[WARNI]      [TypeHint] Skip type NCollection_List<opencascade::handle<BOPDS_PaveBlock>>, because of trailing :
[WARNI]      [TypeHint] Skip type NCollection_List<opencascade::handle<BOPDS_PaveBlock>>, because of trailing :
[INFO ]  Class: BOPDS_CoupleOfPaveBlocks
[INFO ]      [TypeHint] More than 1 constructor, @overload decorator needed.
[INFO ]  Class: BOPDS_Curve
[INFO ]      [TypeHint] More than 1 constructor, @overload decorator needed.
[WARNI]      [TypeHint] Skip type NCollection_List<opencascade::handle<BOPDS_PaveBlock>>, because of trailing :
[WARNI]  const IntTools_Curve & wrapped as a copy
[WARNI]  const IntTools_Curve & wrapped as a copy
[WARNI]      [TypeHint] Skip type NCollection_List<opencascade::handle<BOPDS_PaveBlock>>, because of trailing :
[WARNI]      [TypeHint] Skip type NCollection_List<opencascade::handle<BOPDS_PaveBlock>>, because of trailing :
[INFO ]  Class: BOPDS_DS
[INFO ]      [TypeHint] More than 1 constructor, @overload decorator needed.
[WARNI]      [TypeHint] Skip type NCollection_List<opencascade::handle<BOPDS_PaveBlock>>, because of trailing :
[WARNI]      [TypeHint] Skip type NCollection_DynamicArray<NCollection_List<opencascade::handle<BOPDS_PaveBlock>>>, because of trailing :
[WARNI]      [TypeHint] Skip type NCollection_IndexedMap<opencascade::handle<BOPDS_PaveBlock>>, because of trailing :
[WARNI]      [TypeHint] Skip type NCollection_IndexedMap<opencascade::handle<BOPDS_PaveBlock>>, because of trailing :
[WARNI]      [TypeHint] Skipping type NCollection_DynamicArray<BOPDS_FaceInfo>, seems to be a template
[WARNI]      [TypeHint] Skipping type int &, should contain _
[WARNI]      [TypeHint] Skipping type NCollection_DynamicArray<BOPDS_InterfEE>, seems to be a template
[WARNI]      [TypeHint] Skipping type NCollection_DynamicArray<BOPDS_InterfEF>, seems to be a template
[WARNI]      [TypeHint] Skipping type NCollection_DynamicArray<BOPDS_InterfEZ>, seems to be a template
[WARNI]      [TypeHint] Skipping type NCollection_DynamicArray<BOPDS_InterfFF>, seems to be a template
[WARNI]      [TypeHint] Skipping type NCollection_DynamicArray<BOPDS_InterfFZ>, seems to be a template
[WARNI]      [TypeHint] Skipping type NCollection_DynamicArray<BOPDS_InterfVE>, seems to be a template
[WARNI]      [TypeHint] Skipping type NCollection_DynamicArray<BOPDS_InterfVF>, seems to be a template
[WARNI]      [TypeHint] Skipping type NCollection_DynamicArray<BOPDS_InterfVV>, seems to be a template
[WARNI]      [TypeHint] Skipping type NCollection_DynamicArray<BOPDS_InterfVZ>, seems to be a template
[WARNI]      [TypeHint] Skipping type NCollection_DynamicArray<BOPDS_InterfZZ>, seems to be a template
[WARNI]      [TypeHint] Skipping type NCollection_Map<BOPDS_Pair>, seems to be a template
[WARNI]      [TypeHint] Skip type NCollection_List<opencascade::handle<BOPDS_PaveBlock>>, because of trailing :
[WARNI]      [TypeHint] Skip type NCollection_DynamicArray<NCollection_List<opencascade::handle<BOPDS_PaveBlock>>>, because of trailing :
[WARNI]      [TypeHint] Skipping type NCollection_List<BOPDS_Pave>, seems to be a template
[WARNI]      [TypeHint] Skip type NCollection_IndexedMap<opencascade::handle<BOPDS_PaveBlock>>, because of trailing :
[INFO ]  Class: BOPDS_FaceInfo
[INFO ]      [TypeHint] More than 1 constructor, @overload decorator needed.
[WARNI]      [TypeHint] Skip type NCollection_IndexedMap<opencascade::handle<BOPDS_PaveBlock>>, because of trailing :
[WARNI]      [TypeHint] Skip type NCollection_IndexedMap<opencascade::handle<BOPDS_PaveBlock>>, because of trailing :
[WARNI]      [TypeHint] Skip type NCollection_IndexedMap<opencascade::handle<BOPDS_PaveBlock>>, because of trailing :
[WARNI]      [TypeHint] Skip type NCollection_IndexedMap<opencascade::handle<BOPDS_PaveBlock>>, because of trailing :
[WARNI]      [TypeHint] Skip type NCollection_IndexedMap<opencascade::handle<BOPDS_PaveBlock>>, because of trailing :
[WARNI]      [TypeHint] Skip type NCollection_IndexedMap<opencascade::handle<BOPDS_PaveBlock>>, because of trailing :
[INFO ]  Class: BOPDS_IndexRange
[INFO ]      [TypeHint] More than 1 constructor, @overload decorator needed.
[WARNI]      [TypeHint] Skipping type int &, should contain _
[INFO ]  Class: BOPDS_Iterator
[INFO ]      [TypeHint] More than 1 constructor, @overload decorator needed.
[WARNI]      [TypeHint] Skipping type int &, should contain _
[INFO ]  Class: BOPDS_Pair
[INFO ]      operator< skipped because invalid name
[INFO ]      [TypeHint] More than 1 constructor, @overload decorator needed.
[WARNI]      [TypeHint] Skipping type int &, should contain _
[INFO ]  Class: BOPDS_Pave
[INFO ]      operator< skipped because invalid name
[INFO ]      [TypeHint] More than 1 constructor, @overload decorator needed.
[WARNI]      [TypeHint] Skipping type int &, should contain _
[INFO ]  Class: BOPDS_PaveBlock
[INFO ]      [TypeHint] More than 1 constructor, @overload decorator needed.
[WARNI]      [TypeHint] Skipping type NCollection_List<BOPDS_Pave>, seems to be a template
[WARNI]      [TypeHint] Skipping type int &, should contain _
[WARNI]      [TypeHint] Skipping type NCollection_List<BOPDS_Pave>, seems to be a template
[WARNI]      [TypeHint] Skipping type int &, should contain _
[WARNI]      [TypeHint] Skipping type int &, should contain _
[WARNI]      [TypeHint] Skipping type double &, should contain _
[WARNI]      [TypeHint] Skipping type double &, should contain _
[WARNI]      [TypeHint] Skip type NCollection_List<opencascade::handle<BOPDS_PaveBlock>>, because of trailing :
[INFO ]  Class: BOPDS_Point
[INFO ]  Class: BOPDS_ShapeInfo
[INFO ]      [TypeHint] More than 1 constructor, @overload decorator needed.
[WARNI]      [TypeHint] Skipping type int &, should contain _
[INFO ]  Class: BOPDS_SubIterator
[INFO ]      [TypeHint] More than 1 constructor, @overload decorator needed.
[WARNI]      [TypeHint] Skipping type int &, should contain _
[INFO ]  Class: BOPDS_Tools
[INFO ]      hash<BOPDS_Pair> skipped because it is a class template
[INFO ]      hash<BOPDS_Pave> skipped because it is a class template
[INFO ]  Class: BOPDS_InterfEE
[INFO ]      [TypeHint] More than 1 constructor, @overload decorator needed.
[INFO ]  Class: BOPDS_InterfEF
[INFO ]      [TypeHint] More than 1 constructor, @overload decorator needed.
[INFO ]  Class: BOPDS_InterfEZ
[INFO ]      [TypeHint] More than 1 constructor, @overload decorator needed.
[INFO ]  Class: BOPDS_InterfFF
[WARNI]      [TypeHint] Skipping type NCollection_DynamicArray<BOPDS_Curve>, seems to be a template
[WARNI]      [TypeHint] Skipping type NCollection_DynamicArray<BOPDS_Point>, seems to be a template
[WARNI]  const NCollection_DynamicArray<BOPDS_Curve> & wrapped as a copy
[WARNI]  const NCollection_DynamicArray<BOPDS_Curve> & wrapped as a copy
[WARNI]      [TypeHint] Skipping type NCollection_DynamicArray<BOPDS_Curve>, seems to be a template
[WARNI]      [TypeHint] Skipping type NCollection_DynamicArray<BOPDS_Point>, seems to be a template
[INFO ]  Class: BOPDS_InterfFZ
[INFO ]      [TypeHint] More than 1 constructor, @overload decorator needed.
[INFO ]  Class: BOPDS_InterfVE
[INFO ]      [TypeHint] More than 1 constructor, @overload decorator needed.
[INFO ]  Class: BOPDS_InterfVF
[INFO ]      [TypeHint] More than 1 constructor, @overload decorator needed.
[WARNI]      [TypeHint] Skipping type double &, should contain _
[INFO ]  Class: BOPDS_InterfVV
[INFO ]      [TypeHint] More than 1 constructor, @overload decorator needed.
[INFO ]  Class: BOPDS_InterfVZ
[INFO ]      [TypeHint] More than 1 constructor, @overload decorator needed.
[INFO ]  Class: BOPDS_InterfZZ
[INFO ]      [TypeHint] More than 1 constructor, @overload decorator needed.
[INFO ]  Class: BOPDS_IteratorSI
[INFO ]      [TypeHint] More than 1 constructor, @overload decorator needed.
[INFO ]  ## Processing module BOPTools
[INFO ]  Class: BOPTools_AlgoTools
[WARNI]      [TypeHint] Skipping type double &, should contain _
[WARNI]      [TypeHint] Skipping type static double, should contain _
[WARNI]      [TypeHint] Skipping type int &, should contain _
[WARNI]      [TypeHint] Skipping type NCollection_List<BOPTools_CoupleOfShape>, seems to be a template
[WARNI]      [TypeHint] Skipping type NCollection_List<BOPTools_ConnexityBlock>, seems to be a template
[INFO ]  Class: BOPTools_AlgoTools2D
[WARNI]      [TypeHint] Skipping type double &, should contain _
[WARNI]      [TypeHint] Skipping type double &, should contain _
[WARNI]      [TypeHint] Skipping type double &, should contain _
[WARNI]      [TypeHint] Skipping type static double, should contain _
[WARNI]      [TypeHint] Skipping type static double, should contain _
[WARNI]      [TypeHint] Skipping type double &, should contain _
[WARNI]      [TypeHint] Skipping type double &, should contain _
[WARNI]      [TypeHint] Skipping type double &, should contain _
[WARNI]      [TypeHint] Skipping type double &, should contain _
[INFO ]  Class: BOPTools_AlgoTools3D
[WARNI]      [TypeHint] Skipping type static double, should contain _
[INFO ]  Class: BOPTools_ConnexityBlock
[INFO ]      [TypeHint] More than 1 constructor, @overload decorator needed.
[INFO ]  Class: BOPTools_CoupleOfShape
[INFO ]  Class: BOPTools_Set
[INFO ]      [TypeHint] More than 1 constructor, @overload decorator needed.
[WARNI]      [TypeHint] Skipping unknown type size_t, size not in module list
[INFO ]      operand = cannot be wrapped
[INFO ]      hash<BOPTools_Set> skipped because it is a class template
[INFO ]  ## Processing module BRepAlgoAPI
[INFO ]  Class: BRepAlgoAPI_Check
[INFO ]      [TypeHint] More than 1 constructor, @overload decorator needed.
[WARNI]      [TypeHint] Skipping type NCollection_List<BOPAlgo_CheckResult>, seems to be a template
[INFO ]  Class: BRepAlgoAPI_Algo
[INFO ]  Class: BRepAlgoAPI_Defeaturing
[INFO ]  Class: BRepAlgoAPI_BooleanOperation
[INFO ]      [TypeHint] More than 1 constructor, @overload decorator needed.
[INFO ]  Class: BRepAlgoAPI_Splitter
[INFO ]      [TypeHint] More than 1 constructor, @overload decorator needed.
[INFO ]  Class: BRepAlgoAPI_Common
[INFO ]      [TypeHint] More than 1 constructor, @overload decorator needed.
[INFO ]  Class: BRepAlgoAPI_Cut
[INFO ]      [TypeHint] More than 1 constructor, @overload decorator needed.
[INFO ]  Class: BRepAlgoAPI_Fuse
[INFO ]      [TypeHint] More than 1 constructor, @overload decorator needed.
[INFO ]  Class: BRepAlgoAPI_Section
[INFO ]      [TypeHint] More than 1 constructor, @overload decorator needed.
[INFO ]  ## Processing module IntTools
[INFO ]  Class: IntTools
[WARNI]      [TypeHint] Skipping type NCollection_Sequence<IntTools_Root>, seems to be a template
[WARNI]      [TypeHint] Skipping type double &, should contain _
[WARNI]      [TypeHint] Skipping type static double, should contain _
[WARNI]      [TypeHint] Skipping type double &, should contain _
[WARNI]      [TypeHint] Skipping type NCollection_Sequence<IntTools_Root>, seems to be a template
[WARNI]      [TypeHint] Skipping type NCollection_Sequence<IntTools_Root>, seems to be a template
[INFO ]  Class: IntTools_BaseRangeSample
[INFO ]      [TypeHint] More than 1 constructor, @overload decorator needed.
[INFO ]  Class: IntTools_BeanFaceIntersector
[INFO ]      [TypeHint] More than 1 constructor, @overload decorator needed.
[WARNI]      [TypeHint] Skipping type NCollection_Sequence<IntTools_Range>, seems to be a template
[WARNI]      [TypeHint] Skipping type NCollection_Sequence<IntTools_Range>, seems to be a template
[INFO ]  Class: IntTools_CommonPrt
[INFO ]      [TypeHint] More than 1 constructor, @overload decorator needed.
[WARNI]      [TypeHint] Skipping type NCollection_Sequence<IntTools_Range>, seems to be a template
[WARNI]      [TypeHint] Skipping type double &, should contain _
[WARNI]      [TypeHint] Skipping type NCollection_Sequence<IntTools_Range>, seems to be a template
[INFO ]      operand = cannot be wrapped
[INFO ]  Class: IntTools_Context
[INFO ]      [TypeHint] More than 1 constructor, @overload decorator needed.
[WARNI]      [TypeHint] Skipping type double &, should contain _
[WARNI]      [TypeHint] Skipping type double &, should contain _
[WARNI]      [TypeHint] Skipping type double &, should contain _
[WARNI]      [TypeHint] Skipping type double &, should contain _
[WARNI]      [TypeHint] Skipping type double &, should contain _
[WARNI]      [TypeHint] Skipping type double &, should contain _
[WARNI]      [TypeHint] Skipping type double &, should contain _
[INFO ]  Class: IntTools_Curve
[INFO ]      [TypeHint] More than 1 constructor, @overload decorator needed.
[WARNI]      [TypeHint] Skipping type double &, should contain _
[WARNI]      [TypeHint] Skipping type const double &, should contain _
[INFO ]  Class: IntTools_CurveRangeLocalizeData
[WARNI]      [TypeHint] Skipping type NCollection_List<IntTools_CurveRangeSample>, seems to be a template
[INFO ]  Class: IntTools_EdgeEdge
[INFO ]      [TypeHint] More than 1 constructor, @overload decorator needed.
[WARNI]      [TypeHint] Skipping type NCollection_Sequence<IntTools_CommonPrt>, seems to be a template
[INFO ]  Class: IntTools_EdgeFace
[WARNI]      [TypeHint] Skipping type NCollection_Sequence<IntTools_CommonPrt>, seems to be a template
[INFO ]  Class: IntTools_FClass2d
[INFO ]      [TypeHint] More than 1 constructor, @overload decorator needed.
[INFO ]  Class: IntTools_FaceFace
[WARNI]  const NCollection_Sequence<IntTools_Curve> & wrapped as a copy
[WARNI]  const NCollection_Sequence<IntTools_Curve> & wrapped as a copy
[WARNI]      [TypeHint] Skipping type NCollection_Sequence<IntTools_Curve>, seems to be a template
[WARNI]      [TypeHint] Skipping type NCollection_Sequence<IntTools_PntOn2Faces>, seems to be a template
[WARNI]      [TypeHint] Skipping type NCollection_List<IntSurf_PntOn2S>, seems to be a template
[INFO ]  Class: IntTools_MarkedRangeSet
[INFO ]      [TypeHint] More than 1 constructor, @overload decorator needed.
[INFO ]  Class: IntTools_PntOn2Faces
[INFO ]      [TypeHint] More than 1 constructor, @overload decorator needed.
[INFO ]  Class: IntTools_PntOnFace
[INFO ]      explicitly excluded method IntTools_PntOnFace::f11036be78d4c26ffdc54c2415b67292
[WARNI]      [TypeHint] Skipping type double &, should contain _
[INFO ]  Class: IntTools_Range
[INFO ]      [TypeHint] More than 1 constructor, @overload decorator needed.
[WARNI]      [TypeHint] Skipping type double &, should contain _
[INFO ]  Class: IntTools_Root
[INFO ]      [TypeHint] More than 1 constructor, @overload decorator needed.
[WARNI]      [TypeHint] Skipping type double &, should contain _
[INFO ]  Class: IntTools_ShrunkRange
[WARNI]      [TypeHint] Skipping type double &, should contain _
[INFO ]  Class: IntTools_SurfaceRangeLocalizeData
[INFO ]      [TypeHint] More than 1 constructor, @overload decorator needed.
[WARNI]      [TypeHint] Skipping type NCollection_List<IntTools_SurfaceRangeSample>, seems to be a template
[INFO ]      operand = cannot be wrapped
[INFO ]  Class: IntTools_SurfaceRangeSample
[INFO ]      [TypeHint] More than 1 constructor, @overload decorator needed.
[WARNI]      [TypeHint] Skipping type int &, should contain _
[WARNI]      [TypeHint] Skipping type int &, should contain _
[WARNI]  const IntTools_CurveRangeSample & wrapped as a copy
[WARNI]  const IntTools_CurveRangeSample & wrapped as a copy
[WARNI]  const IntTools_CurveRangeSample & wrapped as a copy
[WARNI]  const IntTools_CurveRangeSample & wrapped as a copy
[INFO ]      operand = cannot be wrapped
[INFO ]  Class: IntTools_Tools
[WARNI]      [TypeHint] Skipping type static double, should contain _
[WARNI]      [TypeHint] Skipping type double &, should contain _
[WARNI]      [TypeHint] Skipping type static double, should contain _
[WARNI]      [TypeHint] Skipping type static double, should contain _
[WARNI]      [TypeHint] Skipping type NCollection_Sequence<IntTools_Curve>, seems to be a template
[WARNI]      [TypeHint] Skipping type double &, should contain _
[WARNI]      [TypeHint] Skipping type NCollection_Sequence<IntTools_Curve>, seems to be a template
[WARNI]      [TypeHint] Skipping type double &, should contain _
[WARNI]      [TypeHint] Skipping type double &, should contain _
[INFO ]  Class: IntTools_TopolTool
[INFO ]      [TypeHint] More than 1 constructor, @overload decorator needed.
[INFO ]  Class: IntTools_WLineTool
[WARNI]      [TypeHint] Skip type NCollection_Sequence<opencascade::handle<IntPatch_Line>>, because of trailing :
[INFO ]      hash<IntTools_CurveRangeSample> skipped because it is a class template
[INFO ]  Class: IntTools_CurveRangeSample
[INFO ]      [TypeHint] More than 1 constructor, @overload decorator needed.
[INFO ]  Processing toolkit TKBool ===
[INFO ]  ## Processing module BRepAlgo
[INFO ]  Class: BRepAlgo
[INFO ]  Class: BRepAlgo_AsDes
[INFO ]  Class: BRepAlgo_FaceRestrictor
[INFO ]  Class: BRepAlgo_Image
[INFO ]  Class: BRepAlgo_Loop
[INFO ]  Class: BRepAlgo_NormalProjection
[INFO ]      [TypeHint] More than 1 constructor, @overload decorator needed.
[INFO ]  ## Processing module BRepFill
[INFO ]  Enum: BRepFill_ThruSectionErrorStatus
[INFO ]  Enum: BRepFill_TransitionStyle
[INFO ]  Enum: BRepFill_TypeOfContact
[WARNI]      [TypeHint] Skipping type opencascade::handle, should contain _
[WARNI]      [TypeHint] Skipping type opencascade::handle, should contain _
[WARNI]      [TypeHint] Skip type TopoDS_Shape,opencascade::handle, because of trailing :
[INFO ]  Class: BRepFill
[INFO ]  Class: BRepFill_AdvancedEvolved
[INFO ]  Class: BRepFill_ApproxSeewing
[INFO ]      [TypeHint] More than 1 constructor, @overload decorator needed.
[INFO ]  Class: BRepFill_CompatibleWires
[INFO ]      [TypeHint] More than 1 constructor, @overload decorator needed.
[INFO ]  Class: BRepFill_ComputeCLine
[INFO ]      [TypeHint] More than 1 constructor, @overload decorator needed.
[WARNI]      [TypeHint] Skipping type double &, should contain _
[WARNI]      [TypeHint] Skipping type double &, should contain _
[INFO ]  Class: BRepFill_CurveConstraint
[INFO ]      [TypeHint] More than 1 constructor, @overload decorator needed.
[INFO ]  Class: BRepFill_Draft
[INFO ]  Class: BRepFill_EdgeFaceAndOrder
[INFO ]      [TypeHint] More than 1 constructor, @overload decorator needed.
[INFO ]  Class: BRepFill_Evolved
[INFO ]      [TypeHint] More than 1 constructor, @overload decorator needed.
[INFO ]  Class: BRepFill_FaceAndOrder
[INFO ]      [TypeHint] More than 1 constructor, @overload decorator needed.
[INFO ]  Class: BRepFill_Filling
[INFO ]  Class: BRepFill_Generator
[INFO ]  Class: BRepFill_LocationLaw
[WARNI]      [TypeHint] Skipping type double &, should contain _
[WARNI]      [TypeHint] Skipping type int &, should contain _
[INFO ]  Class: BRepFill_MultiLine
[INFO ]      [TypeHint] More than 1 constructor, @overload decorator needed.
[INFO ]  Class: BRepFill_OffsetAncestors
[INFO ]      [TypeHint] More than 1 constructor, @overload decorator needed.
[INFO ]  Class: BRepFill_OffsetWire
[INFO ]      [TypeHint] More than 1 constructor, @overload decorator needed.
[INFO ]  Class: BRepFill_Pipe
[INFO ]      [TypeHint] More than 1 constructor, @overload decorator needed.
[INFO ]  Class: BRepFill_PipeShell
[INFO ]  Class: BRepFill_Section
[INFO ]      [TypeHint] More than 1 constructor, @overload decorator needed.
[INFO ]  Class: BRepFill_SectionLaw
[INFO ]      Class BRepFill_SectionLaw is abstract, using %nodefaultctor.
[WARNI]      [TypeHint] Skipping type virtual double, should contain _
[INFO ]  Class: BRepFill_SectionPlacement
[INFO ]      [TypeHint] More than 1 constructor, @overload decorator needed.
[INFO ]  Class: BRepFill_Sweep
[WARNI]      [TypeHint] Skipping type NCollection_DataMap<TopoDS_Shape,, seems to be a template
[INFO ]  Class: BRepFill_TrimEdgeTool
[INFO ]      [TypeHint] More than 1 constructor, @overload decorator needed.
[INFO ]  Class: BRepFill_TrimShellCorner
[INFO ]  Class: BRepFill_TrimSurfaceTool
[INFO ]  Enum passed by reference: GeomAbs_Shape &myCont changed to GeomAbs_Shape &OutValue
[INFO ]  Enum passed by reference: GeomAbs_Shape & myCont changed to GeomAbs_Shape &OutValue
[INFO ]  Enum passed by reference: GeomAbs_Shape & myCont changed to GeomAbs_Shape &OutValue
[INFO ]  Class: BRepFill_ACRLaw
[INFO ]  Class: BRepFill_Edge3DLaw
[INFO ]  Class: BRepFill_EdgeOnSurfLaw
[INFO ]  Class: BRepFill_NSections
[INFO ]      [TypeHint] More than 1 constructor, @overload decorator needed.
[WARNI]      [TypeHint] Skipping type NCollection_Sequence<gp_Trsf>, seems to be a template
[INFO ]  Class: BRepFill_ShapeLaw
[INFO ]      [TypeHint] More than 1 constructor, @overload decorator needed.
[INFO ]  Class: BRepFill_DraftLaw
[INFO ]  ## Processing module BRepProj
[INFO ]  Class: BRepProj_Projection
[INFO ]      [TypeHint] More than 1 constructor, @overload decorator needed.
[INFO ]  ## Processing module TopOpeBRep
[INFO ]  Enum: TopOpeBRep_P2Dstatus
[INFO ]  Enum: TopOpeBRep_TypeLineCurve
[INFO ]  Skip typedef TopOpeBRep_PEdgesIntersector because target is a pointer type
[INFO ]  Skip typedef TopOpeBRep_PFacesFiller because target is a pointer type
[INFO ]  Skip typedef TopOpeBRep_PFacesIntersector because target is a pointer type
[INFO ]  Skip typedef TopOpeBRep_PIntRes2d_IntersectionPoint because target is a pointer type
[INFO ]  Skip typedef TopOpeBRep_PLineInter because target is a pointer type
[INFO ]  Skip typedef TopOpeBRep_PPntOn2S because target is a pointer type
[INFO ]  Skip typedef TopOpeBRep_PThePointOfIntersection because target is a pointer type
[WARNI]      [TypeHint] Skip type TopoDS_Shape,opencascade::handle, because of trailing :
[INFO ]  Class: TopOpeBRep
[INFO ]  Class: TopOpeBRep_Bipoint
[INFO ]      [TypeHint] More than 1 constructor, @overload decorator needed.
[INFO ]  Class: TopOpeBRep_DSFiller
[INFO ]  Class: TopOpeBRep_EdgesFiller
[INFO ]  Class: TopOpeBRep_EdgesIntersector
[WARNI]  const Geom2dAdaptor_Curve & wrapped as a copy
[WARNI]  const Geom2dAdaptor_Curve & wrapped as a copy
[WARNI]      [TypeHint] Skipping type NCollection_Sequence<TopOpeBRep_Point2d>, seems to be a template
[WARNI]  const BRepAdaptor_Surface & wrapped as a copy
[WARNI]  const BRepAdaptor_Surface & wrapped as a copy
[WARNI]      [TypeHint] Skipping type double &, should contain _
[INFO ]  Class: TopOpeBRep_FFDumper
[INFO ]  Class: TopOpeBRep_FFTransitionTool
[INFO ]  Class: TopOpeBRep_FaceEdgeFiller
[INFO ]  Class: TopOpeBRep_FaceEdgeIntersector
[INFO ]  Class: TopOpeBRep_FacesFiller
[WARNI]      [TypeHint] Skipping type int &, should contain _
[WARNI]      [TypeHint] Skipping type int &, should contain _
[WARNI]      [TypeHint] Skip type NCollection_List<opencascade::handle<TopOpeBRepDS_Interference>>::Iterator, because of trailing :
[WARNI]      [TypeHint] Skipping type int &, should contain _
[WARNI]      [TypeHint] Skipping type double &, should contain _
[WARNI]      [TypeHint] Skipping type int &, should contain _
[WARNI]      [TypeHint] Skipping type static double, should contain _
[INFO ]  Class: TopOpeBRep_FacesIntersector
[WARNI]      [TypeHint] Skipping type double &, should contain _
[WARNI]      [TypeHint] Skipping type NCollection_HArray1<TopOpeBRep_LineInter, seems to be a template
[INFO ]  Class: TopOpeBRep_GeomTool
[INFO ]  Class: TopOpeBRep_Hctxee2d
[WARNI]  const Geom2dAdaptor_Curve & wrapped as a copy
[WARNI]  const Geom2dAdaptor_Curve & wrapped as a copy
[INFO ]  Class: TopOpeBRep_Hctxff2d
[WARNI]      [TypeHint] Skipping type double &, should contain _
[INFO ]  Class: TopOpeBRep_LineInter
[WARNI]      [TypeHint] Skipping type double &, should contain _
[WARNI]      [TypeHint] Skipping type int &, should contain _
[WARNI]      [TypeHint] Skipping type int &, should contain _
[INFO ]  Class: TopOpeBRep_Point2d
[WARNI]      [TypeHint] Skipping type int &, should contain _
[INFO ]  Class: TopOpeBRep_PointClassifier
[INFO ]  Class: TopOpeBRep_PointGeomTool
[INFO ]  Class: TopOpeBRep_ShapeIntersector
[WARNI]      [TypeHint] Skipping type double &, should contain _
[INFO ]  Class: TopOpeBRep_ShapeIntersector2d
[INFO ]  Class: TopOpeBRep_ShapeScanner
[INFO ]  Class: TopOpeBRep_VPointInter
[WARNI]      [TypeHint] Skipping type int &, should contain _
[WARNI]      [TypeHint] Skipping type double &, should contain _
[WARNI]      [TypeHint] Skipping type double &, should contain _
[WARNI]      [TypeHint] Skipping type double &, should contain _
[INFO ]  Class: TopOpeBRep_VPointInterClassifier
[INFO ]  Class: TopOpeBRep_VPointInterIterator
[INFO ]      [TypeHint] More than 1 constructor, @overload decorator needed.
[INFO ]  Class: TopOpeBRep_WPointInter
[WARNI]      [TypeHint] Skipping type double &, should contain _
[WARNI]      [TypeHint] Skipping type double &, should contain _
[WARNI]      [TypeHint] Skipping type double &, should contain _
[INFO ]  Class: TopOpeBRep_WPointInterIterator
[INFO ]      [TypeHint] More than 1 constructor, @overload decorator needed.
[INFO ]  ## Processing module TopOpeBRepBuild
[INFO ]  Enum: TopOpeBRepBuild_LoopEnum
[INFO ]  Skip typedef TopOpeBRepBuild_PBuilder because target is a pointer type
[INFO ]  Skip typedef TopOpeBRepBuild_PGTopo because target is a pointer type
[INFO ]  Skip typedef TopOpeBRepBuild_PWireEdgeSet because target is a pointer type
[WARNI]      [TypeHint] Skipping type opencascade::handle, should contain _
[WARNI]      [TypeHint] Skipping type opencascade::handle, should contain _
[INFO ]  Class: TopOpeBRepBuild_AreaBuilder
[INFO ]      [TypeHint] More than 1 constructor, @overload decorator needed.
[WARNI]      [TypeHint] Skip type NCollection_List<opencascade::handle<TopOpeBRepBuild_Loop>>, because of trailing :
[WARNI]      [TypeHint] Skip type NCollection_List<opencascade::handle<TopOpeBRepBuild_Loop>>, because of trailing :
[WARNI]      [TypeHint] Skip type NCollection_List<opencascade::handle<TopOpeBRepBuild_Loop>>::Iterator, because of trailing :
[INFO ]  Class: TopOpeBRepBuild_BlockBuilder
[INFO ]      [TypeHint] More than 1 constructor, @overload decorator needed.
[INFO ]  Class: TopOpeBRepBuild_BlockIterator
[INFO ]      [TypeHint] More than 1 constructor, @overload decorator needed.
[INFO ]  Class: TopOpeBRepBuild_Builder
[WARNI]      [TypeHint] Skipping type NCollection_DataMap<TopoDS_Shape,, seems to be a template
[INFO ]  Enum passed by reference: TopAbs_State &pos changed to TopAbs_State &OutValue
[INFO ]  Enum passed by reference: TopAbs_State & pos changed to TopAbs_State &OutValue
[INFO ]  Enum passed by reference: TopAbs_State & pos changed to TopAbs_State &OutValue
[WARNI]      [TypeHint] Skipping type double &, should contain _
[WARNI]      [TypeHint] Skipping type int &, should contain _
[INFO ]  Enum passed by reference: TopAbs_State &T1 changed to TopAbs_State &OutValue
[INFO ]  Enum passed by reference: TopAbs_State &T2 changed to TopAbs_State &OutValue
[INFO ]  Enum passed by reference: TopAbs_State & T1 changed to TopAbs_State &OutValue
[INFO ]  Enum passed by reference: TopAbs_State & T2 changed to TopAbs_State &OutValue
[INFO ]  Enum passed by reference: TopAbs_State & T1 changed to TopAbs_State &OutValue
[INFO ]  Enum passed by reference: TopAbs_State & T2 changed to TopAbs_State &OutValue
[WARNI]      [TypeHint] Skipping type int &, should contain _
[INFO ]  Enum passed by reference: TopAbs_State &T1 changed to TopAbs_State &OutValue
[INFO ]  Enum passed by reference: TopAbs_State &T2 changed to TopAbs_State &OutValue
[INFO ]  Enum passed by reference: TopAbs_State & T1 changed to TopAbs_State &OutValue
[INFO ]  Enum passed by reference: TopAbs_State & T2 changed to TopAbs_State &OutValue
[INFO ]  Enum passed by reference: TopAbs_State & T1 changed to TopAbs_State &OutValue
[INFO ]  Enum passed by reference: TopAbs_State & T2 changed to TopAbs_State &OutValue
[WARNI]      [TypeHint] Skipping type int &, should contain _
[WARNI]      [TypeHint] Skipping type int &, should contain _
[WARNI]      [TypeHint] Skipping type NCollection_DataMap<TopoDS_Shape,, seems to be a template
[INFO ]  Class: TopOpeBRepBuild_BuilderON
[INFO ]      [TypeHint] More than 1 constructor, @overload decorator needed.
[INFO ]  Class: TopOpeBRepBuild_CorrectFace2d
[INFO ]      [TypeHint] More than 1 constructor, @overload decorator needed.
[INFO ]  Class: TopOpeBRepBuild_FaceBuilder
[INFO ]      [TypeHint] More than 1 constructor, @overload decorator needed.
[INFO ]  Class: TopOpeBRepBuild_FuseFace
[INFO ]      [TypeHint] More than 1 constructor, @overload decorator needed.
[INFO ]  Class: TopOpeBRepBuild_GIter
[INFO ]      [TypeHint] More than 1 constructor, @overload decorator needed.
[INFO ]  Enum passed by reference: TopAbs_State &s1 changed to TopAbs_State &OutValue
[INFO ]  Enum passed by reference: TopAbs_State &s2 changed to TopAbs_State &OutValue
[INFO ]  Enum passed by reference: TopAbs_State & s1 changed to TopAbs_State &OutValue
[INFO ]  Enum passed by reference: TopAbs_State & s2 changed to TopAbs_State &OutValue
[INFO ]  Enum passed by reference: TopAbs_State & s1 changed to TopAbs_State &OutValue
[INFO ]  Enum passed by reference: TopAbs_State & s2 changed to TopAbs_State &OutValue
[INFO ]  Class: TopOpeBRepBuild_GTool
[INFO ]  Class: TopOpeBRepBuild_GTopo
[INFO ]      [TypeHint] More than 1 constructor, @overload decorator needed.
[WARNI]      [TypeHint] Skipping type int &, should contain _
[INFO ]  Enum passed by reference: TopAbs_State &s1 changed to TopAbs_State &OutValue
[INFO ]  Enum passed by reference: TopAbs_State &s2 changed to TopAbs_State &OutValue
[INFO ]  Enum passed by reference: TopAbs_State & s1 changed to TopAbs_State &OutValue
[INFO ]  Enum passed by reference: TopAbs_State & s2 changed to TopAbs_State &OutValue
[INFO ]  Enum passed by reference: TopAbs_State & s1 changed to TopAbs_State &OutValue
[INFO ]  Enum passed by reference: TopAbs_State & s2 changed to TopAbs_State &OutValue
[INFO ]  Enum passed by reference: TopAbs_ShapeEnum &t1 changed to TopAbs_ShapeEnum &OutValue
[INFO ]  Enum passed by reference: TopAbs_ShapeEnum &t2 changed to TopAbs_ShapeEnum &OutValue
[INFO ]  Enum passed by reference: TopAbs_ShapeEnum & t1 changed to TopAbs_ShapeEnum &OutValue
[INFO ]  Enum passed by reference: TopAbs_ShapeEnum & t2 changed to TopAbs_ShapeEnum &OutValue
[INFO ]  Enum passed by reference: TopAbs_ShapeEnum & t1 changed to TopAbs_ShapeEnum &OutValue
[INFO ]  Enum passed by reference: TopAbs_ShapeEnum & t2 changed to TopAbs_ShapeEnum &OutValue
[INFO ]  Class: TopOpeBRepBuild_HBuilder
[WARNI]      [TypeHint] Skipping type int &, should contain _
[INFO ]  Class: TopOpeBRepBuild_Loop
[INFO ]      [TypeHint] More than 1 constructor, @overload decorator needed.
[INFO ]  Class: TopOpeBRepBuild_LoopClassifier
[INFO ]      Class TopOpeBRepBuild_LoopClassifier is abstract, using %nodefaultctor.
[INFO ]  Class: TopOpeBRepBuild_LoopSet
[WARNI]      [TypeHint] Skip type NCollection_List<opencascade::handle<TopOpeBRepBuild_Loop>>, because of trailing :
[INFO ]  Class: TopOpeBRepBuild_ShapeListOfShape
[INFO ]      [TypeHint] More than 1 constructor, @overload decorator needed.
[INFO ]  Class: TopOpeBRepBuild_ShapeSet
[INFO ]  Class: TopOpeBRepBuild_ShellToSolid
[INFO ]  Class: TopOpeBRepBuild_SolidBuilder
[INFO ]      [TypeHint] More than 1 constructor, @overload decorator needed.
[INFO ]  Class: TopOpeBRepBuild_Tools
[WARNI]      [TypeHint] Skipping type NCollection_DataMap<TopoDS_Shape,, seems to be a template
[WARNI]      [TypeHint] Skipping type NCollection_DataMap<TopoDS_Shape,, seems to be a template
[WARNI]      [TypeHint] Skipping type NCollection_DataMap<TopoDS_Shape,, seems to be a template
[WARNI]      [TypeHint] Skipping type NCollection_IndexedDataMap<TopoDS_Shape,, seems to be a template
[WARNI]      [TypeHint] Skipping type NCollection_DataMap<TopoDS_Shape,, seems to be a template
[WARNI]      [TypeHint] Skipping type NCollection_IndexedDataMap<TopoDS_Shape,, seems to be a template
[WARNI]      [TypeHint] Skipping type NCollection_IndexedDataMap<TopoDS_Shape,, seems to be a template
[INFO ]  Class: TopOpeBRepBuild_Tools2d
[WARNI]      [TypeHint] Skipping type NCollection_IndexedDataMap<TopoDS_Shape,, seems to be a template
[WARNI]      [TypeHint] Skipping type NCollection_IndexedDataMap<TopoDS_Shape,, seems to be a template
[INFO ]  Class: TopOpeBRepBuild_VertexInfo
[INFO ]  Class: TopOpeBRepBuild_WireToFace
[INFO ]  Class: TopOpeBRepBuild_Area1dBuilder
[INFO ]      [TypeHint] More than 1 constructor, @overload decorator needed.
[WARNI]      [TypeHint] Skip type NCollection_List<opencascade::handle<TopOpeBRepBuild_Loop>>, because of trailing :
[WARNI]      [TypeHint] Skip type NCollection_List<opencascade::handle<TopOpeBRepBuild_Loop>>, because of trailing :
[WARNI]      [TypeHint] Skip type NCollection_List<opencascade::handle<TopOpeBRepBuild_Loop>>, because of trailing :
[WARNI]      [TypeHint] Skip type NCollection_List<opencascade::handle<TopOpeBRepBuild_Loop>>::Iterator, because of trailing :
[INFO ]  Class: TopOpeBRepBuild_Area2dBuilder
[INFO ]      [TypeHint] More than 1 constructor, @overload decorator needed.
[INFO ]  Class: TopOpeBRepBuild_Area3dBuilder
[INFO ]      [TypeHint] More than 1 constructor, @overload decorator needed.
[INFO ]  Class: TopOpeBRepBuild_Builder1
[INFO ]      explicitly excluded method TopOpeBRepBuild_Builder1::050000c0978e4bfaf3824f038bed85b1
[INFO ]  Class: TopOpeBRepBuild_CompositeClassifier
[INFO ]      Class TopOpeBRepBuild_CompositeClassifier is abstract, using %nodefaultctor.
[INFO ]  Class: TopOpeBRepBuild_Pave
[INFO ]  Class: TopOpeBRepBuild_PaveClassifier
[WARNI]      [TypeHint] Skipping type static double, should contain _
[WARNI]      [TypeHint] Skipping type int &, should contain _
[INFO ]  Class: TopOpeBRepBuild_PaveSet
[WARNI]      [TypeHint] Skip type NCollection_List<opencascade::handle<TopOpeBRepBuild_Pave>>, because of trailing :
[INFO ]  Class: TopOpeBRepBuild_ShellFaceSet
[INFO ]      [TypeHint] More than 1 constructor, @overload decorator needed.
[INFO ]  Class: TopOpeBRepBuild_WireEdgeSet
[INFO ]  Class: TopOpeBRepBuild_EdgeBuilder
[INFO ]      [TypeHint] More than 1 constructor, @overload decorator needed.
[INFO ]  Class: TopOpeBRepBuild_FaceAreaBuilder
[INFO ]      [TypeHint] More than 1 constructor, @overload decorator needed.
[INFO ]  Class: TopOpeBRepBuild_ShellFaceClassifier
[INFO ]  Class: TopOpeBRepBuild_SolidAreaBuilder
[INFO ]      [TypeHint] More than 1 constructor, @overload decorator needed.
[INFO ]  Class: TopOpeBRepBuild_WireEdgeClassifier
[INFO ]  ## Processing module TopOpeBRepDS
[INFO ]  Enum: TopOpeBRepDS_CheckStatus
[INFO ]  Enum: TopOpeBRepDS_Config
[INFO ]  Enum: TopOpeBRepDS_Kind
[INFO ]  Skip typedef TopOpeBRepDS_PDataStructure because target is a pointer type
[WARNI]      [TypeHint] Skipping unknown type int,TopOpeBRepDS_CheckStatus, int,TopOpeBRepDS not in module list
[WARNI]      [TypeHint] Skipping unknown type int,TopOpeBRepDS_ListOfInterference, int,TopOpeBRepDS not in module list
[WARNI]      [TypeHint] Skipping type opencascade::handle, should contain _
[WARNI]      [TypeHint] Skipping type opencascade::handle, should contain _
[WARNI]      [TypeHint] Skipping unknown type int,TopoDS_Shape,NCollection_DefaultHasher, int,TopoDS not in module list
[WARNI]      [TypeHint] Skipping type opencascade::handle, should contain _
[WARNI]      [TypeHint] Skipping unknown type int,TopOpeBRepDS_CurveData, int,TopOpeBRepDS not in module list
[WARNI]      [TypeHint] Skipping unknown type int,TopOpeBRepDS_ShapeData, int,TopOpeBRepDS not in module list
[WARNI]      [TypeHint] Skipping unknown type int,TopOpeBRepDS_PointData, int,TopOpeBRepDS not in module list
[WARNI]      [TypeHint] Skipping unknown type int,TopOpeBRepDS_SurfaceData, int,TopOpeBRepDS not in module list
[WARNI]      [TypeHint] Skip type TopoDS_Shape,opencascade::handle, because of trailing :
[INFO ]  Class: TopOpeBRepDS
[INFO ]  Class: TopOpeBRepDS_Association
[WARNI]      [TypeHint] Skip type NCollection_List<opencascade::handle<TopOpeBRepDS_Interference>>, because of trailing :
[WARNI]      [TypeHint] Skip type NCollection_List<opencascade::handle<TopOpeBRepDS_Interference>>, because of trailing :
[INFO ]  Class: TopOpeBRepDS_BuildTool
[INFO ]      [TypeHint] More than 1 constructor, @overload decorator needed.
[WARNI]      [TypeHint] Skipping type int &, should contain _
[WARNI]      [TypeHint] Skipping type double &, should contain _
[WARNI]      [TypeHint] Skipping type int &, should contain _
[WARNI]      [TypeHint] Skipping type double &, should contain _
[INFO ]  Class: TopOpeBRepDS_Check
[INFO ]      [TypeHint] More than 1 constructor, @overload decorator needed.
[WARNI]      [TypeHint] Skip type NCollection_List<opencascade::handle<TopOpeBRepDS_Interference>>, because of trailing :
[INFO ]  Class: TopOpeBRepDS_Curve
[INFO ]      [TypeHint] More than 1 constructor, @overload decorator needed.
[WARNI]      [TypeHint] Skipping type double &, should contain _
[INFO ]  Class: TopOpeBRepDS_CurveExplorer
[INFO ]      [TypeHint] More than 1 constructor, @overload decorator needed.
[WARNI]  const TopOpeBRepDS_Curve & wrapped as a copy
[WARNI]  const TopOpeBRepDS_Curve & wrapped as a copy
[WARNI]  const TopOpeBRepDS_Curve & wrapped as a copy
[WARNI]  const TopOpeBRepDS_Curve & wrapped as a copy
[INFO ]  Class: TopOpeBRepDS_DataStructure
[WARNI]      [TypeHint] Skip type NCollection_List<opencascade::handle<TopOpeBRepDS_Interference>>, because of trailing :
[WARNI]      [TypeHint] Skipping type NCollection_IndexedDataMap<TopoDS_Shape,, seems to be a template
[WARNI]      [TypeHint] Skipping type NCollection_IndexedDataMap<TopoDS_Shape,, seems to be a template
[WARNI]      [TypeHint] Skipping type NCollection_IndexedDataMap<TopoDS_Shape,, seems to be a template
[WARNI]      [TypeHint] Skip type NCollection_List<opencascade::handle<TopOpeBRepDS_Interference>>, because of trailing :
[WARNI]      [TypeHint] Skip type NCollection_List<opencascade::handle<TopOpeBRepDS_Interference>>, because of trailing :
[WARNI]      [TypeHint] Skip type NCollection_List<opencascade::handle<TopOpeBRepDS_Interference>>, because of trailing :
[WARNI]      [TypeHint] Skipping type NCollection_IndexedDataMap<TopoDS_Shape,, seems to be a template
[WARNI]      [TypeHint] Skip type NCollection_List<opencascade::handle<TopOpeBRepDS_Interference>>, because of trailing :
[WARNI]  const TopOpeBRepDS_Curve & wrapped as a copy
[WARNI]  const TopOpeBRepDS_Curve & wrapped as a copy
[WARNI]      [TypeHint] Skip type NCollection_List<opencascade::handle<TopOpeBRepDS_Interference>>, because of trailing :
[WARNI]      [TypeHint] Skip type NCollection_List<opencascade::handle<TopOpeBRepDS_Interference>>, because of trailing :
[WARNI]      [TypeHint] Skip type NCollection_List<opencascade::handle<TopOpeBRepDS_Interference>>, because of trailing :
[WARNI]      [TypeHint] Skip type NCollection_List<opencascade::handle<TopOpeBRepDS_Interference>>, because of trailing :
[WARNI]  const TopOpeBRepDS_Surface & wrapped as a copy
[WARNI]  const TopOpeBRepDS_Surface & wrapped as a copy
[WARNI]      [TypeHint] Skip type NCollection_List<opencascade::handle<TopOpeBRepDS_Interference>>, because of trailing :
[INFO ]  Class: TopOpeBRepDS_Dumper
[INFO ]  Class: TopOpeBRepDS_EIR
[INFO ]  Class: TopOpeBRepDS_Edge3dInterferenceTool
[INFO ]  Class: TopOpeBRepDS_EdgeInterferenceTool
[INFO ]  Class: TopOpeBRepDS_Explorer
[INFO ]      [TypeHint] More than 1 constructor, @overload decorator needed.
[INFO ]  Class: TopOpeBRepDS_FIR
[WARNI]      [TypeHint] Skipping type NCollection_DataMap<TopoDS_Shape,, seems to be a template
[WARNI]      [TypeHint] Skipping type NCollection_DataMap<TopoDS_Shape,, seems to be a template
[INFO ]  Class: TopOpeBRepDS_FaceInterferenceTool
[WARNI]      [TypeHint] Skipping type double &, should contain _
[INFO ]  Class: TopOpeBRepDS_Filter
[WARNI]      [TypeHint] Skipping type NCollection_DataMap<TopoDS_Shape,, seems to be a template
[WARNI]      [TypeHint] Skipping type NCollection_DataMap<TopoDS_Shape,, seems to be a template
[INFO ]  Class: TopOpeBRepDS_GapFiller
[WARNI]      [TypeHint] Skip type NCollection_List<opencascade::handle<TopOpeBRepDS_Interference>>, because of trailing :
[WARNI]      [TypeHint] Skip type NCollection_List<opencascade::handle<TopOpeBRepDS_Interference>>, because of trailing :
[WARNI]      [TypeHint] Skip type NCollection_List<opencascade::handle<TopOpeBRepDS_Interference>>, because of trailing :
[WARNI]      [TypeHint] Skip type NCollection_List<opencascade::handle<TopOpeBRepDS_Interference>>, because of trailing :
[WARNI]      [TypeHint] Skip type NCollection_List<opencascade::handle<TopOpeBRepDS_Interference>>, because of trailing :
[WARNI]      [TypeHint] Skip type NCollection_List<opencascade::handle<TopOpeBRepDS_Interference>>, because of trailing :
[WARNI]      [TypeHint] Skip type NCollection_List<opencascade::handle<TopOpeBRepDS_Interference>>, because of trailing :
[INFO ]  Class: TopOpeBRepDS_GapTool
[INFO ]      [TypeHint] More than 1 constructor, @overload decorator needed.
[WARNI]      [TypeHint] Skip type NCollection_List<opencascade::handle<TopOpeBRepDS_Interference>>, because of trailing :
[WARNI]      [TypeHint] Skip type NCollection_List<opencascade::handle<TopOpeBRepDS_Interference>>, because of trailing :
[WARNI]      [TypeHint] Skipping type double &, should contain _
[WARNI]      [TypeHint] Skip type NCollection_List<opencascade::handle<TopOpeBRepDS_Interference>>, because of trailing :
[INFO ]  Class: TopOpeBRepDS_GeometryData
[INFO ]      [TypeHint] More than 1 constructor, @overload decorator needed.
[WARNI]      [TypeHint] Skip type NCollection_List<opencascade::handle<TopOpeBRepDS_Interference>>, because of trailing :
[WARNI]      [TypeHint] Skip type NCollection_List<opencascade::handle<TopOpeBRepDS_Interference>>, because of trailing :
[INFO ]      operand = cannot be wrapped
[INFO ]  Class: TopOpeBRepDS_Interference
[INFO ]      [TypeHint] More than 1 constructor, @overload decorator needed.
[INFO ]  Enum passed by reference: TopOpeBRepDS_Kind &GK changed to TopOpeBRepDS_Kind &OutValue
[INFO ]  Enum passed by reference: TopOpeBRepDS_Kind &SK changed to TopOpeBRepDS_Kind &OutValue
[INFO ]  Enum passed by reference: TopOpeBRepDS_Kind & GK changed to TopOpeBRepDS_Kind &OutValue
[INFO ]  Enum passed by reference: TopOpeBRepDS_Kind & SK changed to TopOpeBRepDS_Kind &OutValue
[INFO ]  Enum passed by reference: TopOpeBRepDS_Kind & GK changed to TopOpeBRepDS_Kind &OutValue
[WARNI]      [TypeHint] Skipping type int &, should contain _
[INFO ]  Class: TopOpeBRepDS_InterferenceIterator
[INFO ]      [TypeHint] More than 1 constructor, @overload decorator needed.
[WARNI]      [TypeHint] Skip type NCollection_List<opencascade::handle<TopOpeBRepDS_Interference>>, because of trailing :
[WARNI]      [TypeHint] Skip type NCollection_List<opencascade::handle<TopOpeBRepDS_Interference>>::Iterator, because of trailing :
[WARNI]      [TypeHint] Skip type NCollection_List<opencascade::handle<TopOpeBRepDS_Interference>>, because of trailing :
[INFO ]  Class: TopOpeBRepDS_InterferenceTool
[WARNI]      [TypeHint] Skipping type static double, should contain _
[INFO ]  Class: TopOpeBRepDS_ListOfShapeOn1State
[INFO ]  Class: TopOpeBRepDS_Marker
[INFO ]  Class: TopOpeBRepDS_Point
[INFO ]      [TypeHint] More than 1 constructor, @overload decorator needed.
[INFO ]  Class: TopOpeBRepDS_PointExplorer
[INFO ]      [TypeHint] More than 1 constructor, @overload decorator needed.
[INFO ]  Class: TopOpeBRepDS_Reducer
[WARNI]      [TypeHint] Skipping type NCollection_DataMap<TopoDS_Shape,, seems to be a template
[INFO ]  Class: TopOpeBRepDS_ShapeData
[WARNI]      [TypeHint] Skip type NCollection_List<opencascade::handle<TopOpeBRepDS_Interference>>, because of trailing :
[WARNI]      [TypeHint] Skip type NCollection_List<opencascade::handle<TopOpeBRepDS_Interference>>, because of trailing :
[INFO ]  Class: TopOpeBRepDS_ShapeWithState
[INFO ]  Class: TopOpeBRepDS_Surface
[INFO ]      [TypeHint] More than 1 constructor, @overload decorator needed.
[INFO ]      operand = cannot be wrapped
[INFO ]  Class: TopOpeBRepDS_SurfaceExplorer
[INFO ]      [TypeHint] More than 1 constructor, @overload decorator needed.
[WARNI]  const TopOpeBRepDS_Surface & wrapped as a copy
[WARNI]  const TopOpeBRepDS_Surface & wrapped as a copy
[WARNI]  const TopOpeBRepDS_Surface & wrapped as a copy
[WARNI]  const TopOpeBRepDS_Surface & wrapped as a copy
[INFO ]  Class: TopOpeBRepDS_TKI
[WARNI]      [TypeHint] Skip type NCollection_List<opencascade::handle<TopOpeBRepDS_Interference>>, because of trailing :
[INFO ]  Enum passed by reference: TopOpeBRepDS_Kind &K changed to TopOpeBRepDS_Kind &OutValue
[INFO ]  Enum passed by reference: TopOpeBRepDS_Kind & K changed to TopOpeBRepDS_Kind &OutValue
[WARNI]      [TypeHint] Skip type NCollection_List<opencascade::handle<TopOpeBRepDS_Interference>>, because of trailing :
[INFO ]  Enum passed by reference: TopOpeBRepDS_Kind & K changed to TopOpeBRepDS_Kind &OutValue
[WARNI]      [TypeHint] Skipping type int &, should contain _
[WARNI]      [TypeHint] Skip type NCollection_List<opencascade::handle<TopOpeBRepDS_Interference>>, because of trailing :
[WARNI]      [TypeHint] Skip type NCollection_List<opencascade::handle<TopOpeBRepDS_Interference>>, because of trailing :
[WARNI]      [TypeHint] Skip type NCollection_List<opencascade::handle<TopOpeBRepDS_Interference>>, because of trailing :
[INFO ]  Enum passed by reference: TopOpeBRepDS_Kind &K changed to TopOpeBRepDS_Kind &OutValue
[INFO ]  Enum passed by reference: TopOpeBRepDS_Kind & K changed to TopOpeBRepDS_Kind &OutValue
[WARNI]      [TypeHint] Skip type NCollection_List<opencascade::handle<TopOpeBRepDS_Interference>>, because of trailing :
[INFO ]  Enum passed by reference: TopOpeBRepDS_Kind & K changed to TopOpeBRepDS_Kind &OutValue
[WARNI]      [TypeHint] Skipping type int &, should contain _
[INFO ]  Class: TopOpeBRepDS_TOOL
[WARNI]      [TypeHint] Skipping type NCollection_DataMap<TopoDS_Shape,, seems to be a template
[WARNI]      [TypeHint] Skipping type int &, should contain _
[WARNI]      [TypeHint] Skipping type NCollection_DataMap<TopoDS_Shape,, seems to be a template
[INFO ]  Class: TopOpeBRepDS_Transition
[INFO ]      [TypeHint] More than 1 constructor, @overload decorator needed.
[INFO ]  Class: TopOpeBRepDS_CurveData
[INFO ]      [TypeHint] More than 1 constructor, @overload decorator needed.
[INFO ]  Class: TopOpeBRepDS_CurveIterator
[WARNI]      [TypeHint] Skip type NCollection_List<opencascade::handle<TopOpeBRepDS_Interference>>, because of trailing :
[INFO ]  Class: TopOpeBRepDS_CurvePointInterference
[INFO ]  Class: TopOpeBRepDS_PointData
[INFO ]      [TypeHint] More than 1 constructor, @overload decorator needed.
[WARNI]      [TypeHint] Skipping type int &, should contain _
[INFO ]  Class: TopOpeBRepDS_PointIterator
[WARNI]      [TypeHint] Skip type NCollection_List<opencascade::handle<TopOpeBRepDS_Interference>>, because of trailing :
[INFO ]  Class: TopOpeBRepDS_ShapeShapeInterference
[INFO ]  Class: TopOpeBRepDS_SolidSurfaceInterference
[INFO ]  Class: TopOpeBRepDS_SurfaceCurveInterference
[INFO ]      [TypeHint] More than 1 constructor, @overload decorator needed.
[INFO ]  Class: TopOpeBRepDS_SurfaceData
[INFO ]      [TypeHint] More than 1 constructor, @overload decorator needed.
[INFO ]  Class: TopOpeBRepDS_SurfaceIterator
[WARNI]      [TypeHint] Skip type NCollection_List<opencascade::handle<TopOpeBRepDS_Interference>>, because of trailing :
[INFO ]  Class: TopOpeBRepDS_EdgeVertexInterference
[INFO ]      [TypeHint] More than 1 constructor, @overload decorator needed.
[INFO ]  Class: TopOpeBRepDS_FaceEdgeInterference
[INFO ]  ## Processing module TopOpeBRepTool
[INFO ]  Enum: TopOpeBRepTool_OutCurveType
[INFO ]  Skip typedef TopOpeBRepTool_PShapeClassifier because target is a pointer type
[INFO ]  Skip typedef TopOpeBRepTool_PSoClassif because target is a pointer type
[INFO ]  Skip typedef TopOpeBRepTool_Plos because target is a pointer type
[INFO ]  Class: TopOpeBRepTool
[INFO ]  Class: TopOpeBRepTool_AncestorsTool
[INFO ]  Class: TopOpeBRepTool_BoxSort
[INFO ]      [TypeHint] More than 1 constructor, @overload decorator needed.
[WARNI]      [TypeHint] Skipping type NCollection_List<int, seems to be a template
[WARNI]      [TypeHint] Skipping type NCollection_HArray1<Bnd_Box, seems to be a template
[WARNI]      [TypeHint] Skipping type NCollection_HArray1<Bnd_Box, seems to be a template
[WARNI]      [TypeHint] Skipping type NCollection_List<int, seems to be a template
[INFO ]  Class: TopOpeBRepTool_C2DF
[INFO ]      [TypeHint] More than 1 constructor, @overload decorator needed.
[WARNI]      [TypeHint] Skipping type double &, should contain _
[INFO ]  Class: TopOpeBRepTool_CLASSI
[INFO ]  Class: TopOpeBRepTool_CORRISO
[INFO ]      [TypeHint] More than 1 constructor, @overload decorator needed.
[WARNI]      [TypeHint] Skipping type double &, should contain _
[WARNI]      [TypeHint] Skipping type int &, should contain _
[WARNI]      [TypeHint] Skipping type int &, should contain _
[WARNI]  const GeomAdaptor_Surface & wrapped as a copy
[WARNI]  const GeomAdaptor_Surface & wrapped as a copy
[WARNI]      [TypeHint] Skipping type double &, should contain _
[INFO ]  Class: TopOpeBRepTool_CurveTool
[INFO ]      [TypeHint] More than 1 constructor, @overload decorator needed.
[WARNI]      [TypeHint] Skipping type double &, should contain _
[WARNI]      [TypeHint] Skipping type double &, should contain _
[INFO ]  Class: TopOpeBRepTool_FuseEdges
[INFO ]  Class: TopOpeBRepTool_GeomTool
[WARNI]      [TypeHint] Skipping type double &, should contain _
[INFO ]  Class: TopOpeBRepTool_HBoxTool
[WARNI]      [TypeHint] Skipping type NCollection_IndexedDataMap<TopoDS_Shape,, seems to be a template
[WARNI]      [TypeHint] Skipping type NCollection_IndexedDataMap<TopoDS_Shape,, seems to be a template
[INFO ]  Class: TopOpeBRepTool_PurgeInternalEdges
[INFO ]  Class: TopOpeBRepTool_REGUS
[INFO ]  Class: TopOpeBRepTool_REGUW
[INFO ]  Class: TopOpeBRepTool_ShapeClassifier
[INFO ]      [TypeHint] More than 1 constructor, @overload decorator needed.
[INFO ]  Class: TopOpeBRepTool_ShapeExplorer
[INFO ]      [TypeHint] More than 1 constructor, @overload decorator needed.
[INFO ]  Class: TopOpeBRepTool_ShapeTool
[WARNI]      [TypeHint] Skipping type double &, should contain _
[WARNI]      [TypeHint] Skipping type static double, should contain _
[WARNI]      [TypeHint] Skipping type double &, should contain _
[WARNI]      [TypeHint] Skipping type static double, should contain _
[WARNI]      [TypeHint] Skipping type double &, should contain _
[WARNI]      [TypeHint] Skipping type static double, should contain _
[WARNI]      [TypeHint] Skipping type static double, should contain _
[WARNI]      [TypeHint] Skipping type static double, should contain _
[WARNI]      [TypeHint] Skipping type static double, should contain _
[WARNI]      [TypeHint] Skipping type static double, should contain _
[WARNI]      [TypeHint] Skipping type static double, should contain _
[WARNI]      [TypeHint] Skipping type double &, should contain _
[WARNI]      [TypeHint] Skipping type double &, should contain _
[INFO ]  Class: TopOpeBRepTool_SolidClassifier
[INFO ]  Class: TopOpeBRepTool_TOOL
[WARNI]      [TypeHint] Skipping type double &, should contain _
[WARNI]      [TypeHint] Skipping type double &, should contain _
[INFO ]  Enum passed by reference: TopAbs_State &st changed to TopAbs_State &OutValue
[INFO ]  Enum passed by reference: TopAbs_State & st changed to TopAbs_State &OutValue
[INFO ]  Enum passed by reference: TopAbs_State & st changed to TopAbs_State &OutValue
[WARNI]      [TypeHint] Skipping type static double, should contain _
[WARNI]      [TypeHint] Skipping type static double, should contain _
[WARNI]      [TypeHint] Skipping type double &, should contain _
[WARNI]      [TypeHint] Skipping type double &, should contain _
[WARNI]      [TypeHint] Skipping type double &, should contain _
[WARNI]      [TypeHint] Skipping type static double, should contain _
[WARNI]      [TypeHint] Skipping type double &, should contain _
[WARNI]      [TypeHint] Skipping type double &, should contain _
[WARNI]      [TypeHint] Skipping type int &, should contain _
[WARNI]      [TypeHint] Skipping type static double, should contain _
[WARNI]      [TypeHint] Skipping type static double, should contain _
[WARNI]      [TypeHint] Skipping type static double, should contain _
[WARNI]      [TypeHint] Skipping type int &, should contain _
[INFO ]  Class: TopOpeBRepTool_connexity
[INFO ]      [TypeHint] More than 1 constructor, @overload decorator needed.
[INFO ]  Class: TopOpeBRepTool_face
[INFO ]  Class: TopOpeBRepTool_makeTransition
[INFO ]  Enum passed by reference: TopAbs_State &stb changed to TopAbs_State &OutValue
[INFO ]  Enum passed by reference: TopAbs_State &sta changed to TopAbs_State &OutValue
[INFO ]  Enum passed by reference: TopAbs_State & stb changed to TopAbs_State &OutValue
[INFO ]  Enum passed by reference: TopAbs_State & sta changed to TopAbs_State &OutValue
[INFO ]  Enum passed by reference: TopAbs_State & stb changed to TopAbs_State &OutValue
[INFO ]  Enum passed by reference: TopAbs_State & sta changed to TopAbs_State &OutValue
[INFO ]  Enum passed by reference: TopAbs_State &stb changed to TopAbs_State &OutValue
[INFO ]  Enum passed by reference: TopAbs_State &sta changed to TopAbs_State &OutValue
[INFO ]  Enum passed by reference: TopAbs_State & stb changed to TopAbs_State &OutValue
[INFO ]  Enum passed by reference: TopAbs_State & sta changed to TopAbs_State &OutValue
[INFO ]  Enum passed by reference: TopAbs_State & stb changed to TopAbs_State &OutValue
[INFO ]  Enum passed by reference: TopAbs_State & sta changed to TopAbs_State &OutValue
[INFO ]  Enum passed by reference: TopAbs_State &stb changed to TopAbs_State &OutValue
[INFO ]  Enum passed by reference: TopAbs_State &sta changed to TopAbs_State &OutValue
[INFO ]  Enum passed by reference: TopAbs_State & stb changed to TopAbs_State &OutValue
[INFO ]  Enum passed by reference: TopAbs_State & sta changed to TopAbs_State &OutValue
[INFO ]  Enum passed by reference: TopAbs_State & stb changed to TopAbs_State &OutValue
[INFO ]  Enum passed by reference: TopAbs_State & sta changed to TopAbs_State &OutValue
[INFO ]  Enum passed by reference: TopAbs_State &stb changed to TopAbs_State &OutValue
[INFO ]  Enum passed by reference: TopAbs_State &sta changed to TopAbs_State &OutValue
[INFO ]  Enum passed by reference: TopAbs_State & stb changed to TopAbs_State &OutValue
[INFO ]  Enum passed by reference: TopAbs_State & sta changed to TopAbs_State &OutValue
[INFO ]  Enum passed by reference: TopAbs_State & stb changed to TopAbs_State &OutValue
[INFO ]  Enum passed by reference: TopAbs_State & sta changed to TopAbs_State &OutValue
[INFO ]  Processing toolkit TKFeat ===
[INFO ]  ## Processing module BRepFeat
[INFO ]  Enum: BRepFeat_PerfSelection
[INFO ]  Enum: BRepFeat_Status
[INFO ]  Enum: BRepFeat_StatusError
[INFO ]  Class: BRepFeat
[INFO ]      explicitly excluded method BRepFeat::ceb2c0726f8dcb987a8270e5f45fda00
[WARNI]      [TypeHint] Skipping type static double, should contain _
[WARNI]      [TypeHint] Skipping type double &, should contain _
[INFO ]  Class: BRepFeat_Builder
[INFO ]  Class: BRepFeat_Form
[INFO ]      Class BRepFeat_Form is abstract, using %nodefaultctor.
[INFO ]  Class: BRepFeat_Gluer
[INFO ]      [TypeHint] More than 1 constructor, @overload decorator needed.
[INFO ]  Class: BRepFeat_RibSlot
[WARNI]      [TypeHint] Skipping type static double, should contain _
[INFO ]  Class: BRepFeat_SplitShape
[INFO ]      [TypeHint] More than 1 constructor, @overload decorator needed.
[INFO ]  Class: BRepFeat_MakeCylindricalHole
[INFO ]  Class: BRepFeat_MakeDPrism
[INFO ]      [TypeHint] More than 1 constructor, @overload decorator needed.
[INFO ]  Class: BRepFeat_MakeLinearForm
[INFO ]      explicitly excluded method BRepFeat_MakeLinearForm::e35d94d6c538b960c0d4daac3e793136
[INFO ]      [TypeHint] More than 1 constructor, @overload decorator needed.
[INFO ]  Class: BRepFeat_MakePipe
[INFO ]      [TypeHint] More than 1 constructor, @overload decorator needed.
[INFO ]  Class: BRepFeat_MakePrism
[INFO ]      [TypeHint] More than 1 constructor, @overload decorator needed.
[INFO ]  Class: BRepFeat_MakeRevol
[INFO ]      [TypeHint] More than 1 constructor, @overload decorator needed.
[INFO ]  Class: BRepFeat_MakeRevolutionForm
[INFO ]      [TypeHint] More than 1 constructor, @overload decorator needed.
[INFO ]  ## Processing module LocOpe
[INFO ]  Enum: LocOpe_Operation
[INFO ]  Class: LocOpe
[INFO ]  Class: LocOpe_BuildShape
[INFO ]      [TypeHint] More than 1 constructor, @overload decorator needed.
[INFO ]  Class: LocOpe_BuildWires
[INFO ]      [TypeHint] More than 1 constructor, @overload decorator needed.
[INFO ]  Class: LocOpe_CSIntersector
[INFO ]      [TypeHint] More than 1 constructor, @overload decorator needed.
[INFO ]  Enum passed by reference: TopAbs_Orientation &Or changed to TopAbs_Orientation &OutValue
[INFO ]  Enum passed by reference: TopAbs_Orientation & Or changed to TopAbs_Orientation &OutValue
[INFO ]  Enum passed by reference: TopAbs_Orientation & Or changed to TopAbs_Orientation &OutValue
[WARNI]      [TypeHint] Skipping type int &, should contain _
[INFO ]  Enum passed by reference: TopAbs_Orientation &Or changed to TopAbs_Orientation &OutValue
[INFO ]  Enum passed by reference: TopAbs_Orientation & Or changed to TopAbs_Orientation &OutValue
[INFO ]  Enum passed by reference: TopAbs_Orientation & Or changed to TopAbs_Orientation &OutValue
[WARNI]      [TypeHint] Skipping type int &, should contain _
[INFO ]  Enum passed by reference: TopAbs_Orientation &Or changed to TopAbs_Orientation &OutValue
[INFO ]  Enum passed by reference: TopAbs_Orientation & Or changed to TopAbs_Orientation &OutValue
[INFO ]  Enum passed by reference: TopAbs_Orientation & Or changed to TopAbs_Orientation &OutValue
[WARNI]      [TypeHint] Skipping type int &, should contain _
[INFO ]  Enum passed by reference: TopAbs_Orientation &Or changed to TopAbs_Orientation &OutValue
[INFO ]  Enum passed by reference: TopAbs_Orientation & Or changed to TopAbs_Orientation &OutValue
[INFO ]  Enum passed by reference: TopAbs_Orientation & Or changed to TopAbs_Orientation &OutValue
[WARNI]      [TypeHint] Skipping type int &, should contain _
[WARNI]      [TypeHint] Skipping type NCollection_Sequence<gp_Lin>, seems to be a template
[WARNI]      [TypeHint] Skipping type NCollection_Sequence<gp_Circ>, seems to be a template
[INFO ]  Class: LocOpe_CurveShapeIntersector
[INFO ]      [TypeHint] More than 1 constructor, @overload decorator needed.
[INFO ]  Enum passed by reference: TopAbs_Orientation &Or changed to TopAbs_Orientation &OutValue
[INFO ]  Enum passed by reference: TopAbs_Orientation & Or changed to TopAbs_Orientation &OutValue
[INFO ]  Enum passed by reference: TopAbs_Orientation & Or changed to TopAbs_Orientation &OutValue
[WARNI]      [TypeHint] Skipping type int &, should contain _
[INFO ]  Enum passed by reference: TopAbs_Orientation &Or changed to TopAbs_Orientation &OutValue
[INFO ]  Enum passed by reference: TopAbs_Orientation & Or changed to TopAbs_Orientation &OutValue
[INFO ]  Enum passed by reference: TopAbs_Orientation & Or changed to TopAbs_Orientation &OutValue
[WARNI]      [TypeHint] Skipping type int &, should contain _
[INFO ]  Enum passed by reference: TopAbs_Orientation &Or changed to TopAbs_Orientation &OutValue
[INFO ]  Enum passed by reference: TopAbs_Orientation & Or changed to TopAbs_Orientation &OutValue
[INFO ]  Enum passed by reference: TopAbs_Orientation & Or changed to TopAbs_Orientation &OutValue
[WARNI]      [TypeHint] Skipping type int &, should contain _
[INFO ]  Enum passed by reference: TopAbs_Orientation &Or changed to TopAbs_Orientation &OutValue
[INFO ]  Enum passed by reference: TopAbs_Orientation & Or changed to TopAbs_Orientation &OutValue
[INFO ]  Enum passed by reference: TopAbs_Orientation & Or changed to TopAbs_Orientation &OutValue
[WARNI]      [TypeHint] Skipping type int &, should contain _
[INFO ]  Class: LocOpe_DPrism
[INFO ]      [TypeHint] More than 1 constructor, @overload decorator needed.
[INFO ]  Class: LocOpe_FindEdges
[INFO ]      [TypeHint] More than 1 constructor, @overload decorator needed.
[INFO ]  Class: LocOpe_FindEdgesInFace
[INFO ]      [TypeHint] More than 1 constructor, @overload decorator needed.
[INFO ]  Class: LocOpe_GeneratedShape
[INFO ]      Class LocOpe_GeneratedShape is abstract, using %nodefaultctor.
[INFO ]  Class: LocOpe_Generator
[INFO ]      [TypeHint] More than 1 constructor, @overload decorator needed.
[INFO ]  Class: LocOpe_Gluer
[INFO ]      [TypeHint] More than 1 constructor, @overload decorator needed.
[INFO ]  Class: LocOpe_LinearForm
[INFO ]      [TypeHint] More than 1 constructor, @overload decorator needed.
[INFO ]  Class: LocOpe_Pipe
[WARNI]  const TColGeom_SequenceOfCurve & wrapped as a copy
[WARNI]  const TColGeom_SequenceOfCurve & wrapped as a copy
[INFO ]  Class: LocOpe_PntFace
[INFO ]      [TypeHint] More than 1 constructor, @overload decorator needed.
[INFO ]  Class: LocOpe_Prism
[INFO ]      [TypeHint] More than 1 constructor, @overload decorator needed.
[INFO ]  Class: LocOpe_SplitDrafts
[INFO ]      [TypeHint] More than 1 constructor, @overload decorator needed.
[INFO ]  Class: LocOpe_SplitShape
[INFO ]      [TypeHint] More than 1 constructor, @overload decorator needed.
[INFO ]  Class: LocOpe_Spliter
[INFO ]      [TypeHint] More than 1 constructor, @overload decorator needed.
[INFO ]  Class: LocOpe_WiresOnShape
[WARNI]      [TypeHint] Skipping type double &, should contain _
[WARNI]      [TypeHint] Skipping type double &, should contain _
[INFO ]  Class: LocOpe_GluedShape
[INFO ]      [TypeHint] More than 1 constructor, @overload decorator needed.
[INFO ]  Processing toolkit TKFillet ===
[INFO ]  ## Processing module BRepBlend
[WARNI]      [TypeHint] Skipping type opencascade::handle, should contain _
[INFO ]  Class: BRepBlend_AppFuncRoot
[INFO ]      Class BRepBlend_AppFuncRoot is abstract, using %nodefaultctor.
[WARNI]      [TypeHint] Skipping type double &, should contain _
[WARNI]      [TypeHint] Skipping type int &, should contain _
[INFO ]  Class: BRepBlend_AppSurf
[INFO ]      [TypeHint] More than 1 constructor, @overload decorator needed.
[WARNI]      [TypeHint] Skipping type double &, should contain _
[WARNI]      [TypeHint] Skipping type int &, should contain _
[WARNI]      [TypeHint] Skipping type int &, should contain _
[WARNI]      [TypeHint] Skipping type double &, should contain _
[INFO ]  Class: BRepBlend_AppSurface
[INFO ]      explicitly excluded method BRepBlend_AppSurface::fb5b2f0ee59c5fea9bfe8dc881f609c1
[WARNI]      [TypeHint] Skipping type int &, should contain _
[WARNI]      [TypeHint] Skipping type int &, should contain _
[INFO ]  Class: BRepBlend_BlendTool
[WARNI]      [TypeHint] Skipping type double &, should contain _
[WARNI]      [TypeHint] Skipping type double &, should contain _
[WARNI]      [TypeHint] Skipping type static double, should contain _
[WARNI]      [TypeHint] Skipping type double &, should contain _
[WARNI]      [TypeHint] Skipping type static double, should contain _
[INFO ]  Class: BRepBlend_CurvPointRadInv
[INFO ]  Class: BRepBlend_Extremity
[INFO ]      [TypeHint] More than 1 constructor, @overload decorator needed.
[WARNI]      [TypeHint] Skipping type double &, should contain _
[INFO ]  Class: BRepBlend_HCurve2dTool
[WARNI]      [TypeHint] Skipping type static double, should contain _
[WARNI]      [TypeHint] Skipping type static double, should contain _
[WARNI]      [TypeHint] Skipping type static double, should contain _
[WARNI]      [TypeHint] Skipping type static double, should contain _
[INFO ]  Class: BRepBlend_HCurveTool
[WARNI]      [TypeHint] Skipping type static double, should contain _
[WARNI]      [TypeHint] Skipping type static double, should contain _
[WARNI]      [TypeHint] Skipping type static double, should contain _
[WARNI]      [TypeHint] Skipping type static double, should contain _
[INFO ]  Class: BRepBlend_Line
[INFO ]  Class: BRepBlend_PointOnRst
[INFO ]      [TypeHint] More than 1 constructor, @overload decorator needed.
[INFO ]  Class: BRepBlend_RstRstConstRad
[WARNI]      [TypeHint] Skipping type int &, should contain _
[WARNI]      [TypeHint] Skipping type double &, should contain _
[WARNI]      [TypeHint] Skipping type double &, should contain _
[INFO ]  Class: BRepBlend_RstRstEvolRad
[WARNI]      [TypeHint] Skipping type int &, should contain _
[WARNI]      [TypeHint] Skipping type double &, should contain _
[WARNI]      [TypeHint] Skipping type double &, should contain _
[INFO ]  Class: BRepBlend_RstRstLineBuilder
[WARNI]      [TypeHint] Skipping type double &, should contain _
[INFO ]  Class: BRepBlend_SurfCurvConstRadInv
[INFO ]  Class: BRepBlend_SurfCurvEvolRadInv
[INFO ]  Class: BRepBlend_SurfPointConstRadInv
[INFO ]  Class: BRepBlend_SurfPointEvolRadInv
[INFO ]  Class: BRepBlend_SurfRstConstRad
[WARNI]      [TypeHint] Skipping type int &, should contain _
[WARNI]      [TypeHint] Skipping type double &, should contain _
[WARNI]      [TypeHint] Skipping type double &, should contain _
[INFO ]  Class: BRepBlend_SurfRstEvolRad
[WARNI]      [TypeHint] Skipping type int &, should contain _
[WARNI]      [TypeHint] Skipping type double &, should contain _
[WARNI]      [TypeHint] Skipping type double &, should contain _
[INFO ]  Class: BRepBlend_SurfRstLineBuilder
[WARNI]      [TypeHint] Skipping type double &, should contain _
[WARNI]      [TypeHint] Skipping type double &, should contain _
[INFO ]  Class: BRepBlend_Walking
[INFO ]  Enum passed by reference: TopAbs_State &Pos1 changed to TopAbs_State &OutValue
[INFO ]  Enum passed by reference: TopAbs_State &Pos2 changed to TopAbs_State &OutValue
[INFO ]  Enum passed by reference: TopAbs_State & Pos1 changed to TopAbs_State &OutValue
[INFO ]  Enum passed by reference: TopAbs_State & Pos2 changed to TopAbs_State &OutValue
[INFO ]  Enum passed by reference: TopAbs_State & Pos1 changed to TopAbs_State &OutValue
[INFO ]  Enum passed by reference: TopAbs_State & Pos2 changed to TopAbs_State &OutValue
[WARNI]      [TypeHint] Skipping type double &, should contain _
[INFO ]  Class: BRepBlend_AppFunc
[INFO ]  Class: BRepBlend_AppFuncRst
[INFO ]  Class: BRepBlend_AppFuncRstRst
[INFO ]  ## Processing module BRepFilletAPI
[INFO ]  Class: BRepFilletAPI_LocalOperation
[INFO ]      Class BRepFilletAPI_LocalOperation is abstract, using %nodefaultctor.
[WARNI]      [TypeHint] Skipping type virtual double, should contain _
[WARNI]      [TypeHint] Skipping type virtual double, should contain _
[WARNI]      [TypeHint] Skipping type virtual double, should contain _
[WARNI]      [TypeHint] Skipping type NCollection_HArray1<ChFiDS_CircSection, seems to be a template
[INFO ]  Class: BRepFilletAPI_MakeFillet2d
[INFO ]      [TypeHint] More than 1 constructor, @overload decorator needed.
[INFO ]  Class: BRepFilletAPI_MakeChamfer
[WARNI]      [TypeHint] Skipping type double &, should contain _
[WARNI]      [TypeHint] Skipping type double &, should contain _
[WARNI]      [TypeHint] Skipping type double &, should contain _
[WARNI]      [TypeHint] Skipping type NCollection_HArray1<ChFiDS_CircSection, seems to be a template
[INFO ]  Class: BRepFilletAPI_MakeFillet
[WARNI]      [TypeHint] Skipping type double &, should contain _
[WARNI]      [TypeHint] Skipping type NCollection_HArray1<ChFiDS_CircSection, seems to be a template
[INFO ]  ## Processing module Blend
[INFO ]  Enum: Blend_DecrochStatus
[INFO ]  Enum: Blend_Status
[INFO ]  Class: Blend_AppFunction
[INFO ]      Class Blend_AppFunction is abstract, using %nodefaultctor.
[WARNI]      [TypeHint] Skipping type virtual double, should contain _
[WARNI]      [TypeHint] Skipping type virtual double, should contain _
[WARNI]      [TypeHint] Skipping type int &, should contain _
[WARNI]      [TypeHint] Skipping type double &, should contain _
[INFO ]  Class: Blend_CurvPointFuncInv
[INFO ]      Class Blend_CurvPointFuncInv is abstract, using %nodefaultctor.
[INFO ]  Class: Blend_FuncInv
[INFO ]      Class Blend_FuncInv is abstract, using %nodefaultctor.
[INFO ]  Class: Blend_Point
[INFO ]      [TypeHint] More than 1 constructor, @overload decorator needed.
[WARNI]      [TypeHint] Skipping type double &, should contain _
[WARNI]      [TypeHint] Skipping type double &, should contain _
[WARNI]      [TypeHint] Skipping type double &, should contain _
[INFO ]  Class: Blend_SurfCurvFuncInv
[INFO ]      Class Blend_SurfCurvFuncInv is abstract, using %nodefaultctor.
[INFO ]  Class: Blend_SurfPointFuncInv
[INFO ]      Class Blend_SurfPointFuncInv is abstract, using %nodefaultctor.
[INFO ]  Class: Blend_CSFunction
[INFO ]      Class Blend_CSFunction is abstract, using %nodefaultctor.
[WARNI]      [TypeHint] Skipping type int &, should contain _
[WARNI]      [TypeHint] Skipping type virtual double, should contain _
[INFO ]  Class: Blend_Function
[INFO ]      Class Blend_Function is abstract, using %nodefaultctor.
[INFO ]  Class: Blend_RstRstFunction
[INFO ]      Class Blend_RstRstFunction is abstract, using %nodefaultctor.
[WARNI]      [TypeHint] Skipping type int &, should contain _
[WARNI]      [TypeHint] Skipping type virtual double, should contain _
[WARNI]      [TypeHint] Skipping type virtual double, should contain _
[INFO ]  Class: Blend_SurfRstFunction
[INFO ]      Class Blend_SurfRstFunction is abstract, using %nodefaultctor.
[WARNI]      [TypeHint] Skipping type int &, should contain _
[WARNI]      [TypeHint] Skipping type virtual double, should contain _
[INFO ]  ## Processing module BlendFunc
[INFO ]  Enum: BlendFunc_SectionShape
[INFO ]  Class: BlendFunc
[INFO ]      explicitly excluded method BlendFunc::63f675c32fbdf8d6605e14452bb2156c
[INFO ]      explicitly excluded method BlendFunc::a5a359073a2e8c17a7ecdb5eb6333e5b
[INFO ]  Enum passed by reference: Convert_ParameterisationType &TypeConv changed to Convert_ParameterisationType &OutValue
[INFO ]  Enum passed by reference: Convert_ParameterisationType & TypeConv changed to Convert_ParameterisationType &OutValue
[WARNI]      [TypeHint] Skipping type int &, should contain _
[INFO ]  Class: BlendFunc_CSCircular
[WARNI]      [TypeHint] Skipping type int &, should contain _
[WARNI]      [TypeHint] Skipping type double &, should contain _
[WARNI]      [TypeHint] Skipping type double &, should contain _
[INFO ]  Class: BlendFunc_CSConstRad
[WARNI]      [TypeHint] Skipping type int &, should contain _
[WARNI]      [TypeHint] Skipping type double &, should contain _
[WARNI]      [TypeHint] Skipping type double &, should contain _
[INFO ]  Class: BlendFunc_ChAsym
[WARNI]      [TypeHint] Skipping type int &, should contain _
[WARNI]      [TypeHint] Skipping type double &, should contain _
[WARNI]      [TypeHint] Skipping type double &, should contain _
[INFO ]  Class: BlendFunc_ChAsymInv
[INFO ]  Class: BlendFunc_ConstRad
[WARNI]      [TypeHint] Skipping type int &, should contain _
[WARNI]      [TypeHint] Skipping type double &, should contain _
[WARNI]      [TypeHint] Skipping type double &, should contain _
[INFO ]  Class: BlendFunc_ConstRadInv
[INFO ]  Class: BlendFunc_Corde
[INFO ]  Class: BlendFunc_EvolRad
[WARNI]      [TypeHint] Skipping type int &, should contain _
[WARNI]      [TypeHint] Skipping type double &, should contain _
[WARNI]      [TypeHint] Skipping type double &, should contain _
[INFO ]  Class: BlendFunc_EvolRadInv
[INFO ]  Class: BlendFunc_GenChamfInv
[INFO ]      Class BlendFunc_GenChamfInv is abstract, using %nodefaultctor.
[INFO ]      Constructor skipped for abstract class BlendFunc_GenChamfInv
[INFO ]  Class: BlendFunc_GenChamfer
[INFO ]      Class BlendFunc_GenChamfer is abstract, using %nodefaultctor.
[INFO ]      Constructor skipped for abstract class BlendFunc_GenChamfer
[WARNI]      [TypeHint] Skipping type int &, should contain _
[WARNI]      [TypeHint] Skipping type double &, should contain _
[WARNI]      [TypeHint] Skipping type double &, should contain _
[INFO ]  Class: BlendFunc_Ruled
[WARNI]      [TypeHint] Skipping type int &, should contain _
[WARNI]      [TypeHint] Skipping type double &, should contain _
[INFO ]  Class: BlendFunc_RuledInv
[INFO ]  Class: BlendFunc_Tensor
[WARNI]      [TypeHint] Skipping type double &, should contain _
[WARNI]      [TypeHint] Skipping type const double &, should contain _
[INFO ]      operand () cannot be wrapped
[INFO ]      operand () cannot be wrapped
[INFO ]  Class: BlendFunc_ChamfInv
[INFO ]  Class: BlendFunc_Chamfer
[INFO ]  Class: BlendFunc_ConstThroat
[WARNI]      [TypeHint] param name missing or '&', skip method type hint
[INFO ]  Class: BlendFunc_ConstThroatInv
[WARNI]      [TypeHint] param name missing or '&', skip method type hint
[INFO ]  Class: BlendFunc_ConstThroatWithPenetration
[INFO ]  Class: BlendFunc_ConstThroatWithPenetrationInv
[INFO ]  ## Processing module ChFi2d
[INFO ]  Enum: ChFi2d_ConstructionError
[INFO ]  Class: ChFi2d
[INFO ]  Class: ChFi2d_AnaFilletAlgo
[INFO ]      [TypeHint] More than 1 constructor, @overload decorator needed.
[INFO ]  Class: ChFi2d_Builder
[INFO ]      [TypeHint] More than 1 constructor, @overload decorator needed.
[INFO ]  Class: ChFi2d_ChamferAPI
[INFO ]      [TypeHint] More than 1 constructor, @overload decorator needed.
[INFO ]  Class: ChFi2d_FilletAPI
[INFO ]      [TypeHint] More than 1 constructor, @overload decorator needed.
[INFO ]  Class: ChFi2d_FilletAlgo
[INFO ]      [TypeHint] More than 1 constructor, @overload decorator needed.
[INFO ]  ## Processing module ChFi3d
[INFO ]  Enum: ChFi3d_FilletShape
[INFO ]  Class: ChFi3d
[INFO ]  Enum passed by reference: TopAbs_Orientation &Or1 changed to TopAbs_Orientation &OutValue
[INFO ]  Enum passed by reference: TopAbs_Orientation &Or2 changed to TopAbs_Orientation &OutValue
[INFO ]  Enum passed by reference: TopAbs_Orientation & Or1 changed to TopAbs_Orientation &OutValue
[INFO ]  Enum passed by reference: TopAbs_Orientation & Or2 changed to TopAbs_Orientation &OutValue
[INFO ]  Enum passed by reference: TopAbs_Orientation & Or1 changed to TopAbs_Orientation &OutValue
[INFO ]  Enum passed by reference: TopAbs_Orientation & Or2 changed to TopAbs_Orientation &OutValue
[INFO ]  Enum passed by reference: TopAbs_Orientation &Or1 changed to TopAbs_Orientation &OutValue
[INFO ]  Enum passed by reference: TopAbs_Orientation &Or2 changed to TopAbs_Orientation &OutValue
[INFO ]  Enum passed by reference: TopAbs_Orientation & Or1 changed to TopAbs_Orientation &OutValue
[INFO ]  Enum passed by reference: TopAbs_Orientation & Or2 changed to TopAbs_Orientation &OutValue
[INFO ]  Enum passed by reference: TopAbs_Orientation & Or1 changed to TopAbs_Orientation &OutValue
[INFO ]  Enum passed by reference: TopAbs_Orientation & Or2 changed to TopAbs_Orientation &OutValue
[INFO ]  Enum passed by reference: TopAbs_Orientation &Or changed to TopAbs_Orientation &OutValue
[INFO ]  Enum passed by reference: TopAbs_Orientation & Or changed to TopAbs_Orientation &OutValue
[INFO ]  Enum passed by reference: TopAbs_Orientation & Or changed to TopAbs_Orientation &OutValue
[INFO ]  Class: ChFi3d_Builder
[INFO ]      Class ChFi3d_Builder is abstract, using %nodefaultctor.
[WARNI]      [TypeHint] Skipping type int &, should contain _
[WARNI]      [TypeHint] Skip type NCollection_Sequence<opencascade::handle<ChFiDS_SurfData>>, because of trailing :
[INFO ]  Class: ChFi3d_SearchSing
[WARNI]      [TypeHint] Skipping type double &, should contain _
[WARNI]      [TypeHint] Skipping type double &, should contain _
[WARNI]      [TypeHint] Skipping type double &, should contain _
[INFO ]  Class: ChFi3d_ChBuilder
[WARNI]      [TypeHint] Skipping type double &, should contain _
[WARNI]      [TypeHint] Skipping type double &, should contain _
[WARNI]      [TypeHint] Skipping type double &, should contain _
[WARNI]      [TypeHint] Skip type NCollection_Sequence<opencascade::handle<ChFiDS_SurfData>>, because of trailing :
[WARNI]      [TypeHint] Skip type NCollection_Sequence<opencascade::handle<ChFiDS_SurfData>>, because of trailing :
[WARNI]      [TypeHint] Skip type NCollection_Sequence<opencascade::handle<ChFiDS_SurfData>>, because of trailing :
[WARNI]      [TypeHint] Skip type NCollection_Sequence<opencascade::handle<ChFiDS_SurfData>>, because of trailing :
[WARNI]      [TypeHint] Skipping type NCollection_HArray1<ChFiDS_CircSection, seems to be a template
[WARNI]      [TypeHint] Skipping type double &, should contain _
[WARNI]      [TypeHint] Skipping type double &, should contain _
[WARNI]      [TypeHint] Skipping type double &, should contain _
[INFO ]  Class: ChFi3d_FilBuilder
[WARNI]      [TypeHint] Skipping type double &, should contain _
[WARNI]      [TypeHint] Skipping type NCollection_HArray1<ChFiDS_CircSection, seems to be a template
[INFO ]  ## Processing module ChFiDS
[INFO ]  Enum: ChFiDS_ChamfMethod
[INFO ]  Enum: ChFiDS_ChamfMode
[INFO ]  Enum: ChFiDS_ErrorStatus
[INFO ]  Enum: ChFiDS_State
[INFO ]  Enum: ChFiDS_TypeOfConcavity
[WARNI]      [TypeHint] Skipping type opencascade::handle, should contain _
[WARNI]      [TypeHint] Skipping type opencascade::handle, should contain _
[WARNI]      [TypeHint] Skipping type opencascade::handle, should contain _
[WARNI]      [TypeHint] Skipping type opencascade::handle, should contain _
[WARNI]      [TypeHint] Skipping type opencascade::handle, should contain _
[WARNI]      [TypeHint] Skipping type opencascade::handle, should contain _
[INFO ]  Class: ChFiDS_CircSection
[WARNI]      [TypeHint] Skipping type double &, should contain _
[WARNI]      [TypeHint] Skipping type double &, should contain _
[INFO ]  Class: ChFiDS_CommonPoint
[INFO ]  Class: ChFiDS_ElSpine
[WARNI]      [TypeHint] Skip type Geom_Curve::ResD1, because of trailing :
[WARNI]      [TypeHint] Skip type Geom_Curve::ResD2, because of trailing :
[WARNI]      [TypeHint] Skip type Geom_Curve::ResD3, because of trailing :
[INFO ]  Class: ChFiDS_FaceInterference
[INFO ]  Class: ChFiDS_Map
[INFO ]      operand () cannot be wrapped
[INFO ]      operand () cannot be wrapped
[INFO ]  Class: ChFiDS_Regul
[INFO ]  Class: ChFiDS_Spine
[INFO ]      [TypeHint] More than 1 constructor, @overload decorator needed.
[WARNI]      [TypeHint] Skip type NCollection_List<opencascade::handle<ChFiDS_ElSpine>>, because of trailing :
[WARNI]      [TypeHint] Skip type NCollection_List<opencascade::handle<ChFiDS_ElSpine>>, because of trailing :
[WARNI]  const BRepAdaptor_Curve & wrapped as a copy
[WARNI]  const BRepAdaptor_Curve & wrapped as a copy
[WARNI]      [TypeHint] Skipping type double &, should contain _
[WARNI]      [TypeHint] Skipping type double &, should contain _
[INFO ]  Class: ChFiDS_Stripe
[WARNI]      [TypeHint] Skip type NCollection_HSequence<opencascade::handle<ChFiDS_SurfData, because of trailing :
[WARNI]      [TypeHint] Skipping type double &, should contain _
[WARNI]      [TypeHint] Skipping type double &, should contain _
[WARNI]      [TypeHint] Skipping type double &, should contain _
[WARNI]      [TypeHint] Skip type NCollection_HSequence<opencascade::handle<ChFiDS_SurfData, because of trailing :
[INFO ]  Class: ChFiDS_StripeMap
[WARNI]      [TypeHint] Skip type NCollection_List<opencascade::handle<ChFiDS_Stripe>>, because of trailing :
[WARNI]      [TypeHint] Skip type NCollection_List<opencascade::handle<ChFiDS_Stripe>>, because of trailing :
[INFO ]      operand () cannot be wrapped
[INFO ]      operand () cannot be wrapped
[INFO ]  Class: ChFiDS_SurfData
[INFO ]  Class: ChFiDS_ChamfSpine
[INFO ]      [TypeHint] More than 1 constructor, @overload decorator needed.
[WARNI]      [TypeHint] Skipping type double &, should contain _
[WARNI]      [TypeHint] Skipping type double &, should contain _
[WARNI]      [TypeHint] Skipping type double &, should contain _
[INFO ]  Class: ChFiDS_FilSpine
[INFO ]      [TypeHint] More than 1 constructor, @overload decorator needed.
[INFO ]  ## Processing module ChFiKPart
[WARNI]      [TypeHint] Skipping type int,opencascade::handle, should contain _
[INFO ]  Class: ChFiKPart_ComputeData
[INFO ]  ## Processing module FilletSurf
[INFO ]  Enum: FilletSurf_ErrorTypeStatus
[INFO ]  Enum: FilletSurf_StatusDone
[INFO ]  Enum: FilletSurf_StatusType
[INFO ]  Class: FilletSurf_Builder
[INFO ]  Class: FilletSurf_InternalBuilder
[INFO ]  Processing toolkit TKGeomAlgo ===
[INFO ]  ## Processing module AppBlend
[INFO ]  Class: AppBlend_Approx
[INFO ]      Class AppBlend_Approx is abstract, using %nodefaultctor.
[WARNI]      [TypeHint] Skipping type int &, should contain _
[WARNI]      [TypeHint] Skipping type int &, should contain _
[WARNI]      [TypeHint] Skipping type virtual double, should contain _
[WARNI]      [TypeHint] Skipping type double &, should contain _
[INFO ]  ## Processing module ApproxInt
[INFO ]  Class: ApproxInt_KnotTools
[WARNI]      [TypeHint] Skipping type NCollection_LocalArray<double>, seems to be a template
[WARNI]      [TypeHint] Skipping type NCollection_DynamicArray<int>, seems to be a template
[INFO ]  Class: ApproxInt_SvSurfaces
[INFO ]      Class ApproxInt_SvSurfaces is abstract, using %nodefaultctor.
[INFO ]      Constructor skipped for abstract class ApproxInt_SvSurfaces
[WARNI]      [TypeHint] Skipping type double &, should contain _
[INFO ]  ## Processing module FairCurve
[INFO ]  Enum: FairCurve_AnalysisCode
[INFO ]  Class: FairCurve_Batten
[INFO ]  Enum passed by reference: FairCurve_AnalysisCode &Code changed to FairCurve_AnalysisCode &OutValue
[INFO ]  Enum passed by reference: FairCurve_AnalysisCode & Code changed to FairCurve_AnalysisCode &OutValue
[INFO ]  Enum passed by reference: FairCurve_AnalysisCode & Code changed to FairCurve_AnalysisCode &OutValue
[INFO ]  Class: FairCurve_BattenLaw
[WARNI]      [TypeHint] Skipping type double &, should contain _
[INFO ]  Class: FairCurve_DistributionOfEnergy
[INFO ]  Class: FairCurve_Energy
[INFO ]      Class FairCurve_Energy is abstract, using %nodefaultctor.
[WARNI]      [TypeHint] Skipping type double &, should contain _
[WARNI]      [TypeHint] Skipping type double &, should contain _
[WARNI]      [TypeHint] Skipping type double &, should contain _
[INFO ]  Class: FairCurve_Newton
[INFO ]  Class: FairCurve_DistributionOfJerk
[INFO ]  Class: FairCurve_DistributionOfSagging
[INFO ]  Class: FairCurve_DistributionOfTension
[INFO ]  Class: FairCurve_EnergyOfBatten
[INFO ]  Class: FairCurve_EnergyOfMVC
[INFO ]  Class: FairCurve_MinimalVariation
[INFO ]  Enum passed by reference: FairCurve_AnalysisCode &ACode changed to FairCurve_AnalysisCode &OutValue
[INFO ]  Enum passed by reference: FairCurve_AnalysisCode & ACode changed to FairCurve_AnalysisCode &OutValue
[INFO ]  Enum passed by reference: FairCurve_AnalysisCode & ACode changed to FairCurve_AnalysisCode &OutValue
[INFO ]  ## Processing module GccAna
[INFO ]  Class: GccAna_Circ2d2TanOn
[INFO ]      [TypeHint] More than 1 constructor, @overload decorator needed.
[WARNI]      [TypeHint] Skipping type double &, should contain _
[WARNI]      [TypeHint] Skipping type double &, should contain _
[WARNI]      [TypeHint] Skipping type double &, should contain _
[INFO ]  Class: GccAna_Circ2d2TanRad
[INFO ]      [TypeHint] More than 1 constructor, @overload decorator needed.
[WARNI]      [TypeHint] Skipping type double &, should contain _
[WARNI]      [TypeHint] Skipping type double &, should contain _
[INFO ]  Class: GccAna_Circ2d3Tan
[INFO ]      [TypeHint] More than 1 constructor, @overload decorator needed.
[WARNI]      [TypeHint] Skipping type double &, should contain _
[WARNI]      [TypeHint] Skipping type double &, should contain _
[WARNI]      [TypeHint] Skipping type double &, should contain _
[INFO ]  Class: GccAna_Circ2dBisec
[INFO ]  Class: GccAna_Circ2dTanCen
[INFO ]      [TypeHint] More than 1 constructor, @overload decorator needed.
[WARNI]      [TypeHint] Skipping type double &, should contain _
[INFO ]  Class: GccAna_Circ2dTanOnRad
[INFO ]      [TypeHint] More than 1 constructor, @overload decorator needed.
[WARNI]      [TypeHint] Skipping type double &, should contain _
[WARNI]      [TypeHint] Skipping type double &, should contain _
[INFO ]  Class: GccAna_CircLin2dBisec
[INFO ]  Class: GccAna_CircPnt2dBisec
[INFO ]      [TypeHint] More than 1 constructor, @overload decorator needed.
[INFO ]  Class: GccAna_Lin2d2Tan
[INFO ]      [TypeHint] More than 1 constructor, @overload decorator needed.
[WARNI]      [TypeHint] Skipping type double &, should contain _
[WARNI]      [TypeHint] Skipping type double &, should contain _
[INFO ]  Class: GccAna_Lin2dBisec
[WARNI]      [TypeHint] Skipping type double &, should contain _
[WARNI]      [TypeHint] Skipping type double &, should contain _
[INFO ]  Class: GccAna_Lin2dTanObl
[INFO ]      [TypeHint] More than 1 constructor, @overload decorator needed.
[WARNI]      [TypeHint] Skipping type double &, should contain _
[WARNI]      [TypeHint] Skipping type double &, should contain _
[INFO ]  Class: GccAna_Lin2dTanPar
[INFO ]      [TypeHint] More than 1 constructor, @overload decorator needed.
[WARNI]      [TypeHint] Skipping type double &, should contain _
[INFO ]  Class: GccAna_Lin2dTanPer
[INFO ]      [TypeHint] More than 1 constructor, @overload decorator needed.
[WARNI]      [TypeHint] Skipping type double &, should contain _
[WARNI]      [TypeHint] Skipping type double &, should contain _
[INFO ]  Class: GccAna_LinPnt2dBisec
[INFO ]  Class: GccAna_Pnt2dBisec
[INFO ]  ## Processing module GccEnt
[INFO ]  Enum: GccEnt_Position
[INFO ]  Class: GccEnt
[INFO ]  Enum passed by reference: GccEnt_Position &thePosition changed to GccEnt_Position &OutValue
[INFO ]  Enum passed by reference: GccEnt_Position & thePosition changed to GccEnt_Position &OutValue
[INFO ]  Enum passed by reference: GccEnt_Position & thePosition changed to GccEnt_Position &OutValue
[INFO ]  Class: GccEnt_QualifiedCirc
[INFO ]  Class: GccEnt_QualifiedLin
[INFO ]  ## Processing module GccInt
[INFO ]  Enum: GccInt_IType
[INFO ]  Class: GccInt_Bisec
[INFO ]      Class GccInt_Bisec is abstract, using %nodefaultctor.
[INFO ]  Class: GccInt_BCirc
[INFO ]  Class: GccInt_BElips
[INFO ]  Class: GccInt_BHyper
[INFO ]  Class: GccInt_BLine
[INFO ]  Class: GccInt_BParab
[INFO ]  Class: GccInt_BPoint
[INFO ]  ## Processing module Geom2dAPI
[INFO ]  Class: Geom2dAPI_ExtremaCurveCurve
[INFO ]      [TypeHint] More than 1 constructor, @overload decorator needed.
[INFO ]      operand int cannot be wrapped
[INFO ]      operand double cannot be wrapped
[WARNI]      [TypeHint] Skipping type double &, should contain _
[WARNI]      [TypeHint] Skipping type double &, should contain _
[INFO ]  Class: Geom2dAPI_InterCurveCurve
[INFO ]      [TypeHint] More than 1 constructor, @overload decorator needed.
[INFO ]  Class: Geom2dAPI_Interpolate
[INFO ]      explicitly excluded method Geom2dAPI_Interpolate::cc7e51f8da6d25de0686408bc4ec060f
[INFO ]      handle<Geom2d_BSplineCurve> skipped because invalid name
[INFO ]      [TypeHint] More than 1 constructor, @overload decorator needed.
[INFO ]  Class: Geom2dAPI_PointsToBSpline
[INFO ]      handle<Geom2d_BSplineCurve> skipped because invalid name
[INFO ]      [TypeHint] More than 1 constructor, @overload decorator needed.
[INFO ]  Class: Geom2dAPI_ProjectPointOnCurve
[INFO ]      [TypeHint] More than 1 constructor, @overload decorator needed.
[INFO ]      operand int cannot be wrapped
[INFO ]      operand gp_Pnt2d cannot be wrapped
[INFO ]      operand double cannot be wrapped
[WARNI]      [TypeHint] Skipping type double &, should contain _
[INFO ]  ## Processing module Geom2dGcc
[INFO ]  Enum: Geom2dGcc_Type1
[INFO ]  Enum: Geom2dGcc_Type2
[INFO ]  Enum: Geom2dGcc_Type3
[INFO ]  Class: Geom2dGcc
[INFO ]  Class: Geom2dGcc_Circ2d2TanOn
[INFO ]      [TypeHint] More than 1 constructor, @overload decorator needed.
[WARNI]      [TypeHint] Skipping type double &, should contain _
[WARNI]      [TypeHint] Skipping type double &, should contain _
[WARNI]      [TypeHint] Skipping type double &, should contain _
[INFO ]  Enum passed by reference: GccEnt_Position &Qualif1 changed to GccEnt_Position &OutValue
[INFO ]  Enum passed by reference: GccEnt_Position &Qualif2 changed to GccEnt_Position &OutValue
[INFO ]  Enum passed by reference: GccEnt_Position & Qualif1 changed to GccEnt_Position &OutValue
[INFO ]  Enum passed by reference: GccEnt_Position & Qualif2 changed to GccEnt_Position &OutValue
[INFO ]  Enum passed by reference: GccEnt_Position & Qualif1 changed to GccEnt_Position &OutValue
[INFO ]  Enum passed by reference: GccEnt_Position & Qualif2 changed to GccEnt_Position &OutValue
[INFO ]  Class: Geom2dGcc_Circ2d2TanOnGeo
[INFO ]      [TypeHint] More than 1 constructor, @overload decorator needed.
[WARNI]      [TypeHint] Skipping type double &, should contain _
[WARNI]      [TypeHint] Skipping type double &, should contain _
[WARNI]      [TypeHint] Skipping type double &, should contain _
[INFO ]  Enum passed by reference: GccEnt_Position &Qualif1 changed to GccEnt_Position &OutValue
[INFO ]  Enum passed by reference: GccEnt_Position &Qualif2 changed to GccEnt_Position &OutValue
[INFO ]  Enum passed by reference: GccEnt_Position & Qualif1 changed to GccEnt_Position &OutValue
[INFO ]  Enum passed by reference: GccEnt_Position & Qualif2 changed to GccEnt_Position &OutValue
[INFO ]  Enum passed by reference: GccEnt_Position & Qualif1 changed to GccEnt_Position &OutValue
[INFO ]  Enum passed by reference: GccEnt_Position & Qualif2 changed to GccEnt_Position &OutValue
[INFO ]  Class: Geom2dGcc_Circ2d2TanOnIter
[INFO ]      [TypeHint] More than 1 constructor, @overload decorator needed.
[WARNI]      [TypeHint] Skipping type double &, should contain _
[WARNI]      [TypeHint] Skipping type double &, should contain _
[WARNI]      [TypeHint] Skipping type double &, should contain _
[INFO ]  Enum passed by reference: GccEnt_Position &Qualif1 changed to GccEnt_Position &OutValue
[INFO ]  Enum passed by reference: GccEnt_Position &Qualif2 changed to GccEnt_Position &OutValue
[INFO ]  Enum passed by reference: GccEnt_Position & Qualif1 changed to GccEnt_Position &OutValue
[INFO ]  Enum passed by reference: GccEnt_Position & Qualif2 changed to GccEnt_Position &OutValue
[INFO ]  Enum passed by reference: GccEnt_Position & Qualif1 changed to GccEnt_Position &OutValue
[INFO ]  Enum passed by reference: GccEnt_Position & Qualif2 changed to GccEnt_Position &OutValue
[INFO ]  Class: Geom2dGcc_Circ2d2TanRad
[INFO ]      [TypeHint] More than 1 constructor, @overload decorator needed.
[WARNI]      [TypeHint] Skipping type double &, should contain _
[WARNI]      [TypeHint] Skipping type double &, should contain _
[INFO ]  Enum passed by reference: GccEnt_Position &Qualif1 changed to GccEnt_Position &OutValue
[INFO ]  Enum passed by reference: GccEnt_Position &Qualif2 changed to GccEnt_Position &OutValue
[INFO ]  Enum passed by reference: GccEnt_Position & Qualif1 changed to GccEnt_Position &OutValue
[INFO ]  Enum passed by reference: GccEnt_Position & Qualif2 changed to GccEnt_Position &OutValue
[INFO ]  Enum passed by reference: GccEnt_Position & Qualif1 changed to GccEnt_Position &OutValue
[INFO ]  Enum passed by reference: GccEnt_Position & Qualif2 changed to GccEnt_Position &OutValue
[INFO ]  Class: Geom2dGcc_Circ2d2TanRadGeo
[INFO ]      [TypeHint] More than 1 constructor, @overload decorator needed.
[WARNI]      [TypeHint] Skipping type double &, should contain _
[WARNI]      [TypeHint] Skipping type double &, should contain _
[INFO ]  Enum passed by reference: GccEnt_Position &Qualif1 changed to GccEnt_Position &OutValue
[INFO ]  Enum passed by reference: GccEnt_Position &Qualif2 changed to GccEnt_Position &OutValue
[INFO ]  Enum passed by reference: GccEnt_Position & Qualif1 changed to GccEnt_Position &OutValue
[INFO ]  Enum passed by reference: GccEnt_Position & Qualif2 changed to GccEnt_Position &OutValue
[INFO ]  Enum passed by reference: GccEnt_Position & Qualif1 changed to GccEnt_Position &OutValue
[INFO ]  Enum passed by reference: GccEnt_Position & Qualif2 changed to GccEnt_Position &OutValue
[INFO ]  Class: Geom2dGcc_Circ2d3Tan
[INFO ]      [TypeHint] More than 1 constructor, @overload decorator needed.
[WARNI]      [TypeHint] Skipping type double &, should contain _
[WARNI]      [TypeHint] Skipping type double &, should contain _
[WARNI]      [TypeHint] Skipping type double &, should contain _
[INFO ]  Enum passed by reference: GccEnt_Position &Qualif1 changed to GccEnt_Position &OutValue
[INFO ]  Enum passed by reference: GccEnt_Position &Qualif2 changed to GccEnt_Position &OutValue
[INFO ]  Enum passed by reference: GccEnt_Position &Qualif3 changed to GccEnt_Position &OutValue
[INFO ]  Enum passed by reference: GccEnt_Position & Qualif1 changed to GccEnt_Position &OutValue
[INFO ]  Enum passed by reference: GccEnt_Position & Qualif2 changed to GccEnt_Position &OutValue
[INFO ]  Enum passed by reference: GccEnt_Position & Qualif3 changed to GccEnt_Position &OutValue
[INFO ]  Enum passed by reference: GccEnt_Position & Qualif1 changed to GccEnt_Position &OutValue
[INFO ]  Enum passed by reference: GccEnt_Position & Qualif2 changed to GccEnt_Position &OutValue
[INFO ]  Enum passed by reference: GccEnt_Position & Qualif3 changed to GccEnt_Position &OutValue
[INFO ]  Class: Geom2dGcc_Circ2d3TanIter
[INFO ]      [TypeHint] More than 1 constructor, @overload decorator needed.
[WARNI]      [TypeHint] Skipping type double &, should contain _
[WARNI]      [TypeHint] Skipping type double &, should contain _
[WARNI]      [TypeHint] Skipping type double &, should contain _
[INFO ]  Enum passed by reference: GccEnt_Position &Qualif1 changed to GccEnt_Position &OutValue
[INFO ]  Enum passed by reference: GccEnt_Position &Qualif2 changed to GccEnt_Position &OutValue
[INFO ]  Enum passed by reference: GccEnt_Position &Qualif3 changed to GccEnt_Position &OutValue
[INFO ]  Enum passed by reference: GccEnt_Position & Qualif1 changed to GccEnt_Position &OutValue
[INFO ]  Enum passed by reference: GccEnt_Position & Qualif2 changed to GccEnt_Position &OutValue
[INFO ]  Enum passed by reference: GccEnt_Position & Qualif3 changed to GccEnt_Position &OutValue
[INFO ]  Enum passed by reference: GccEnt_Position & Qualif1 changed to GccEnt_Position &OutValue
[INFO ]  Enum passed by reference: GccEnt_Position & Qualif2 changed to GccEnt_Position &OutValue
[INFO ]  Enum passed by reference: GccEnt_Position & Qualif3 changed to GccEnt_Position &OutValue
[INFO ]  Class: Geom2dGcc_Circ2dTanCen
[WARNI]      [TypeHint] Skipping type double &, should contain _
[INFO ]  Enum passed by reference: GccEnt_Position &Qualif1 changed to GccEnt_Position &OutValue
[INFO ]  Enum passed by reference: GccEnt_Position & Qualif1 changed to GccEnt_Position &OutValue
[INFO ]  Enum passed by reference: GccEnt_Position & Qualif1 changed to GccEnt_Position &OutValue
[INFO ]  Class: Geom2dGcc_Circ2dTanCenGeo
[WARNI]      [TypeHint] Skipping type double &, should contain _
[INFO ]  Enum passed by reference: GccEnt_Position &Qualif1 changed to GccEnt_Position &OutValue
[INFO ]  Enum passed by reference: GccEnt_Position & Qualif1 changed to GccEnt_Position &OutValue
[INFO ]  Enum passed by reference: GccEnt_Position & Qualif1 changed to GccEnt_Position &OutValue
[INFO ]  Class: Geom2dGcc_Circ2dTanOnRad
[INFO ]      [TypeHint] More than 1 constructor, @overload decorator needed.
[WARNI]      [TypeHint] Skipping type double &, should contain _
[WARNI]      [TypeHint] Skipping type double &, should contain _
[INFO ]  Enum passed by reference: GccEnt_Position &Qualif1 changed to GccEnt_Position &OutValue
[INFO ]  Enum passed by reference: GccEnt_Position & Qualif1 changed to GccEnt_Position &OutValue
[INFO ]  Enum passed by reference: GccEnt_Position & Qualif1 changed to GccEnt_Position &OutValue
[INFO ]  Class: Geom2dGcc_Circ2dTanOnRadGeo
[INFO ]      [TypeHint] More than 1 constructor, @overload decorator needed.
[WARNI]      [TypeHint] Skipping type double &, should contain _
[WARNI]      [TypeHint] Skipping type double &, should contain _
[INFO ]  Enum passed by reference: GccEnt_Position &Qualif1 changed to GccEnt_Position &OutValue
[INFO ]  Enum passed by reference: GccEnt_Position & Qualif1 changed to GccEnt_Position &OutValue
[INFO ]  Enum passed by reference: GccEnt_Position & Qualif1 changed to GccEnt_Position &OutValue
[INFO ]  Class: Geom2dGcc_CurveTool
[WARNI]      [TypeHint] Skipping type static double, should contain _
[WARNI]      [TypeHint] Skipping type static double, should contain _
[WARNI]      [TypeHint] Skipping type static double, should contain _
[INFO ]  Class: Geom2dGcc_FunctionTanCirCu
[WARNI]      [TypeHint] Skipping type double &, should contain _
[WARNI]      [TypeHint] Skipping type double &, should contain _
[WARNI]      [TypeHint] Skipping type double &, should contain _
[INFO ]  Class: Geom2dGcc_FunctionTanCuCu
[INFO ]      [TypeHint] More than 1 constructor, @overload decorator needed.
[INFO ]  Class: Geom2dGcc_FunctionTanCuCuOnCu
[INFO ]      [TypeHint] More than 1 constructor, @overload decorator needed.
[INFO ]  Class: Geom2dGcc_FunctionTanCuPnt
[WARNI]      [TypeHint] Skipping type double &, should contain _
[WARNI]      [TypeHint] Skipping type double &, should contain _
[WARNI]      [TypeHint] Skipping type double &, should contain _
[INFO ]  Class: Geom2dGcc_FunctionTanObl
[WARNI]      [TypeHint] Skipping type double &, should contain _
[WARNI]      [TypeHint] Skipping type double &, should contain _
[WARNI]      [TypeHint] Skipping type double &, should contain _
[INFO ]  Class: Geom2dGcc_Lin2d2Tan
[INFO ]      [TypeHint] More than 1 constructor, @overload decorator needed.
[WARNI]      [TypeHint] Skipping type double &, should contain _
[WARNI]      [TypeHint] Skipping type double &, should contain _
[INFO ]  Enum passed by reference: GccEnt_Position &Qualif1 changed to GccEnt_Position &OutValue
[INFO ]  Enum passed by reference: GccEnt_Position &Qualif2 changed to GccEnt_Position &OutValue
[INFO ]  Enum passed by reference: GccEnt_Position & Qualif1 changed to GccEnt_Position &OutValue
[INFO ]  Enum passed by reference: GccEnt_Position & Qualif2 changed to GccEnt_Position &OutValue
[INFO ]  Enum passed by reference: GccEnt_Position & Qualif1 changed to GccEnt_Position &OutValue
[INFO ]  Enum passed by reference: GccEnt_Position & Qualif2 changed to GccEnt_Position &OutValue
[INFO ]  Class: Geom2dGcc_Lin2d2TanIter
[INFO ]      [TypeHint] More than 1 constructor, @overload decorator needed.
[WARNI]      [TypeHint] Skipping type double &, should contain _
[WARNI]      [TypeHint] Skipping type double &, should contain _
[INFO ]  Enum passed by reference: GccEnt_Position &Qualif1 changed to GccEnt_Position &OutValue
[INFO ]  Enum passed by reference: GccEnt_Position &Qualif2 changed to GccEnt_Position &OutValue
[INFO ]  Enum passed by reference: GccEnt_Position & Qualif1 changed to GccEnt_Position &OutValue
[INFO ]  Enum passed by reference: GccEnt_Position & Qualif2 changed to GccEnt_Position &OutValue
[INFO ]  Enum passed by reference: GccEnt_Position & Qualif1 changed to GccEnt_Position &OutValue
[INFO ]  Enum passed by reference: GccEnt_Position & Qualif2 changed to GccEnt_Position &OutValue
[INFO ]  Class: Geom2dGcc_Lin2dTanObl
[INFO ]      explicitly excluded method Geom2dGcc_Lin2dTanObl::3b968b5633a9f97b10dc42677e238945
[INFO ]      [TypeHint] More than 1 constructor, @overload decorator needed.
[WARNI]      [TypeHint] Skipping type double &, should contain _
[WARNI]      [TypeHint] Skipping type double &, should contain _
[INFO ]  Enum passed by reference: GccEnt_Position &Qualif1 changed to GccEnt_Position &OutValue
[INFO ]  Enum passed by reference: GccEnt_Position & Qualif1 changed to GccEnt_Position &OutValue
[INFO ]  Enum passed by reference: GccEnt_Position & Qualif1 changed to GccEnt_Position &OutValue
[INFO ]  Class: Geom2dGcc_Lin2dTanOblIter
[WARNI]      [TypeHint] Skipping type double &, should contain _
[WARNI]      [TypeHint] Skipping type double &, should contain _
[INFO ]  Enum passed by reference: GccEnt_Position &Qualif1 changed to GccEnt_Position &OutValue
[INFO ]  Enum passed by reference: GccEnt_Position & Qualif1 changed to GccEnt_Position &OutValue
[INFO ]  Enum passed by reference: GccEnt_Position & Qualif1 changed to GccEnt_Position &OutValue
[INFO ]  Class: Geom2dGcc_QCurve
[INFO ]  Class: Geom2dGcc_QualifiedCurve
[INFO ]  ## Processing module Geom2dHatch
[WARNI]      [TypeHint] Skipping unknown type int,Geom2dHatch_Hatching, int,Geom2dHatch not in module list
[WARNI]      [TypeHint] Skipping unknown type int,Geom2dHatch_Element, int,Geom2dHatch not in module list
[INFO ]  Class: Geom2dHatch_Classifier
[INFO ]      [TypeHint] More than 1 constructor, @overload decorator needed.
[WARNI]  const Geom2dAdaptor_Curve & wrapped as a copy
[WARNI]  const Geom2dAdaptor_Curve & wrapped as a copy
[INFO ]  Class: Geom2dHatch_Element
[INFO ]      [TypeHint] More than 1 constructor, @overload decorator needed.
[WARNI]  const Geom2dAdaptor_Curve & wrapped as a copy
[WARNI]  const Geom2dAdaptor_Curve & wrapped as a copy
[INFO ]  Class: Geom2dHatch_Elements
[INFO ]      [TypeHint] More than 1 constructor, @overload decorator needed.
[INFO ]  Enum passed by reference: TopAbs_Orientation &Or changed to TopAbs_Orientation &OutValue
[INFO ]  Enum passed by reference: TopAbs_Orientation & Or changed to TopAbs_Orientation &OutValue
[INFO ]  Enum passed by reference: TopAbs_Orientation & Or changed to TopAbs_Orientation &OutValue
[WARNI]      [TypeHint] Skipping type double &, should contain _
[WARNI]      [TypeHint] Skipping type double &, should contain _
[INFO ]      operand () cannot be wrapped
[INFO ]      operand () cannot be wrapped
[INFO ]  Class: Geom2dHatch_FClass2dOfClassifier
[INFO ]  Class: Geom2dHatch_Hatcher
[INFO ]      explicitly excluded method Geom2dHatch_Hatcher::1e1ad145af7d8c16b253ee9a4b0d6a43
[INFO ]      explicitly excluded method Geom2dHatch_Hatcher::d562266b94889251eb33e1f3d02eec7f
[WARNI]  const Geom2dAdaptor_Curve & wrapped as a copy
[WARNI]  const Geom2dAdaptor_Curve & wrapped as a copy
[WARNI]  const Geom2dAdaptor_Curve & wrapped as a copy
[WARNI]  const Geom2dAdaptor_Curve & wrapped as a copy
[INFO ]  Class: Geom2dHatch_Hatching
[INFO ]      [TypeHint] More than 1 constructor, @overload decorator needed.
[WARNI]  const Geom2dAdaptor_Curve & wrapped as a copy
[WARNI]  const Geom2dAdaptor_Curve & wrapped as a copy
[INFO ]  Class: Geom2dHatch_Intersector
[INFO ]      [TypeHint] More than 1 constructor, @overload decorator needed.
[WARNI]      [TypeHint] Skipping type double &, should contain _
[INFO ]  ## Processing module Geom2dInt
[INFO ]  Class: Geom2dInt_ExactIntersectionPointOfTheIntPCurvePCurveOfGInter
[WARNI]      [TypeHint] Skipping type int &, should contain _
[WARNI]      [TypeHint] Skipping type double &, should contain _
[INFO ]  Class: Geom2dInt_GInter
[INFO ]      [TypeHint] More than 1 constructor, @overload decorator needed.
[INFO ]  Class: Geom2dInt_Geom2dCurveTool
[INFO ]      explicitly excluded method Geom2dInt_Geom2dCurveTool::d2903942ee0e5ba032391858f13c3b31
[WARNI]      [TypeHint] Skipping type static double, should contain _
[WARNI]      [TypeHint] Skipping type static double, should contain _
[WARNI]      [TypeHint] Skipping type static double, should contain _
[WARNI]      [TypeHint] Skipping type double &, should contain _
[WARNI]      [TypeHint] Skipping type static double, should contain _
[INFO ]  Class: Geom2dInt_IntConicCurveOfGInter
[INFO ]      [TypeHint] More than 1 constructor, @overload decorator needed.
[INFO ]  Class: Geom2dInt_MyImpParToolOfTheIntersectorOfTheIntConicCurveOfGInter
[WARNI]      [TypeHint] Skipping type double &, should contain _
[WARNI]      [TypeHint] Skipping type double &, should contain _
[WARNI]      [TypeHint] Skipping type double &, should contain _
[INFO ]  Class: Geom2dInt_TheDistBetweenPCurvesOfTheIntPCurvePCurveOfGInter
[INFO ]  Class: Geom2dInt_TheIntConicCurveOfGInter
[INFO ]      [TypeHint] More than 1 constructor, @overload decorator needed.
[INFO ]  Class: Geom2dInt_TheIntPCurvePCurveOfGInter
[INFO ]  Class: Geom2dInt_TheIntersectorOfTheIntConicCurveOfGInter
[INFO ]      [TypeHint] More than 1 constructor, @overload decorator needed.
[WARNI]      [TypeHint] Skipping type int &, should contain _
[INFO ]  Class: Geom2dInt_ThePolygon2dOfTheIntPCurvePCurveOfGInter
[INFO ]  Class: Geom2dInt_TheProjPCurOfGInter
[WARNI]      [TypeHint] Skipping type static double, should contain _
[WARNI]      [TypeHint] Skipping type static double, should contain _
[INFO ]  ## Processing module GeomAPI
[INFO ]  Class: GeomAPI
[INFO ]  Class: GeomAPI_ExtremaCurveCurve
[INFO ]      [TypeHint] More than 1 constructor, @overload decorator needed.
[INFO ]      operand int cannot be wrapped
[INFO ]      operand double cannot be wrapped
[WARNI]      [TypeHint] Skipping type double &, should contain _
[WARNI]      [TypeHint] Skipping type double &, should contain _
[WARNI]      [TypeHint] Skipping type double &, should contain _
[INFO ]  Class: GeomAPI_ExtremaCurveSurface
[INFO ]      [TypeHint] More than 1 constructor, @overload decorator needed.
[INFO ]      operand int cannot be wrapped
[INFO ]      operand double cannot be wrapped
[WARNI]      [TypeHint] Skipping type double &, should contain _
[WARNI]      [TypeHint] Skipping type double &, should contain _
[INFO ]  Class: GeomAPI_ExtremaSurfaceSurface
[INFO ]      [TypeHint] More than 1 constructor, @overload decorator needed.
[INFO ]      operand int cannot be wrapped
[INFO ]      operand double cannot be wrapped
[WARNI]      [TypeHint] Skipping type double &, should contain _
[WARNI]      [TypeHint] Skipping type double &, should contain _
[INFO ]  Class: GeomAPI_IntCS
[INFO ]      [TypeHint] More than 1 constructor, @overload decorator needed.
[WARNI]      [TypeHint] Skipping type double &, should contain _
[WARNI]      [TypeHint] Skipping type double &, should contain _
[INFO ]  Class: GeomAPI_IntSS
[INFO ]      [TypeHint] More than 1 constructor, @overload decorator needed.
[INFO ]  Class: GeomAPI_Interpolate
[INFO ]      explicitly excluded method GeomAPI_Interpolate::cc7e51f8da6d25de0686408bc4ec060f
[INFO ]      handle<Geom_BSplineCurve> skipped because invalid name
[INFO ]      [TypeHint] More than 1 constructor, @overload decorator needed.
[INFO ]  Class: GeomAPI_PointsToBSpline
[INFO ]      handle<Geom_BSplineCurve> skipped because invalid name
[INFO ]      [TypeHint] More than 1 constructor, @overload decorator needed.
[INFO ]  Class: GeomAPI_PointsToBSplineSurface
[INFO ]      handle<Geom_BSplineSurface> skipped because invalid name
[INFO ]      [TypeHint] More than 1 constructor, @overload decorator needed.
[INFO ]  Class: GeomAPI_ProjectPointOnCurve
[INFO ]      [TypeHint] More than 1 constructor, @overload decorator needed.
[INFO ]      operand int cannot be wrapped
[INFO ]      operand gp_Pnt cannot be wrapped
[INFO ]      operand double cannot be wrapped
[WARNI]      [TypeHint] Skipping type double &, should contain _
[INFO ]  Class: GeomAPI_ProjectPointOnSurf
[INFO ]      [TypeHint] More than 1 constructor, @overload decorator needed.
[INFO ]      operand int cannot be wrapped
[INFO ]      operand gp_Pnt cannot be wrapped
[INFO ]      operand double cannot be wrapped
[WARNI]      [TypeHint] Skipping type double &, should contain _
[WARNI]      [TypeHint] Skipping type double &, should contain _
[INFO ]  ## Processing module GeomFill
[INFO ]  Enum: GeomFill_ApproxStyle
[INFO ]  Enum: GeomFill_FillingStyle
[INFO ]  Enum: GeomFill_PipeError
[INFO ]  Enum: GeomFill_Trihedron
[WARNI]      [TypeHint] Skipping type opencascade::handle, should contain _
[WARNI]      [TypeHint] Skipping type opencascade::handle, should contain _
[WARNI]      [TypeHint] Skipping type opencascade::handle, should contain _
[WARNI]      [TypeHint] Skipping type opencascade::handle, should contain _
[INFO ]  Class: GeomFill
[INFO ]  Enum passed by reference: Convert_ParameterisationType &TypeConv changed to Convert_ParameterisationType &OutValue
[INFO ]  Enum passed by reference: Convert_ParameterisationType & TypeConv changed to Convert_ParameterisationType &OutValue
[WARNI]      [TypeHint] Skipping type int &, should contain _
[WARNI]      [TypeHint] Skipping type static double, should contain _
[INFO ]  Class: GeomFill_AppSurf
[INFO ]      [TypeHint] More than 1 constructor, @overload decorator needed.
[WARNI]      [TypeHint] Skipping type double &, should contain _
[WARNI]      [TypeHint] Skipping type int &, should contain _
[WARNI]      [TypeHint] Skipping type int &, should contain _
[WARNI]      [TypeHint] Skipping type double &, should contain _
[INFO ]  Class: GeomFill_AppSweep
[INFO ]      [TypeHint] More than 1 constructor, @overload decorator needed.
[WARNI]      [TypeHint] Skipping type double &, should contain _
[WARNI]      [TypeHint] Skipping type int &, should contain _
[WARNI]      [TypeHint] Skipping type int &, should contain _
[WARNI]      [TypeHint] Skipping type double &, should contain _
[INFO ]  Class: GeomFill_BSplineCurves
[INFO ]      [TypeHint] More than 1 constructor, @overload decorator needed.
[INFO ]  Class: GeomFill_BezierCurves
[INFO ]      [TypeHint] More than 1 constructor, @overload decorator needed.
[INFO ]  Class: GeomFill_Boundary
[INFO ]      Class GeomFill_Boundary is abstract, using %nodefaultctor.
[WARNI]      [TypeHint] Skipping type double &, should contain _
[INFO ]  Class: GeomFill_CircularBlendFunc
[WARNI]      [TypeHint] Skipping type int &, should contain _
[INFO ]  Class: GeomFill_ConstrainedFilling
[WARNI]      [TypeHint] Skipping type double &, should contain _
[INFO ]  Class: GeomFill_CoonsAlgPatch
[INFO ]  Class: GeomFill_CornerState
[WARNI]      [TypeHint] Skipping type double &, should contain _
[INFO ]  Class: GeomFill_Filling
[INFO ]  Class: GeomFill_FunctionDraft
[INFO ]  Class: GeomFill_FunctionGuide
[INFO ]      explicitly excluded method GeomFill_FunctionGuide::80afa01ac910d0083e9e313d8813e6a1
[INFO ]  Class: GeomFill_Gordon
[INFO ]  Class: GeomFill_GordonBuilder
[INFO ]  Class: GeomFill_Line
[INFO ]      [TypeHint] More than 1 constructor, @overload decorator needed.
[INFO ]  Class: GeomFill_LocFunction
[WARNI]      [TypeHint] Skipping type double &, should contain _
[INFO ]  Class: GeomFill_LocationLaw
[INFO ]      Class GeomFill_LocationLaw is abstract, using %nodefaultctor.
[WARNI]      [TypeHint] Skipping type double &, should contain _
[WARNI]      [TypeHint] Skipping type double &, should contain _
[WARNI]      [TypeHint] Skipping type virtual double, should contain _
[WARNI]      [TypeHint] Skipping type double &, should contain _
[WARNI]      [TypeHint] Skipping type double &, should contain _
[WARNI]      [TypeHint] Skipping type double &, should contain _
[INFO ]  Class: GeomFill_Pipe
[INFO ]      [TypeHint] More than 1 constructor, @overload decorator needed.
[INFO ]  Class: GeomFill_PlanFunc
[WARNI]      [TypeHint] Skipping type double &, should contain _
[WARNI]      [TypeHint] Skipping type double &, should contain _
[WARNI]      [TypeHint] Skipping type double &, should contain _
[WARNI]      [TypeHint] Skipping type double &, should contain _
[WARNI]      [TypeHint] Skipping type double &, should contain _
[WARNI]      [TypeHint] Skipping type double &, should contain _
[INFO ]  Class: GeomFill_PolynomialConvertor
[INFO ]  Class: GeomFill_Profiler
[INFO ]  Class: GeomFill_QuasiAngularConvertor
[INFO ]  Class: GeomFill_SectionLaw
[INFO ]      Class GeomFill_SectionLaw is abstract, using %nodefaultctor.
[WARNI]      [TypeHint] Skipping type double &, should contain _
[WARNI]      [TypeHint] Skipping type double &, should contain _
[WARNI]      [TypeHint] Skipping type double &, should contain _
[WARNI]      [TypeHint] Skipping type double &, should contain _
[WARNI]      [TypeHint] Skipping type virtual double, should contain _
[WARNI]      [TypeHint] Skipping type int &, should contain _
[INFO ]  Class: GeomFill_SectionPlacement
[INFO ]  Class: GeomFill_SnglrFunc
[WARNI]      [TypeHint] Skip type Geom_Curve::ResD1, because of trailing :
[WARNI]      [TypeHint] Skip type Geom_Curve::ResD2, because of trailing :
[WARNI]      [TypeHint] Skip type Geom_Curve::ResD3, because of trailing :
[INFO ]  Class: GeomFill_Sweep
[WARNI]      [TypeHint] Skipping type double &, should contain _
[WARNI]      [TypeHint] Skipping type double &, should contain _
[INFO ]  Class: GeomFill_SweepFunction
[WARNI]      [TypeHint] Skipping type double &, should contain _
[WARNI]      [TypeHint] Skipping type int &, should contain _
[INFO ]  Class: GeomFill_Tensor
[WARNI]      [TypeHint] Skipping type double &, should contain _
[WARNI]      [TypeHint] Skipping type const double &, should contain _
[INFO ]      operand () cannot be wrapped
[INFO ]      operand () cannot be wrapped
[INFO ]  Class: GeomFill_TgtField
[INFO ]      Class GeomFill_TgtField is abstract, using %nodefaultctor.
[INFO ]  Class: GeomFill_TrihedronLaw
[INFO ]      Class GeomFill_TrihedronLaw is abstract, using %nodefaultctor.
[WARNI]      [TypeHint] Skipping type double &, should contain _
[INFO ]  Class: GeomFill_BoundWithSurf
[WARNI]      [TypeHint] Skipping type double &, should contain _
[INFO ]  Class: GeomFill_ConstantBiNormal
[INFO ]  Class: GeomFill_Coons
[INFO ]      [TypeHint] More than 1 constructor, @overload decorator needed.
[INFO ]  Class: GeomFill_CorrectedFrenet
[INFO ]      [TypeHint] More than 1 constructor, @overload decorator needed.
[INFO ]  Class: GeomFill_CurveAndTrihedron
[WARNI]      [TypeHint] Skipping type double &, should contain _
[WARNI]      [TypeHint] Skipping type double &, should contain _
[WARNI]      [TypeHint] Skipping type double &, should contain _
[WARNI]      [TypeHint] Skipping type double &, should contain _
[INFO ]  Class: GeomFill_Curved
[INFO ]      [TypeHint] More than 1 constructor, @overload decorator needed.
[INFO ]  Class: GeomFill_Darboux
[INFO ]  Class: GeomFill_DegeneratedBound
[WARNI]      [TypeHint] Skipping type double &, should contain _
[INFO ]  Class: GeomFill_DiscreteTrihedron
[INFO ]  Class: GeomFill_DraftTrihedron
[INFO ]  Class: GeomFill_EvolvedSection
[WARNI]      [TypeHint] Skipping type double &, should contain _
[WARNI]      [TypeHint] Skipping type double &, should contain _
[WARNI]      [TypeHint] Skipping type double &, should contain _
[WARNI]      [TypeHint] Skipping type int &, should contain _
[INFO ]  Class: GeomFill_Fixed
[INFO ]  Class: GeomFill_Frenet
[INFO ]  Class: GeomFill_Generator
[INFO ]  Class: GeomFill_LocationDraft
[WARNI]      [TypeHint] Skipping type double &, should contain _
[WARNI]      [TypeHint] Skipping type double &, should contain _
[WARNI]      [TypeHint] Skipping type double &, should contain _
[WARNI]      [TypeHint] Skipping type double &, should contain _
[WARNI]      [TypeHint] Skipping type double &, should contain _
[INFO ]  Class: GeomFill_LocationGuide
[WARNI]      [TypeHint] Skipping type double &, should contain _
[WARNI]      [TypeHint] Skipping type double &, should contain _
[WARNI]      [TypeHint] Skipping type double &, should contain _
[WARNI]      [TypeHint] Skipping type double &, should contain _
[WARNI]      [TypeHint] Skipping type double &, should contain _
[WARNI]      [TypeHint] Skipping type double &, should contain _
[INFO ]  Class: GeomFill_NSections
[INFO ]      [TypeHint] More than 1 constructor, @overload decorator needed.
[WARNI]      [TypeHint] Skipping type NCollection_Sequence<gp_Trsf>, seems to be a template
[WARNI]      [TypeHint] Skipping type double &, should contain _
[WARNI]      [TypeHint] Skipping type double &, should contain _
[WARNI]      [TypeHint] Skipping type double &, should contain _
[WARNI]      [TypeHint] Skipping type double &, should contain _
[WARNI]      [TypeHint] Skipping type int &, should contain _
[INFO ]  Class: GeomFill_SectionGenerator
[WARNI]      [TypeHint] Skipping type int &, should contain _
[INFO ]  Class: GeomFill_SimpleBound
[WARNI]      [TypeHint] Skipping type double &, should contain _
[INFO ]  Class: GeomFill_Stretch
[INFO ]      [TypeHint] More than 1 constructor, @overload decorator needed.
[INFO ]  Class: GeomFill_TgtOnCoons
[INFO ]  Class: GeomFill_TrihedronWithGuide
[INFO ]      Class GeomFill_TrihedronWithGuide is abstract, using %nodefaultctor.
[INFO ]  Class: GeomFill_UniformSection
[WARNI]      [TypeHint] Skipping type double &, should contain _
[WARNI]      [TypeHint] Skipping type double &, should contain _
[WARNI]      [TypeHint] Skipping type double &, should contain _
[WARNI]      [TypeHint] Skipping type int &, should contain _
[INFO ]  Class: GeomFill_GuideTrihedronAC
[INFO ]  Class: GeomFill_GuideTrihedronPlan
[INFO ]  ## Processing module GeomInt
[INFO ]  Class: GeomInt
[WARNI]      [TypeHint] Skipping type double &, should contain _
[INFO ]  Class: GeomInt_BSpGradient_BFGSOfMyBSplGradientOfTheComputeLineOfWLApprox
[INFO ]  Class: GeomInt_BSpParFunctionOfMyBSplGradientOfTheComputeLineOfWLApprox
[WARNI]      [TypeHint] Skipping type NCollection_HArray1<AppParCurves_ConstraintCouple, seems to be a template
[WARNI]      [TypeHint] Skipping type NCollection_HArray1<AppParCurves_ConstraintCouple, seems to be a template
[WARNI]      [TypeHint] Skipping type NCollection_HArray1<AppParCurves_ConstraintCouple, seems to be a template
[WARNI]      [TypeHint] Skipping type double &, should contain _
[WARNI]      [TypeHint] Skipping type double &, should contain _
[INFO ]  Class: GeomInt_BSpParLeastSquareOfMyBSplGradientOfTheComputeLineOfWLApprox
[INFO ]      [TypeHint] More than 1 constructor, @overload decorator needed.
[WARNI]  const AppParCurves_MultiBSpCurve & wrapped as a copy
[WARNI]  const AppParCurves_MultiBSpCurve & wrapped as a copy
[WARNI]      [TypeHint] Skipping type double &, should contain _
[WARNI]      [TypeHint] Skipping type double &, should contain _
[INFO ]  Class: GeomInt_Gradient_BFGSOfMyGradientOfTheComputeLineBezierOfWLApprox
[INFO ]  Class: GeomInt_Gradient_BFGSOfMyGradientbisOfTheComputeLineOfWLApprox
[INFO ]  Class: GeomInt_IntSS
[INFO ]      explicitly excluded method GeomInt_IntSS::aa5f1b32b60ca5e9bbaaf6d74521b25f
[INFO ]      explicitly excluded method GeomInt_IntSS::08fe711e3b062f76b55598f708a99bb2
[INFO ]      [TypeHint] More than 1 constructor, @overload decorator needed.
[WARNI]      [TypeHint] Skipping type double &, should contain _
[WARNI]      [TypeHint] Skipping type double &, should contain _
[WARNI]      [TypeHint] Skipping type double &, should contain _
[WARNI]      [TypeHint] Skipping type NCollection_DynamicArray<double>, seems to be a template
[INFO ]  Class: GeomInt_LineConstructor
[WARNI]      [TypeHint] Skipping type double &, should contain _
[INFO ]  Class: GeomInt_LineTool
[WARNI]      [TypeHint] Skip type NCollection_Sequence<opencascade::handle<IntPatch_Line>>, because of trailing :
[WARNI]      [TypeHint] Skipping type static double, should contain _
[WARNI]      [TypeHint] Skipping type static double, should contain _
[INFO ]  Class: GeomInt_MyBSplGradientOfTheComputeLineOfWLApprox
[INFO ]      [TypeHint] More than 1 constructor, @overload decorator needed.
[WARNI]      [TypeHint] Skipping type NCollection_HArray1<AppParCurves_ConstraintCouple, seems to be a template
[WARNI]      [TypeHint] Skipping type NCollection_HArray1<AppParCurves_ConstraintCouple, seems to be a template
[INFO ]  Class: GeomInt_MyGradientOfTheComputeLineBezierOfWLApprox
[WARNI]      [TypeHint] Skipping type NCollection_HArray1<AppParCurves_ConstraintCouple, seems to be a template
[INFO ]  Class: GeomInt_MyGradientbisOfTheComputeLineOfWLApprox
[WARNI]      [TypeHint] Skipping type NCollection_HArray1<AppParCurves_ConstraintCouple, seems to be a template
[INFO ]  Class: GeomInt_ParFunctionOfMyGradientOfTheComputeLineBezierOfWLApprox
[WARNI]      [TypeHint] Skipping type NCollection_HArray1<AppParCurves_ConstraintCouple, seems to be a template
[WARNI]  const AppParCurves_MultiCurve & wrapped as a copy
[WARNI]  const AppParCurves_MultiCurve & wrapped as a copy
[WARNI]      [TypeHint] Skipping type NCollection_HArray1<AppParCurves_ConstraintCouple, seems to be a template
[WARNI]      [TypeHint] Skipping type NCollection_HArray1<AppParCurves_ConstraintCouple, seems to be a template
[WARNI]      [TypeHint] Skipping type double &, should contain _
[WARNI]      [TypeHint] Skipping type double &, should contain _
[INFO ]  Class: GeomInt_ParFunctionOfMyGradientbisOfTheComputeLineOfWLApprox
[WARNI]      [TypeHint] Skipping type NCollection_HArray1<AppParCurves_ConstraintCouple, seems to be a template
[WARNI]  const AppParCurves_MultiCurve & wrapped as a copy
[WARNI]  const AppParCurves_MultiCurve & wrapped as a copy
[WARNI]      [TypeHint] Skipping type NCollection_HArray1<AppParCurves_ConstraintCouple, seems to be a template
[WARNI]      [TypeHint] Skipping type NCollection_HArray1<AppParCurves_ConstraintCouple, seems to be a template
[WARNI]      [TypeHint] Skipping type double &, should contain _
[WARNI]      [TypeHint] Skipping type double &, should contain _
[INFO ]  Class: GeomInt_ParLeastSquareOfMyGradientOfTheComputeLineBezierOfWLApprox
[INFO ]      [TypeHint] More than 1 constructor, @overload decorator needed.
[WARNI]  const AppParCurves_MultiBSpCurve & wrapped as a copy
[WARNI]  const AppParCurves_MultiBSpCurve & wrapped as a copy
[WARNI]      [TypeHint] Skipping type double &, should contain _
[WARNI]      [TypeHint] Skipping type double &, should contain _
[INFO ]  Class: GeomInt_ParLeastSquareOfMyGradientbisOfTheComputeLineOfWLApprox
[INFO ]      [TypeHint] More than 1 constructor, @overload decorator needed.
[WARNI]  const AppParCurves_MultiBSpCurve & wrapped as a copy
[WARNI]  const AppParCurves_MultiBSpCurve & wrapped as a copy
[WARNI]      [TypeHint] Skipping type double &, should contain _
[WARNI]      [TypeHint] Skipping type double &, should contain _
[INFO ]  Class: GeomInt_ParameterAndOrientation
[INFO ]      [TypeHint] More than 1 constructor, @overload decorator needed.
[INFO ]  Class: GeomInt_ResConstraintOfMyGradientOfTheComputeLineBezierOfWLApprox
[INFO ]      explicitly excluded method GeomInt_ResConstraintOfMyGradientOfTheComputeLineBezierOfWLApprox::f3b3a49fc8d62bae999fa8e058cfd9e1
[WARNI]      [TypeHint] Skipping type NCollection_HArray1<AppParCurves_ConstraintCouple, seems to be a template
[INFO ]  Class: GeomInt_ResConstraintOfMyGradientbisOfTheComputeLineOfWLApprox
[INFO ]      explicitly excluded method GeomInt_ResConstraintOfMyGradientbisOfTheComputeLineOfWLApprox::f3b3a49fc8d62bae999fa8e058cfd9e1
[WARNI]      [TypeHint] Skipping type NCollection_HArray1<AppParCurves_ConstraintCouple, seems to be a template
[INFO ]  Class: GeomInt_TheComputeLineBezierOfWLApprox
[INFO ]      [TypeHint] More than 1 constructor, @overload decorator needed.
[WARNI]      [TypeHint] Skipping type double &, should contain _
[WARNI]  const AppParCurves_MultiBSpCurve & wrapped as a copy
[WARNI]  const AppParCurves_MultiBSpCurve & wrapped as a copy
[WARNI]  const AppParCurves_MultiCurve & wrapped as a copy
[WARNI]  const AppParCurves_MultiCurve & wrapped as a copy
[INFO ]  Class: GeomInt_TheComputeLineOfWLApprox
[INFO ]      [TypeHint] More than 1 constructor, @overload decorator needed.
[WARNI]      [TypeHint] Skipping type double &, should contain _
[WARNI]  const AppParCurves_MultiBSpCurve & wrapped as a copy
[WARNI]  const AppParCurves_MultiBSpCurve & wrapped as a copy
[INFO ]  Class: GeomInt_TheFunctionOfTheInt2SOfThePrmPrmSvSurfacesOfWLApprox
[INFO ]  Class: GeomInt_TheImpPrmSvSurfacesOfWLApprox
[INFO ]      explicitly excluded method GeomInt_TheImpPrmSvSurfacesOfWLApprox::d7e67db9161b7b0649302b3f4a5f64aa
[INFO ]      [TypeHint] More than 1 constructor, @overload decorator needed.
[WARNI]      [TypeHint] Skipping type double &, should contain _
[INFO ]  Class: GeomInt_TheInt2SOfThePrmPrmSvSurfacesOfWLApprox
[INFO ]      [TypeHint] More than 1 constructor, @overload decorator needed.
[INFO ]  Class: GeomInt_TheMultiLineOfWLApprox
[INFO ]      [TypeHint] More than 1 constructor, @overload decorator needed.
[INFO ]  Class: GeomInt_TheMultiLineToolOfWLApprox
[INFO ]  Class: GeomInt_ThePrmPrmSvSurfacesOfWLApprox
[WARNI]      [TypeHint] Skipping type double &, should contain _
[INFO ]  Class: GeomInt_TheZerImpFuncOfTheImpPrmSvSurfacesOfWLApprox
[INFO ]      [TypeHint] More than 1 constructor, @overload decorator needed.
[INFO ]  ## Processing module GeomPlate
[WARNI]      [TypeHint] Skipping type opencascade::handle, should contain _
[WARNI]      [TypeHint] Skipping type opencascade::handle, should contain _
[WARNI]      [TypeHint] Skipping type opencascade::handle, should contain _
[WARNI]      [TypeHint] Skipping type opencascade::handle, should contain _
[WARNI]      [TypeHint] Skipping type opencascade::handle, should contain _
[WARNI]      [TypeHint] Skipping type opencascade::handle, should contain _
[INFO ]  Class: GeomPlate_Aij
[INFO ]      [TypeHint] More than 1 constructor, @overload decorator needed.
[INFO ]  Class: GeomPlate_BuildAveragePlane
[INFO ]      [TypeHint] More than 1 constructor, @overload decorator needed.
[WARNI]      [TypeHint] Skipping type NCollection_Sequence<GeomPlate_Aij>, seems to be a template
[WARNI]      [TypeHint] Skipping type double &, should contain _
[INFO ]  Class: GeomPlate_BuildPlateSurface
[INFO ]      [TypeHint] More than 1 constructor, @overload decorator needed.
[WARNI]      [TypeHint] Skip type NCollection_HArray1<opencascade::handle<Adaptor3d_Curve, because of trailing :
[INFO ]  Class: GeomPlate_CurveConstraint
[INFO ]      [TypeHint] More than 1 constructor, @overload decorator needed.
[INFO ]  Class: GeomPlate_MakeApprox
[INFO ]      [TypeHint] More than 1 constructor, @overload decorator needed.
[INFO ]  Class: GeomPlate_PlateG0Criterion
[INFO ]  Class: GeomPlate_PlateG1Criterion
[INFO ]  Class: GeomPlate_PointConstraint
[INFO ]      [TypeHint] More than 1 constructor, @overload decorator needed.
[INFO ]  Class: GeomPlate_Surface
[WARNI]      [TypeHint] Skipping type double &, should contain _
[WARNI]      [TypeHint] Skip type Geom_Surface::ResD1, because of trailing :
[WARNI]      [TypeHint] Skip type Geom_Surface::ResD2, because of trailing :
[WARNI]      [TypeHint] Skip type Geom_Surface::ResD3, because of trailing :
[WARNI]      [TypeHint] Skipping type double &, should contain _
[WARNI]      [TypeHint] Skipping type double &, should contain _
[INFO ]  ## Processing module Hatch
[INFO ]  Enum: Hatch_LineForm
[INFO ]  Class: Hatch_Hatcher
[WARNI]      [TypeHint] Skipping type int &, should contain _
[WARNI]      [TypeHint] Skipping type int &, should contain _
[INFO ]  Class: Hatch_Line
[INFO ]      [TypeHint] More than 1 constructor, @overload decorator needed.
[INFO ]  Class: Hatch_Parameter
[INFO ]      [TypeHint] More than 1 constructor, @overload decorator needed.
[INFO ]  ## Processing module HatchGen
[INFO ]  Enum: HatchGen_ErrorStatus
[INFO ]  Enum: HatchGen_IntersectionType
[INFO ]  Class: HatchGen_Domain
[INFO ]      [TypeHint] More than 1 constructor, @overload decorator needed.
[INFO ]  Class: HatchGen_IntersectionPoint
[INFO ]      Class HatchGen_IntersectionPoint is abstract, using %nodefaultctor.
[INFO ]  Class: HatchGen_PointOnElement
[INFO ]      [TypeHint] More than 1 constructor, @overload decorator needed.
[INFO ]  Class: HatchGen_PointOnHatching
[INFO ]      [TypeHint] More than 1 constructor, @overload decorator needed.
[INFO ]  ## Processing module IntCurve
[INFO ]  Class: IntCurve_IConicTool
[INFO ]      [TypeHint] More than 1 constructor, @overload decorator needed.
[INFO ]  Class: IntCurve_IntConicConic
[INFO ]      [TypeHint] More than 1 constructor, @overload decorator needed.
[INFO ]  Class: IntCurve_IntImpConicParConic
[INFO ]      [TypeHint] More than 1 constructor, @overload decorator needed.
[WARNI]      [TypeHint] Skipping type int &, should contain _
[INFO ]  Class: IntCurve_MyImpParToolOfIntImpConicParConic
[WARNI]      [TypeHint] Skipping type double &, should contain _
[WARNI]      [TypeHint] Skipping type double &, should contain _
[WARNI]      [TypeHint] Skipping type double &, should contain _
[INFO ]  Class: IntCurve_PConic
[INFO ]      [TypeHint] More than 1 constructor, @overload decorator needed.
[INFO ]  Class: IntCurve_PConicTool
[WARNI]      [TypeHint] Skipping type static double, should contain _
[INFO ]  Class: IntCurve_ProjectOnPConicTool
[WARNI]      [TypeHint] Skipping type static double, should contain _
[WARNI]      [TypeHint] Skipping type static double, should contain _
[INFO ]  ## Processing module IntCurveSurface
[INFO ]  Enum: IntCurveSurface_TransitionOnCurve
[INFO ]  Class: IntCurveSurface_Intersection
[WARNI]  const IntCurveSurface_IntersectionPoint & wrapped as a copy
[WARNI]  const IntCurveSurface_IntersectionPoint & wrapped as a copy
[WARNI]  const IntCurveSurface_IntersectionSegment & wrapped as a copy
[WARNI]  const IntCurveSurface_IntersectionSegment & wrapped as a copy
[INFO ]  Class: IntCurveSurface_IntersectionPoint
[INFO ]      [TypeHint] More than 1 constructor, @overload decorator needed.
[INFO ]  Enum passed by reference: IntCurveSurface_TransitionOnCurve &TrCurv changed to IntCurveSurface_TransitionOnCurve &OutValue
[INFO ]  Enum passed by reference: IntCurveSurface_TransitionOnCurve & TrCurv changed to IntCurveSurface_TransitionOnCurve &OutValue
[WARNI]      [TypeHint] Skipping type double &, should contain _
[INFO ]  Class: IntCurveSurface_IntersectionSegment
[INFO ]      [TypeHint] More than 1 constructor, @overload decorator needed.
[WARNI]  const IntCurveSurface_IntersectionPoint & wrapped as a copy
[WARNI]  const IntCurveSurface_IntersectionPoint & wrapped as a copy
[WARNI]  const IntCurveSurface_IntersectionPoint & wrapped as a copy
[WARNI]  const IntCurveSurface_IntersectionPoint & wrapped as a copy
[INFO ]  Class: IntCurveSurface_TheCSFunctionOfHInter
[INFO ]  Class: IntCurveSurface_TheExactHInter
[INFO ]      [TypeHint] More than 1 constructor, @overload decorator needed.
[WARNI]      [TypeHint] Skipping type double &, should contain _
[INFO ]  Class: IntCurveSurface_TheHCurveTool
[WARNI]      [TypeHint] Skipping type static double, should contain _
[WARNI]      [TypeHint] Skipping type static double, should contain _
[WARNI]      [TypeHint] Skipping type static double, should contain _
[WARNI]      [TypeHint] Skipping type static double, should contain _
[INFO ]  Class: IntCurveSurface_TheInterferenceOfHInter
[INFO ]      [TypeHint] More than 1 constructor, @overload decorator needed.
[WARNI]      [TypeHint] Skipping type NCollection_Array1<gp_Lin>, seems to be a template
[WARNI]      [TypeHint] Skipping type NCollection_Array1<gp_Lin>, seems to be a template
[WARNI]      [TypeHint] Skipping type NCollection_Array1<gp_Lin>, seems to be a template
[WARNI]      [TypeHint] Skipping type NCollection_Array1<gp_Lin>, seems to be a template
[INFO ]  Class: IntCurveSurface_ThePolygonOfHInter
[INFO ]      [TypeHint] More than 1 constructor, @overload decorator needed.
[INFO ]  Class: IntCurveSurface_ThePolygonToolOfHInter
[WARNI]      [TypeHint] Skipping type static double, should contain _
[INFO ]  Class: IntCurveSurface_ThePolyhedronToolOfHInter
[WARNI]      [TypeHint] Skipping type NCollection_HArray1<Bnd_Box, seems to be a template
[WARNI]      [TypeHint] Skipping type static double, should contain _
[WARNI]      [TypeHint] Skipping type static double, should contain _
[WARNI]      [TypeHint] Skipping type int &, should contain _
[WARNI]      [TypeHint] Skipping type int &, should contain _
[INFO ]  Class: IntCurveSurface_TheQuadCurvExactHInter
[WARNI]      [TypeHint] Skipping type double &, should contain _
[INFO ]  Class: IntCurveSurface_TheQuadCurvFuncOfTheQuadCurvExactHInter
[WARNI]      [TypeHint] Skipping type double &, should contain _
[WARNI]      [TypeHint] Skipping type double &, should contain _
[WARNI]      [TypeHint] Skipping type double &, should contain _
[INFO ]  Class: IntCurveSurface_HInter
[INFO ]  ## Processing module IntImp
[INFO ]  Enum: IntImp_ConstIsoparametric
[INFO ]  ## Processing module IntImpParGen
[INFO ]  Class: IntImpParGen
[WARNI]      [TypeHint] Skipping type static double, should contain _
[WARNI]      [TypeHint] Skipping type double &, should contain _
[INFO ]  ## Processing module IntPatch
[INFO ]  Enum: IntPatch_IType
[INFO ]  Enum: IntPatch_SpecPntType
[WARNI]      [TypeHint] Skipping type opencascade::handle, should contain _
[WARNI]      [TypeHint] Skipping type opencascade::handle, should contain _
[INFO ]  Class: IntPatch_ALineToWLine
[WARNI]      [TypeHint] Skip type NCollection_Sequence<opencascade::handle<IntPatch_Line>>, because of trailing :
[WARNI]      [TypeHint] Skip type NCollection_Sequence<opencascade::handle<IntPatch_Line>>, because of trailing :
[INFO ]  Class: IntPatch_ArcFunction
[WARNI]      [TypeHint] Skipping type double &, should contain _
[WARNI]      [TypeHint] Skipping type double &, should contain _
[WARNI]      [TypeHint] Skipping type double &, should contain _
[INFO ]  Class: IntPatch_BVHTraversal
[INFO ]      Wrap nested class IntPatch_BVHTraversal::TrianglePair
[WARNI]      [TypeHint] Skipping type NCollection_DynamicArray<TrianglePair>, seems to be a template
[WARNI]      [TypeHint] Skipping type double &, should contain _
[INFO ]  Class: IntPatch_CSFunction
[INFO ]  Class: IntPatch_CurvIntSurf
[INFO ]      [TypeHint] More than 1 constructor, @overload decorator needed.
[WARNI]      [TypeHint] Skipping type double &, should contain _
[INFO ]  Class: IntPatch_HCurve2dTool
[WARNI]      [TypeHint] Skipping type static double, should contain _
[WARNI]      [TypeHint] Skipping type static double, should contain _
[WARNI]      [TypeHint] Skipping type static double, should contain _
[WARNI]      [TypeHint] Skipping type static double, should contain _
[INFO ]  Class: IntPatch_HInterTool
[WARNI]      [TypeHint] Skipping type double &, should contain _
[WARNI]      [TypeHint] Skipping type int &, should contain _
[WARNI]      [TypeHint] Skipping type int &, should contain _
[WARNI]      [TypeHint] Skipping type static double, should contain _
[WARNI]      [TypeHint] Skipping type double &, should contain _
[WARNI]      [TypeHint] Skipping type double &, should contain _
[WARNI]      [TypeHint] Skipping type static double, should contain _
[WARNI]      [TypeHint] Skipping type double &, should contain _
[INFO ]  Class: IntPatch_ImpImpIntersection
[INFO ]  Enum: IntStatus
[INFO ]      explicitly excluded method IntPatch_ImpImpIntersection::231c43be92c05c3ac685e2f6f1c47428
[INFO ]      [TypeHint] More than 1 constructor, @overload decorator needed.
[INFO ]  Class: IntPatch_ImpPrmIntersection
[INFO ]      [TypeHint] More than 1 constructor, @overload decorator needed.
[INFO ]  Class: IntPatch_InterferencePolyhedron
[INFO ]      [TypeHint] More than 1 constructor, @overload decorator needed.
[INFO ]  Class: IntPatch_Intersection
[INFO ]      [TypeHint] More than 1 constructor, @overload decorator needed.
[WARNI]      [TypeHint] Skipping type double &, should contain _
[WARNI]      [TypeHint] Skipping type static double, should contain _
[WARNI]      [TypeHint] Skipping type NCollection_List<IntSurf_PntOn2S>, seems to be a template
[WARNI]      [TypeHint] Skip type NCollection_DynamicArray<opencascade::handle<Adaptor3d_Surface>>, because of trailing :
[WARNI]      [TypeHint] Skip type NCollection_Sequence<opencascade::handle<IntPatch_Line>>, because of trailing :
[INFO ]  Class: IntPatch_Line
[INFO ]  Class: IntPatch_LineConstructor
[WARNI]      [TypeHint] Skip type NCollection_Sequence<opencascade::handle<IntPatch_Line>>, because of trailing :
[INFO ]  Class: IntPatch_Point
[WARNI]      [TypeHint] Skipping type double &, should contain _
[WARNI]      [TypeHint] Skipping type double &, should contain _
[WARNI]      [TypeHint] Skipping type double &, should contain _
[INFO ]  Class: IntPatch_Polygo
[INFO ]      Class IntPatch_Polygo is abstract, using %nodefaultctor.
[INFO ]  Class: IntPatch_PolyhedronBVH
[INFO ]      [TypeHint] More than 1 constructor, @overload decorator needed.
[WARNI]      [TypeHint] Skipping type BVH_Box<double,, seems to be a template
[WARNI]      [TypeHint] Skipping type virtual double, should contain _
[INFO ]  Class: IntPatch_PolyhedronTool
[WARNI]      [TypeHint] Skipping type NCollection_HArray1<Bnd_Box, seems to be a template
[WARNI]      [TypeHint] Skipping type static double, should contain _
[WARNI]      [TypeHint] Skipping type int &, should contain _
[WARNI]      [TypeHint] Skipping type int &, should contain _
[INFO ]  Class: IntPatch_PrmPrmIntersection
[WARNI]      [TypeHint] Skipping type int &, should contain _
[WARNI]      [TypeHint] Skipping type NCollection_List<IntSurf_PntOn2S>, seems to be a template
[INFO ]  Class: IntPatch_PrmPrmIntersection_T3Bits
[WARNI]      [TypeHint] Skipping type int &, should contain _
[INFO ]  Class: IntPatch_RstInt
[INFO ]  Class: IntPatch_SpecialPoints
[WARNI]      [TypeHint] Skipping type math_VectorBase<double, seems to be a template
[INFO ]  Class: IntPatch_TheIWLineOfTheIWalking
[WARNI]      [TypeHint] Skipping type int &, should contain _
[WARNI]      [TypeHint] Skipping type int &, should contain _
[INFO ]  Class: IntPatch_TheIWalking
[WARNI]      [TypeHint] Skipping type NCollection_Sequence<IntSurf_PathPoint>, seems to be a template
[WARNI]      [TypeHint] Skipping type NCollection_Sequence<IntSurf_PathPoint>, seems to be a template
[INFO ]  Class: IntPatch_ThePathPointOfTheSOnBounds
[INFO ]      [TypeHint] More than 1 constructor, @overload decorator needed.
[INFO ]  Class: IntPatch_TheSOnBounds
[INFO ]  Class: IntPatch_TheSearchInside
[INFO ]      [TypeHint] More than 1 constructor, @overload decorator needed.
[INFO ]  Class: IntPatch_TheSegmentOfTheSOnBounds
[INFO ]  Class: IntPatch_TheSurfFunction
[INFO ]      [TypeHint] More than 1 constructor, @overload decorator needed.
[INFO ]  Class: IntPatch_WLineTool
[WARNI]      [TypeHint] Skip type NCollection_Sequence<opencascade::handle<IntPatch_Line>>, because of trailing :
[WARNI]      [TypeHint] Skip type NCollection_Sequence<opencascade::handle<IntPatch_Line>>, because of trailing :
[INFO ]  Class: IntPatch_ALine
[INFO ]      [TypeHint] More than 1 constructor, @overload decorator needed.
[WARNI]  const IntAna_Curve & wrapped as a copy
[WARNI]  const IntAna_Curve & wrapped as a copy
[INFO ]  Class: IntPatch_GLine
[INFO ]      [TypeHint] More than 1 constructor, @overload decorator needed.
[INFO ]  Class: IntPatch_PointLine
[INFO ]      Class IntPatch_PointLine is abstract, using %nodefaultctor.
[WARNI]      [TypeHint] Skipping type static double, should contain _
[INFO ]  Class: IntPatch_PolyArc
[INFO ]  Class: IntPatch_PolyLine
[INFO ]      [TypeHint] More than 1 constructor, @overload decorator needed.
[INFO ]  Class: IntPatch_RLine
[INFO ]      explicitly excluded method IntPatch_RLine::ee72b358477778dd45df069d5683e751
[INFO ]      explicitly excluded method IntPatch_RLine::7b727f35126007af8c33d163e1e1ac19
[INFO ]      [TypeHint] More than 1 constructor, @overload decorator needed.
[WARNI]      [TypeHint] Skipping type double &, should contain _
[WARNI]      [TypeHint] Skipping type double &, should contain _
[INFO ]  Class: IntPatch_WLine
[INFO ]  Enum: IntPatch_WLType
[INFO ]      [TypeHint] More than 1 constructor, @overload decorator needed.
[WARNI]      [TypeHint] Skipping type int &, should contain _
[WARNI]      [TypeHint] Skip type IntPatch_WLine::IntPatch_WLType, because of trailing :
[WARNI]      [TypeHint] Skipping type int &, should contain _
[INFO ]  ## Processing module IntPolyh
[INFO ]  Skip typedef IntPolyh_PMaillageAffinage because target is a pointer type
[INFO ]  Class: IntPolyh_Couple
[INFO ]      [TypeHint] More than 1 constructor, @overload decorator needed.
[INFO ]  Class: IntPolyh_Edge
[INFO ]      [TypeHint] More than 1 constructor, @overload decorator needed.
[INFO ]  Class: IntPolyh_Intersection
[INFO ]      [TypeHint] More than 1 constructor, @overload decorator needed.
[WARNI]      [TypeHint] Skipping type double &, should contain _
[WARNI]      [TypeHint] Skipping type double &, should contain _
[WARNI]      [TypeHint] param name missing or '&', skip method type hint
[INFO ]  Class: IntPolyh_Point
[INFO ]      [TypeHint] More than 1 constructor, @overload decorator needed.
[INFO ]  Class: IntPolyh_PointNormal
[INFO ]  Class: IntPolyh_SectionLine
[INFO ]      [TypeHint] More than 1 constructor, @overload decorator needed.
[INFO ]      operand = cannot be wrapped
[INFO ]      operand [] cannot be wrapped
[INFO ]      operand [] cannot be wrapped
[INFO ]  Class: IntPolyh_StartPoint
[INFO ]      [TypeHint] More than 1 constructor, @overload decorator needed.
[WARNI]      [TypeHint] Skipping type int &, should contain _
[INFO ]  Class: IntPolyh_Tools
[WARNI]      [TypeHint] Skipping type static double, should contain _
[INFO ]  Class: IntPolyh_Triangle
[INFO ]      [TypeHint] More than 1 constructor, @overload decorator needed.
[INFO ]      hash<IntPolyh_Couple> skipped because it is a class template
[INFO ]  ## Processing module IntRes2d
[INFO ]  Enum: IntRes2d_Position
[INFO ]  Enum: IntRes2d_Situation
[INFO ]  Enum: IntRes2d_TypeTrans
[INFO ]  Class: IntRes2d_Domain
[INFO ]      [TypeHint] More than 1 constructor, @overload decorator needed.
[WARNI]      [TypeHint] Skipping type double &, should contain _
[INFO ]  Class: IntRes2d_Intersection
[INFO ]  Class: IntRes2d_IntersectionPoint
[INFO ]      [TypeHint] More than 1 constructor, @overload decorator needed.
[INFO ]  Class: IntRes2d_IntersectionSegment
[INFO ]      [TypeHint] More than 1 constructor, @overload decorator needed.
[INFO ]  Class: IntRes2d_Transition
[INFO ]      [TypeHint] More than 1 constructor, @overload decorator needed.
[INFO ]  ## Processing module IntStart
[INFO ]  Class: IntStart_SITopolTool
[INFO ]      Class IntStart_SITopolTool is abstract, using %nodefaultctor.
[INFO ]  ## Processing module IntSurf
[INFO ]  Enum: IntSurf_Situation
[INFO ]  Enum: IntSurf_TypeTrans
[INFO ]  Class: IntSurf
[INFO ]  Class: IntSurf_Couple
[INFO ]      [TypeHint] More than 1 constructor, @overload decorator needed.
[INFO ]  Class: IntSurf_InteriorPoint
[INFO ]      [TypeHint] More than 1 constructor, @overload decorator needed.
[WARNI]      [TypeHint] Skipping type double &, should contain _
[INFO ]  Class: IntSurf_InteriorPointTool
[WARNI]      [TypeHint] Skipping type double &, should contain _
[INFO ]  Class: IntSurf_LineOn2S
[INFO ]  Class: IntSurf_PathPoint
[INFO ]      [TypeHint] More than 1 constructor, @overload decorator needed.
[WARNI]      [TypeHint] Skipping type double &, should contain _
[WARNI]      [TypeHint] Skipping type double &, should contain _
[INFO ]  Class: IntSurf_PathPointTool
[WARNI]      [TypeHint] Skipping type double &, should contain _
[WARNI]      [TypeHint] Skipping type double &, should contain _
[INFO ]  Class: IntSurf_PntOn2S
[WARNI]      [TypeHint] Skipping type double &, should contain _
[WARNI]      [TypeHint] Skipping type double &, should contain _
[WARNI]      [TypeHint] Skipping type double &, should contain _
[WARNI]      [TypeHint] Skipping type double &, should contain _
[INFO ]  Class: IntSurf_Quadric
[INFO ]      [TypeHint] More than 1 constructor, @overload decorator needed.
[WARNI]      [TypeHint] Skipping type double &, should contain _
[WARNI]      [TypeHint] Skipping type double &, should contain _
[INFO ]  Class: IntSurf_QuadricTool
[WARNI]      [TypeHint] Skipping type static double, should contain _
[WARNI]      [TypeHint] Skipping type static double, should contain _
[WARNI]      [TypeHint] Skipping type double &, should contain _
[INFO ]  Class: IntSurf_Transition
[INFO ]      [TypeHint] More than 1 constructor, @overload decorator needed.
[INFO ]  ## Processing module IntWalk
[INFO ]  Enum: IntWalk_StatusDeflection
[INFO ]  Class: IntWalk_TheFunctionOfTheInt2S
[INFO ]  Enum passed by reference: IntImp_ConstIsoparametric &BestChoix changed to IntImp_ConstIsoparametric &OutValue
[INFO ]  Enum passed by reference: IntImp_ConstIsoparametric & BestChoix changed to IntImp_ConstIsoparametric &OutValue
[INFO ]  Enum passed by reference: IntImp_ConstIsoparametric & BestChoix changed to IntImp_ConstIsoparametric &OutValue
[INFO ]  Class: IntWalk_TheInt2S
[INFO ]      [TypeHint] More than 1 constructor, @overload decorator needed.
[INFO ]  Class: IntWalk_WalkingData
[INFO ]  ## Processing module Intf
[INFO ]  Enum: Intf_PIType
[INFO ]  Class: Intf
[WARNI]      [TypeHint] Skipping type double &, should contain _
[INFO ]  Class: Intf_Interference
[INFO ]  Class: Intf_Polygon2d
[INFO ]      Class Intf_Polygon2d is abstract, using %nodefaultctor.
[WARNI]      [TypeHint] Skipping type virtual double, should contain _
[INFO ]  Class: Intf_SectionLine
[INFO ]      [TypeHint] More than 1 constructor, @overload decorator needed.
[INFO ]      operand = cannot be wrapped
[INFO ]  Class: Intf_SectionPoint
[INFO ]      [TypeHint] More than 1 constructor, @overload decorator needed.
[INFO ]  Enum passed by reference: Intf_PIType &Dim changed to Intf_PIType &OutValue
[INFO ]  Enum passed by reference: Intf_PIType & Dim changed to Intf_PIType &OutValue
[INFO ]  Enum passed by reference: Intf_PIType & Dim changed to Intf_PIType &OutValue
[WARNI]      [TypeHint] Skipping type int &, should contain _
[INFO ]  Enum passed by reference: Intf_PIType &Dim changed to Intf_PIType &OutValue
[INFO ]  Enum passed by reference: Intf_PIType & Dim changed to Intf_PIType &OutValue
[INFO ]  Enum passed by reference: Intf_PIType & Dim changed to Intf_PIType &OutValue
[WARNI]      [TypeHint] Skipping type int &, should contain _
[INFO ]  Enum passed by reference: Intf_PIType &Dim changed to Intf_PIType &OutValue
[INFO ]  Enum passed by reference: Intf_PIType & Dim changed to Intf_PIType &OutValue
[INFO ]  Enum passed by reference: Intf_PIType & Dim changed to Intf_PIType &OutValue
[WARNI]      [TypeHint] Skipping type int &, should contain _
[INFO ]  Enum passed by reference: Intf_PIType &Dim changed to Intf_PIType &OutValue
[INFO ]  Enum passed by reference: Intf_PIType & Dim changed to Intf_PIType &OutValue
[INFO ]  Enum passed by reference: Intf_PIType & Dim changed to Intf_PIType &OutValue
[WARNI]      [TypeHint] Skipping type int &, should contain _
[INFO ]  Class: Intf_TangentZone
[WARNI]      [TypeHint] Skipping type int &, should contain _
[WARNI]      [TypeHint] Skipping type int &, should contain _
[WARNI]      [TypeHint] Skipping type double &, should contain _
[WARNI]      [TypeHint] Skipping type double &, should contain _
[INFO ]  Class: Intf_Tool
[INFO ]  Class: Intf_InterferencePolygon2d
[INFO ]      [TypeHint] More than 1 constructor, @overload decorator needed.
[INFO ]  ## Processing module Law
[WARNI]      [TypeHint] Skipping type opencascade::handle, should contain _
[INFO ]  Class: Law
[INFO ]  Class: Law_BSpline
[INFO ]      [TypeHint] More than 1 constructor, @overload decorator needed.
[WARNI]      [TypeHint] Skipping type double &, should contain _
[WARNI]      [TypeHint] Skipping type double &, should contain _
[WARNI]      [TypeHint] Skipping type double &, should contain _
[WARNI]      [TypeHint] Skipping type double &, should contain _
[WARNI]      [TypeHint] Skipping type double &, should contain _
[WARNI]      [TypeHint] Skipping type double &, should contain _
[WARNI]      [TypeHint] Skipping type double &, should contain _
[WARNI]      [TypeHint] Skipping type double &, should contain _
[WARNI]      [TypeHint] Skipping type int &, should contain _
[WARNI]      [TypeHint] Skipping type int &, should contain _
[WARNI]      [TypeHint] Skipping type double &, should contain _
[WARNI]      [TypeHint] Skipping type double &, should contain _
[INFO ]  Class: Law_BSplineKnotSplitting
[INFO ]  Class: Law_Function
[INFO ]      Class Law_Function is abstract, using %nodefaultctor.
[WARNI]      [TypeHint] Skipping type double &, should contain _
[WARNI]      [TypeHint] Skipping type double &, should contain _
[WARNI]      [TypeHint] Skipping type double &, should contain _
[WARNI]      [TypeHint] Skipping type virtual double, should contain _
[INFO ]  Class: Law_Interpolate
[INFO ]      explicitly excluded method Law_Interpolate::cc7e51f8da6d25de0686408bc4ec060f
[INFO ]      [TypeHint] More than 1 constructor, @overload decorator needed.
[INFO ]  Class: Law_BSpFunc
[INFO ]      [TypeHint] More than 1 constructor, @overload decorator needed.
[WARNI]      [TypeHint] Skipping type double &, should contain _
[WARNI]      [TypeHint] Skipping type double &, should contain _
[WARNI]      [TypeHint] Skipping type double &, should contain _
[INFO ]  Class: Law_Composite
[INFO ]      [TypeHint] More than 1 constructor, @overload decorator needed.
[WARNI]      [TypeHint] Skipping type double &, should contain _
[WARNI]      [TypeHint] Skip type NCollection_List<opencascade::handle<Law_Function>>, because of trailing :
[WARNI]      [TypeHint] Skipping type double &, should contain _
[WARNI]      [TypeHint] Skipping type double &, should contain _
[INFO ]  Class: Law_Constant
[WARNI]      [TypeHint] Skipping type double &, should contain _
[WARNI]      [TypeHint] Skipping type double &, should contain _
[WARNI]      [TypeHint] Skipping type double &, should contain _
[INFO ]  Class: Law_Linear
[WARNI]      [TypeHint] Skipping type double &, should contain _
[WARNI]      [TypeHint] Skipping type double &, should contain _
[WARNI]      [TypeHint] Skipping type double &, should contain _
[INFO ]  Class: Law_Interpol
[INFO ]  Class: Law_S
[INFO ]  ## Processing module LocalAnalysis
[INFO ]  Enum: LocalAnalysis_StatusErrorType
[INFO ]  Class: LocalAnalysis
[INFO ]  Class: LocalAnalysis_CurveContinuity
[INFO ]  Class: LocalAnalysis_SurfaceContinuity
[INFO ]      [TypeHint] More than 1 constructor, @overload decorator needed.
[INFO ]  ## Processing module NLPlate
[WARNI]      [TypeHint] Skipping type opencascade::handle, should contain _
[INFO ]  Class: NLPlate_HGPPConstraint
[INFO ]      Class NLPlate_HGPPConstraint is abstract, using %nodefaultctor.
[INFO ]      Constructor skipped for abstract class NLPlate_HGPPConstraint
[WARNI]      [TypeHint] Skipping type virtual double, should contain _
[WARNI]      [TypeHint] Skipping type virtual double, should contain _
[WARNI]      [TypeHint] Skipping type virtual double, should contain _
[WARNI]      [TypeHint] Skipping type virtual double, should contain _
[INFO ]  Class: NLPlate_NLPlate
[INFO ]  Class: NLPlate_HPG0Constraint
[INFO ]  Class: NLPlate_HPG1Constraint
[INFO ]  Class: NLPlate_HPG0G1Constraint
[INFO ]  Class: NLPlate_HPG2Constraint
[INFO ]  Class: NLPlate_HPG0G2Constraint
[INFO ]  Class: NLPlate_HPG3Constraint
[INFO ]  Class: NLPlate_HPG0G3Constraint
[INFO ]  ## Processing module Plate
[INFO ]  Class: Plate_D1
[INFO ]      [TypeHint] More than 1 constructor, @overload decorator needed.
[INFO ]  Class: Plate_D2
[INFO ]      [TypeHint] More than 1 constructor, @overload decorator needed.
[INFO ]  Class: Plate_D3
[INFO ]      [TypeHint] More than 1 constructor, @overload decorator needed.
[INFO ]  Class: Plate_FreeGtoCConstraint
[INFO ]      [TypeHint] More than 1 constructor, @overload decorator needed.
[INFO ]  Class: Plate_GlobalTranslationConstraint
[INFO ]  Class: Plate_GtoCConstraint
[INFO ]      [TypeHint] More than 1 constructor, @overload decorator needed.
[INFO ]  Class: Plate_LineConstraint
[INFO ]  Class: Plate_LinearScalarConstraint
[INFO ]      [TypeHint] More than 1 constructor, @overload decorator needed.
[WARNI]      [TypeHint] Skipping type NCollection_Array1<Plate_PinpointConstraint>, seems to be a template
[WARNI]      [TypeHint] Skipping type NCollection_Array1<Plate_PinpointConstraint>, seems to be a template
[WARNI]      [TypeHint] Skipping type NCollection_Array1<Plate_PinpointConstraint>, seems to be a template
[INFO ]  Class: Plate_LinearXYZConstraint
[INFO ]      [TypeHint] More than 1 constructor, @overload decorator needed.
[WARNI]      [TypeHint] Skipping type NCollection_Array1<Plate_PinpointConstraint>, seems to be a template
[WARNI]      [TypeHint] Skipping type NCollection_Array1<Plate_PinpointConstraint>, seems to be a template
[WARNI]      [TypeHint] Skipping type NCollection_Array1<Plate_PinpointConstraint>, seems to be a template
[INFO ]  Class: Plate_PinpointConstraint
[INFO ]      [TypeHint] More than 1 constructor, @overload decorator needed.
[INFO ]  Class: Plate_PlaneConstraint
[INFO ]  Class: Plate_Plate
[INFO ]      [TypeHint] More than 1 constructor, @overload decorator needed.
[WARNI]      [TypeHint] Skipping type double &, should contain _
[INFO ]      operand = cannot be wrapped
[INFO ]  Class: Plate_SampledCurveConstraint
[WARNI]      [TypeHint] Skipping type NCollection_Sequence<Plate_PinpointConstraint>, seems to be a template
[INFO ]  ## Processing module TopClass
[WARNI]  No file for module TopClass. Please check that the module name is part of occt.
[INFO ]  ## Processing module TopTrans
[INFO ]  Class: TopTrans_CurveTransition
[INFO ]  Class: TopTrans_SurfaceTransition
[INFO ]  Processing toolkit TKHLR ===
[INFO ]  ## Processing module Contap
[INFO ]  Enum: Contap_IType
[INFO ]  Enum: Contap_TFunction
[WARNI]      [TypeHint] Skipping type opencascade::handle, should contain _
[INFO ]  Class: Contap_ArcFunction
[WARNI]      [TypeHint] Skipping type double &, should contain _
[WARNI]      [TypeHint] Skipping type double &, should contain _
[WARNI]      [TypeHint] Skipping type double &, should contain _
[INFO ]  Class: Contap_ContAna
[INFO ]  Class: Contap_Contour
[INFO ]      [TypeHint] More than 1 constructor, @overload decorator needed.
[INFO ]  Class: Contap_HContTool
[WARNI]      [TypeHint] Skipping type double &, should contain _
[WARNI]      [TypeHint] Skipping type int &, should contain _
[WARNI]      [TypeHint] Skipping type int &, should contain _
[WARNI]      [TypeHint] Skipping type static double, should contain _
[WARNI]      [TypeHint] Skipping type double &, should contain _
[WARNI]      [TypeHint] Skipping type double &, should contain _
[WARNI]      [TypeHint] Skipping type static double, should contain _
[WARNI]      [TypeHint] Skipping type double &, should contain _
[INFO ]  Class: Contap_HCurve2dTool
[WARNI]      [TypeHint] Skipping type static double, should contain _
[WARNI]      [TypeHint] Skipping type static double, should contain _
[WARNI]      [TypeHint] Skipping type static double, should contain _
[WARNI]      [TypeHint] Skipping type static double, should contain _
[INFO ]  Class: Contap_Line
[INFO ]  Class: Contap_Point
[INFO ]      [TypeHint] More than 1 constructor, @overload decorator needed.
[WARNI]      [TypeHint] Skipping type double &, should contain _
[INFO ]  Class: Contap_SurfFunction
[INFO ]  Class: Contap_SurfProps
[INFO ]  Class: Contap_TheIWLineOfTheIWalking
[WARNI]      [TypeHint] Skipping type int &, should contain _
[WARNI]      [TypeHint] Skipping type int &, should contain _
[INFO ]  Class: Contap_TheIWalking
[WARNI]      [TypeHint] Skipping type NCollection_Sequence<IntSurf_PathPoint>, seems to be a template
[WARNI]      [TypeHint] Skipping type NCollection_Sequence<IntSurf_PathPoint>, seems to be a template
[INFO ]  Class: Contap_ThePathPointOfTheSearch
[INFO ]      [TypeHint] More than 1 constructor, @overload decorator needed.
[INFO ]  Class: Contap_TheSearch
[INFO ]  Class: Contap_TheSearchInside
[INFO ]      [TypeHint] More than 1 constructor, @overload decorator needed.
[INFO ]  Class: Contap_TheSegmentOfTheSearch
[INFO ]  ## Processing module HLRAlgo
[INFO ]  Enum: HLRAlgo_PolyMask
[WARNI]      [TypeHint] Skipping type opencascade::handle, should contain _
[WARNI]      [TypeHint] Skipping type opencascade::handle, should contain _
[INFO ]  Class: HLRAlgo
[WARNI]      [TypeHint] Skip type HLRAlgo_EdgesBlock::MinMaxIndices, because of trailing :
[WARNI]      [TypeHint] Skip type HLRAlgo_EdgesBlock::MinMaxIndices, because of trailing :
[WARNI]      [TypeHint] Skip type HLRAlgo_EdgesBlock::MinMaxIndices, because of trailing :
[WARNI]      [TypeHint] Skip type HLRAlgo_EdgesBlock::MinMaxIndices, because of trailing :
[WARNI]      [TypeHint] Skipping type static double, should contain _
[WARNI]      [TypeHint] Skip type HLRAlgo_EdgesBlock::MinMaxIndices, because of trailing :
[INFO ]  Class: HLRAlgo_BiPoint
[INFO ]      Wrap nested class HLRAlgo_BiPoint::IndicesT
[INFO ]      Wrap nested class HLRAlgo_BiPoint::PointsT
[INFO ]      explicitly excluded method HLRAlgo_BiPoint::bed175575f3fb6d9d3872c0ab2be6aec
[INFO ]      explicitly excluded method HLRAlgo_BiPoint::fe71a23d0f79cd7921ec286a3aefc083
[INFO ]      [TypeHint] More than 1 constructor, @overload decorator needed.
[INFO ]  Class: HLRAlgo_Coincidence
[INFO ]  Enum passed by reference: TopAbs_State &stbef changed to TopAbs_State &OutValue
[INFO ]  Enum passed by reference: TopAbs_State &staft changed to TopAbs_State &OutValue
[INFO ]  Enum passed by reference: TopAbs_State & stbef changed to TopAbs_State &OutValue
[INFO ]  Enum passed by reference: TopAbs_State & staft changed to TopAbs_State &OutValue
[INFO ]  Enum passed by reference: TopAbs_State & stbef changed to TopAbs_State &OutValue
[INFO ]  Enum passed by reference: TopAbs_State & staft changed to TopAbs_State &OutValue
[WARNI]      [TypeHint] Skipping type int &, should contain _
[INFO ]  Class: HLRAlgo_EdgeIterator
[WARNI]      [TypeHint] Skipping type double &, should contain _
[WARNI]      [TypeHint] Skipping type double &, should contain _
[INFO ]  Class: HLRAlgo_EdgeStatus
[INFO ]      [TypeHint] More than 1 constructor, @overload decorator needed.
[WARNI]      [TypeHint] Skipping type double &, should contain _
[WARNI]      [TypeHint] Skipping type double &, should contain _
[INFO ]  Class: HLRAlgo_EdgesBlock
[INFO ]      Wrap nested class HLRAlgo_EdgesBlock::MinMaxIndices
[INFO ]      explicitly excluded method HLRAlgo_EdgesBlock::ebcbf967011738ff0c388241ea684feb
[WARNI]      [TypeHint] Skip type HLRAlgo_EdgesBlock::MinMaxIndices, because of trailing :
[INFO ]  Class: HLRAlgo_Interference
[INFO ]      [TypeHint] More than 1 constructor, @overload decorator needed.
[INFO ]  Class: HLRAlgo_Intersection
[INFO ]      [TypeHint] More than 1 constructor, @overload decorator needed.
[INFO ]  Class: HLRAlgo_PolyAlgo
[WARNI]      [TypeHint] Skip type NCollection_Array1<opencascade::handle<HLRAlgo_PolyShellData>>, because of trailing :
[WARNI]      [TypeHint] Skip type HLRAlgo_BiPoint::PointsT, because of trailing :
[WARNI]      [TypeHint] Skipping type int &, should contain _
[WARNI]      [TypeHint] Skip type NCollection_Array1<opencascade::handle<HLRAlgo_PolyShellData>>, because of trailing :
[WARNI]      [TypeHint] Skip type HLRAlgo_BiPoint::PointsT, because of trailing :
[WARNI]      [TypeHint] Skipping type int &, should contain _
[INFO ]  Class: HLRAlgo_PolyData
[INFO ]      Wrap nested class HLRAlgo_PolyData::FaceIndices
[INFO ]      Wrap nested class HLRAlgo_PolyData::Triangle
[INFO ]      explicitly excluded method HLRAlgo_PolyData::65504e67a52e19904c177bf36a5a960f
[INFO ]      explicitly excluded method HLRAlgo_PolyData::e853e01bea80f335f48d2083e3b03c6d
[INFO ]      explicitly excluded method HLRAlgo_PolyData::1ef4d0d7acdbc161edf6c492116eed8d
[WARNI]      [TypeHint] Skipping type NCollection_HArray1<HLRAlgo_PolyHidingData, seems to be a template
[WARNI]      [TypeHint] Skipping type NCollection_HArray1<HLRAlgo_TriangleData, seems to be a template
[WARNI]      [TypeHint] Skipping type NCollection_Array1<HLRAlgo_PolyHidingData>, seems to be a template
[WARNI]      [TypeHint] Skipping type NCollection_Array1<HLRAlgo_TriangleData>, seems to be a template
[INFO ]  Class: HLRAlgo_PolyInternalData
[WARNI]      [TypeHint] Skip type HLRAlgo_PolyInternalNode::NodeData, because of trailing :
[WARNI]      [TypeHint] Skip type NCollection_Array1<opencascade::handle<HLRAlgo_PolyInternalNode>>, because of trailing :
[WARNI]      [TypeHint] Skipping type NCollection_Array1<HLRAlgo_PolyInternalSegment>, seems to be a template
[WARNI]      [TypeHint] Skipping type NCollection_Array1<HLRAlgo_TriangleData>, seems to be a template
[WARNI]      [TypeHint] Skip type NCollection_Array1<opencascade::handle<HLRAlgo_PolyInternalNode>>, because of trailing :
[WARNI]      [TypeHint] Skipping type NCollection_Array1<HLRAlgo_PolyInternalSegment>, seems to be a template
[WARNI]      [TypeHint] Skipping type NCollection_Array1<HLRAlgo_TriangleData>, seems to be a template
[WARNI]      [TypeHint] Skipping type NCollection_Array1<HLRAlgo_TriangleData>, seems to be a template
[WARNI]      [TypeHint] Skipping type NCollection_Array1<HLRAlgo_TriangleData>, seems to be a template
[INFO ]  Class: HLRAlgo_PolyInternalNode
[INFO ]      Wrap nested class HLRAlgo_PolyInternalNode::NodeIndices
[INFO ]      Wrap nested class HLRAlgo_PolyInternalNode::NodeData
[INFO ]      explicitly excluded method HLRAlgo_PolyInternalNode::8e4b7e71f7ea538345aa82a6768514e2
[INFO ]      explicitly excluded method HLRAlgo_PolyInternalNode::331d49fa3fd20db16275a222ad109167
[INFO ]  Class: HLRAlgo_PolyShellData
[INFO ]      Wrap nested class HLRAlgo_PolyShellData::ShellIndices
[INFO ]      explicitly excluded method HLRAlgo_PolyShellData::4c64ab21b0af214c1defaf9f0dc12a7b
[WARNI]      [TypeHint] Skipping type NCollection_List<HLRAlgo_BiPoint>, seems to be a template
[WARNI]      [TypeHint] Skip type NCollection_Array1<opencascade::handle<HLRAlgo_PolyData>>, because of trailing :
[WARNI]      [TypeHint] Skip type NCollection_Array1<opencascade::handle<HLRAlgo_PolyData>>, because of trailing :
[INFO ]  Class: HLRAlgo_Projector
[INFO ]      [TypeHint] More than 1 constructor, @overload decorator needed.
[WARNI]      [TypeHint] Skipping type double &, should contain _
[INFO ]  Class: HLRAlgo_WiresBlock
[WARNI]      [TypeHint] Skip type HLRAlgo_EdgesBlock::MinMaxIndices, because of trailing :
[WARNI]      [TypeHint] Skip type HLRAlgo_EdgesBlock::MinMaxIndices, because of trailing :
[INFO ]  ## Processing module HLRAppli
[INFO ]  Class: HLRAppli_ReflectLines
[INFO ]  ## Processing module HLRBRep
[INFO ]  Enum: HLRBRep_TypeOfResultingEdge
[INFO ]  Skip typedef HLRBRep_CurvePtr because target is a pointer type
[INFO ]  Skip typedef HLRBRep_SurfacePtr because target is a pointer type
[INFO ]  Class: HLRBRep
[WARNI]      [TypeHint] Skipping type double &, should contain _
[INFO ]  Class: HLRBRep_AreaLimit
[INFO ]  Class: HLRBRep_BCurveTool
[WARNI]      [TypeHint] Skipping type static double, should contain _
[WARNI]      [TypeHint] Skipping type static double, should contain _
[WARNI]      [TypeHint] Skipping type static double, should contain _
[WARNI]      [TypeHint] Skipping type static double, should contain _
[INFO ]  Class: HLRBRep_BiPnt2D
[INFO ]      [TypeHint] More than 1 constructor, @overload decorator needed.
[INFO ]  Class: HLRBRep_BiPoint
[INFO ]      [TypeHint] More than 1 constructor, @overload decorator needed.
[INFO ]  Class: HLRBRep_CInter
[INFO ]      [TypeHint] More than 1 constructor, @overload decorator needed.
[INFO ]  Class: HLRBRep_CLPropsATool
[WARNI]      [TypeHint] Skipping type static double, should contain _
[WARNI]      [TypeHint] Skipping type static double, should contain _
[INFO ]  Class: HLRBRep_Curve
[WARNI]  const BRepAdaptor_Curve & wrapped as a copy
[WARNI]  const BRepAdaptor_Curve & wrapped as a copy
[INFO ]  Class: HLRBRep_CurveTool
[WARNI]      [TypeHint] Skipping type static double, should contain _
[WARNI]      [TypeHint] Skipping type static double, should contain _
[WARNI]      [TypeHint] Skipping type double &, should contain _
[WARNI]      [TypeHint] Skipping type static double, should contain _
[WARNI]      [TypeHint] Skipping type static double, should contain _
[WARNI]      [TypeHint] Skipping type static double, should contain _
[INFO ]  Class: HLRBRep_Data
[WARNI]      [TypeHint] Skipping type int &, should contain _
[WARNI]      [TypeHint] Skipping type NCollection_Array1<HLRBRep_EdgeData>, seems to be a template
[INFO ]  Enum passed by reference: TopAbs_State &stbef changed to TopAbs_State &OutValue
[INFO ]  Enum passed by reference: TopAbs_State &staf changed to TopAbs_State &OutValue
[INFO ]  Enum passed by reference: TopAbs_State & stbef changed to TopAbs_State &OutValue
[INFO ]  Enum passed by reference: TopAbs_State & staf changed to TopAbs_State &OutValue
[INFO ]  Enum passed by reference: TopAbs_State & stbef changed to TopAbs_State &OutValue
[INFO ]  Enum passed by reference: TopAbs_State & staf changed to TopAbs_State &OutValue
[WARNI]      [TypeHint] Skipping type NCollection_Array1<HLRBRep_FaceData>, seems to be a template
[WARNI]      [TypeHint] Skipping type NCollection_List<HLRAlgo_Interference>, seems to be a template
[WARNI]      [TypeHint] Skip type HLRAlgo_EdgesBlock::MinMaxIndices, because of trailing :
[WARNI]      [TypeHint] Skipping type NCollection_DataMap<TopoDS_Shape,, seems to be a template
[WARNI]      [TypeHint] Skipping type double &, should contain _
[WARNI]      [TypeHint] Skipping type double &, should contain _
[INFO ]  Class: HLRBRep_EdgeBuilder
[INFO ]  Class: HLRBRep_EdgeData
[WARNI]  const HLRBRep_Curve & wrapped as a copy
[WARNI]  const HLRBRep_Curve & wrapped as a copy
[WARNI]      [TypeHint] Skip type HLRAlgo_EdgesBlock::MinMaxIndices, because of trailing :
[WARNI]      [TypeHint] Skip type HLRAlgo_EdgesBlock::MinMaxIndices, because of trailing :
[INFO ]  Class: HLRBRep_EdgeFaceTool
[WARNI]      [TypeHint] Skipping type static double, should contain _
[WARNI]      [TypeHint] Skipping type double &, should contain _
[INFO ]  Class: HLRBRep_EdgeIList
[WARNI]      [TypeHint] Skipping type NCollection_List<HLRAlgo_Interference>, seems to be a template
[WARNI]      [TypeHint] Skipping type NCollection_List<HLRAlgo_Interference>, seems to be a template
[INFO ]  Class: HLRBRep_EdgeInterferenceTool
[WARNI]      [TypeHint] Skipping type double &, should contain _
[WARNI]      [TypeHint] Skipping type double &, should contain _
[INFO ]  Class: HLRBRep_ExactIntersectionPointOfTheIntPCurvePCurveOfCInter
[WARNI]      [TypeHint] Skipping type int &, should contain _
[WARNI]      [TypeHint] Skipping type double &, should contain _
[INFO ]  Class: HLRBRep_FaceData
[INFO ]  Class: HLRBRep_FaceIterator
[INFO ]  Class: HLRBRep_HLRToShape
[INFO ]  Class: HLRBRep_Hider
[WARNI]      [TypeHint] Skipping type NCollection_DataMap<TopoDS_Shape,, seems to be a template
[INFO ]  Class: HLRBRep_IntConicCurveOfCInter
[INFO ]      [TypeHint] More than 1 constructor, @overload decorator needed.
[INFO ]  Class: HLRBRep_InterCSurf
[INFO ]  Class: HLRBRep_InternalAlgo
[INFO ]      [TypeHint] More than 1 constructor, @overload decorator needed.
[WARNI]      [TypeHint] Skipping type NCollection_Sequence<HLRBRep_ShapeBounds>, seems to be a template
[INFO ]  Class: HLRBRep_Intersector
[WARNI]  const IntCurveSurface_IntersectionPoint & wrapped as a copy
[WARNI]  const IntCurveSurface_IntersectionPoint & wrapped as a copy
[WARNI]  const IntCurveSurface_IntersectionSegment & wrapped as a copy
[WARNI]  const IntCurveSurface_IntersectionSegment & wrapped as a copy
[INFO ]  Class: HLRBRep_LineTool
[WARNI]      [TypeHint] Skipping type static double, should contain _
[WARNI]      [TypeHint] Skipping type static double, should contain _
[WARNI]      [TypeHint] Skipping type static double, should contain _
[WARNI]      [TypeHint] Skipping type static double, should contain _
[WARNI]      [TypeHint] Skipping type static double, should contain _
[WARNI]      [TypeHint] Skipping type static double, should contain _
[INFO ]  Class: HLRBRep_MyImpParToolOfTheIntersectorOfTheIntConicCurveOfCInter
[WARNI]      [TypeHint] Skipping type double &, should contain _
[WARNI]      [TypeHint] Skipping type double &, should contain _
[WARNI]      [TypeHint] Skipping type double &, should contain _
[INFO ]  Class: HLRBRep_PolyAlgo
[INFO ]      [TypeHint] More than 1 constructor, @overload decorator needed.
[WARNI]      [TypeHint] Skip type HLRAlgo_BiPoint::PointsT, because of trailing :
[WARNI]      [TypeHint] Skip type HLRAlgo_BiPoint::PointsT, because of trailing :
[INFO ]  Class: HLRBRep_PolyHLRToShape
[INFO ]  Class: HLRBRep_SLPropsATool
[WARNI]      [TypeHint] Skipping type double &, should contain _
[INFO ]  Class: HLRBRep_ShapeBounds
[INFO ]      [TypeHint] More than 1 constructor, @overload decorator needed.
[WARNI]      [TypeHint] Skipping type int &, should contain _
[WARNI]      [TypeHint] Skip type HLRAlgo_EdgesBlock::MinMaxIndices, because of trailing :
[WARNI]      [TypeHint] Skipping type int &, should contain _
[WARNI]      [TypeHint] Skip type HLRAlgo_EdgesBlock::MinMaxIndices, because of trailing :
[INFO ]  Class: HLRBRep_ShapeToHLR
[WARNI]      [TypeHint] Skipping type NCollection_DataMap<TopoDS_Shape,, seems to be a template
[INFO ]  Class: HLRBRep_SurfaceTool
[WARNI]      [TypeHint] Skipping type static double, should contain _
[WARNI]      [TypeHint] Skipping type static double, should contain _
[WARNI]      [TypeHint] Skipping type static double, should contain _
[WARNI]      [TypeHint] Skipping type static double, should contain _
[WARNI]      [TypeHint] Skipping type static double, should contain _
[WARNI]      [TypeHint] Skipping type static double, should contain _
[WARNI]      [TypeHint] Skipping type static double, should contain _
[WARNI]      [TypeHint] Skipping type static double, should contain _
[WARNI]      [TypeHint] Skipping type static double, should contain _
[INFO ]  Class: HLRBRep_TheCSFunctionOfInterCSurf
[WARNI]  HLRBRep_Surface * const & wrapped as a copy
[WARNI]  HLRBRep_Surface * const & wrapped as a copy
[INFO ]  Class: HLRBRep_TheDistBetweenPCurvesOfTheIntPCurvePCurveOfCInter
[INFO ]  Class: HLRBRep_TheExactInterCSurf
[INFO ]      [TypeHint] More than 1 constructor, @overload decorator needed.
[WARNI]      [TypeHint] Skipping type double &, should contain _
[INFO ]  Class: HLRBRep_TheIntConicCurveOfCInter
[INFO ]      [TypeHint] More than 1 constructor, @overload decorator needed.
[INFO ]  Class: HLRBRep_TheIntPCurvePCurveOfCInter
[INFO ]  Class: HLRBRep_TheInterferenceOfInterCSurf
[INFO ]      [TypeHint] More than 1 constructor, @overload decorator needed.
[WARNI]      [TypeHint] Skipping type NCollection_Array1<gp_Lin>, seems to be a template
[WARNI]      [TypeHint] Skipping type NCollection_Array1<gp_Lin>, seems to be a template
[WARNI]      [TypeHint] Skipping type NCollection_Array1<gp_Lin>, seems to be a template
[WARNI]      [TypeHint] Skipping type NCollection_Array1<gp_Lin>, seems to be a template
[INFO ]  Class: HLRBRep_TheIntersectorOfTheIntConicCurveOfCInter
[INFO ]      [TypeHint] More than 1 constructor, @overload decorator needed.
[WARNI]      [TypeHint] Skipping type int &, should contain _
[INFO ]  Class: HLRBRep_ThePolygon2dOfTheIntPCurvePCurveOfCInter
[INFO ]  Class: HLRBRep_ThePolygonOfInterCSurf
[INFO ]      [TypeHint] More than 1 constructor, @overload decorator needed.
[INFO ]  Class: HLRBRep_ThePolygonToolOfInterCSurf
[WARNI]      [TypeHint] Skipping type static double, should contain _
[INFO ]  Class: HLRBRep_ThePolyhedronToolOfInterCSurf
[WARNI]      [TypeHint] Skipping type NCollection_HArray1<Bnd_Box, seems to be a template
[WARNI]      [TypeHint] Skipping type static double, should contain _
[WARNI]      [TypeHint] Skipping type static double, should contain _
[WARNI]      [TypeHint] Skipping type int &, should contain _
[WARNI]      [TypeHint] Skipping type int &, should contain _
[INFO ]  Class: HLRBRep_TheProjPCurOfCInter
[WARNI]      [TypeHint] Skipping type static double, should contain _
[WARNI]      [TypeHint] Skipping type static double, should contain _
[INFO ]  Class: HLRBRep_TheQuadCurvExactInterCSurf
[WARNI]      [TypeHint] Skipping type double &, should contain _
[INFO ]  Class: HLRBRep_TheQuadCurvFuncOfTheQuadCurvExactInterCSurf
[WARNI]      [TypeHint] Skipping type double &, should contain _
[WARNI]      [TypeHint] Skipping type double &, should contain _
[WARNI]      [TypeHint] Skipping type double &, should contain _
[INFO ]  Class: HLRBRep_VertexList
[WARNI]      [TypeHint] Skipping type NCollection_List<HLRAlgo_Interference, seems to be a template
[INFO ]  Class: HLRBRep_Algo
[INFO ]      [TypeHint] More than 1 constructor, @overload decorator needed.
[INFO ]  ## Processing module HLRTopoBRep
[INFO ]  Class: HLRTopoBRep_DSFiller
[WARNI]      [TypeHint] Skipping type NCollection_DataMap<TopoDS_Shape,, seems to be a template
[INFO ]  Class: HLRTopoBRep_Data
[INFO ]  Class: HLRTopoBRep_FaceData
[INFO ]  Class: HLRTopoBRep_FaceIsoLiner
[INFO ]  Class: HLRTopoBRep_OutLiner
[INFO ]      [TypeHint] More than 1 constructor, @overload decorator needed.
[WARNI]      [TypeHint] Skipping type NCollection_DataMap<TopoDS_Shape,, seems to be a template
[INFO ]  Class: HLRTopoBRep_VData
[INFO ]      [TypeHint] More than 1 constructor, @overload decorator needed.
[INFO ]  ## Processing module Intrv
[INFO ]  Enum: Intrv_Position
[INFO ]  Class: Intrv_Interval
[INFO ]      [TypeHint] More than 1 constructor, @overload decorator needed.
[WARNI]      [TypeHint] Skipping type double &, should contain _
[INFO ]  Class: Intrv_Intervals
[INFO ]      [TypeHint] More than 1 constructor, @overload decorator needed.
[INFO ]  ## Processing module TopBas
[INFO ]  Class: TopBas_TestInterference
[INFO ]      [TypeHint] More than 1 constructor, @overload decorator needed.
[WARNI]      [TypeHint] Skipping type const double &, should contain _
[WARNI]      [TypeHint] Skipping type int &, should contain _
[WARNI]      [TypeHint] Skipping type double &, should contain _
[WARNI]      [TypeHint] Skipping type const double &, should contain _
[WARNI]      [TypeHint] Skipping type const double &, should contain _
[INFO ]  ## Processing module TopCnx
[INFO ]  Class: TopCnx_EdgeFaceTransition
[INFO ]  Processing toolkit TKMesh ===
[INFO ]  ## Processing module BRepMesh
[INFO ]  Enum: BRepMesh_DegreeOfFreedom
[INFO ]  Class: BRepMesh_BaseMeshAlgo
[INFO ]      Class BRepMesh_BaseMeshAlgo is abstract, using %nodefaultctor.
[INFO ]      Constructor skipped for abstract class BRepMesh_BaseMeshAlgo
[WARNI]      [TypeHint] Skipping type const IMeshData::IFaceHandle &, should contain _
[INFO ]  Class: BRepMesh_Circle
[INFO ]      [TypeHint] More than 1 constructor, @overload decorator needed.
[WARNI]      [TypeHint] Skipping type const double &, should contain _
[INFO ]  Class: BRepMesh_CircleInspector
[WARNI]      [TypeHint] Skipping type const IMeshData::VectorOfCircle &, should contain _
[WARNI]      [TypeHint] Skipping type static double, should contain _
[WARNI]      [TypeHint] Skipping type const Point &, should contain _
[WARNI]      [TypeHint] Skipping type IMeshData::ListOfInteger &, should contain _
[WARNI]      [TypeHint] Skipping type static Point, should contain _
[WARNI]      [TypeHint] Skipping type const Point &, should contain _
[INFO ]  Class: BRepMesh_CircleTool
[INFO ]      [TypeHint] More than 1 constructor, @overload decorator needed.
[WARNI]      [TypeHint] param name missing or '&', skip method type hint
[WARNI]      [TypeHint] Skipping type double &, should contain _
[WARNI]      [TypeHint] Skipping type IMeshData::ListOfInteger &, should contain _
[INFO ]  Class: BRepMesh_Classifier
[WARNI]      [TypeHint] Skipping type NCollection_Sequence<const, seems to be a template
[INFO ]  Class: BRepMesh_Context
[INFO ]  Class: BRepMesh_CurveTessellator
[INFO ]      [TypeHint] More than 1 constructor, @overload decorator needed.
[WARNI]      [TypeHint] Skipping type const IMeshData::IEdgeHandle &, should contain _
[WARNI]      [TypeHint] Skipping type const IMeshData::IEdgeHandle &, should contain _
[WARNI]      [TypeHint] Skipping type double &, should contain _
[INFO ]  Class: BRepMesh_DataStructureOfDelaun
[WARNI]      [TypeHint] Skipping type int ( & theNodes, should contain _
[WARNI]      [TypeHint] Skipping type const IMeshData::MapOfInteger &, should contain _
[WARNI]      [TypeHint] Skipping type const IMeshData::ListOfInteger &, should contain _
[WARNI]      [TypeHint] Skipping type const IMeshData::MapOfInteger &, should contain _
[INFO ]      operand () cannot be wrapped
[INFO ]  Class: BRepMesh_DefaultRangeSplitter
[WARNI]      [TypeHint] Skipping type const IMeshData::IFaceHandle &, should contain _
[WARNI]      [TypeHint] Skipping type const std::pair<double, double> &, should contain _
[WARNI]      [TypeHint] Skipping type const std::pair<double, double> &, should contain _
[WARNI]      [TypeHint] Skipping type const std::pair<double, double> &, should contain _
[WARNI]      [TypeHint] Skipping type const std::pair<double, double> &, should contain _
[WARNI]      [TypeHint] Skipping type const IMeshData::IFaceHandle &, should contain _
[INFO ]  Class: BRepMesh_Deflection
[WARNI]      [TypeHint] Skipping type static double, should contain _
[WARNI]      [TypeHint] Skipping type const IMeshData::IEdgeHandle &, should contain _
[WARNI]      [TypeHint] Skipping type const IMeshData::IWireHandle &, should contain _
[WARNI]      [TypeHint] Skipping type const IMeshData::IFaceHandle &, should contain _
[INFO ]  Class: BRepMesh_DelabellaMeshAlgoFactory
[INFO ]  Class: BRepMesh_Delaun
[INFO ]      explicitly excluded method BRepMesh_Delaun::01ec5a505f97e13941bcd1761d0b7062
[INFO ]      [TypeHint] More than 1 constructor, @overload decorator needed.
[WARNI]      [TypeHint] Skipping type IMeshData::Array1OfVertexOfDelaun &, should contain _
[WARNI]      [TypeHint] Skipping type IMeshData::Array1OfVertexOfDelaun &, should contain _
[WARNI]      [TypeHint] Skipping type IMeshData::VectorOfInteger &, should contain _
[WARNI]      [TypeHint] Skipping type IMeshData::VectorOfInteger &, should contain _
[WARNI]      [TypeHint] Skipping type IMeshData::VectorOfInteger &, should contain _
[WARNI]      [TypeHint] Skipping type int &, should contain _
[WARNI]      [TypeHint] Skipping type IMeshData::Array1OfVertexOfDelaun &, should contain _
[WARNI]      [TypeHint] Skipping type const IMeshData::VectorOfInteger &, should contain _
[INFO ]  Class: BRepMesh_DiscretAlgoFactory
[INFO ]      Class BRepMesh_DiscretAlgoFactory is abstract, using %nodefaultctor.
[WARNI]      [TypeHint] Skip type NCollection_List<opencascade::handle<BRepMesh_DiscretAlgoFactory>>, because of trailing :
[INFO ]  Class: BRepMesh_DiscretFactory
[INFO ]  Class: BRepMesh_DiscretRoot
[INFO ]      Class BRepMesh_DiscretRoot is abstract, using %nodefaultctor.
[INFO ]  Class: BRepMesh_EdgeDiscret
[WARNI]      [TypeHint] Skipping type const IMeshData::IEdgeHandle &, should contain _
[WARNI]      [TypeHint] Skipping type const IMeshData::IEdgeHandle &, should contain _
[WARNI]      [TypeHint] Skipping type const IMeshData::IEdgeHandle &, should contain _
[WARNI]      [TypeHint] Skipping type const IMeshData::IEdgeHandle &, should contain _
[WARNI]      [TypeHint] Skipping type const IMeshData::IEdgeHandle &, should contain _
[INFO ]      operand () cannot be wrapped
[INFO ]  Class: BRepMesh_FaceChecker
[INFO ]      Wrap nested class BRepMesh_FaceChecker::Segment
[WARNI]      [TypeHint] Skipping type const IMeshData::IFaceHandle &, should contain _
[INFO ]      operand () cannot be wrapped
[INFO ]  Class: BRepMesh_FaceDiscret
[INFO ]  Class: BRepMesh_GeomTool
[INFO ]  Enum: IntFlag
[INFO ]      explicitly excluded method BRepMesh_GeomTool::3930c122c38ff2b8ebe516f49185570b
[INFO ]      explicitly excluded method BRepMesh_GeomTool::864f209b7f2c6dd7abf82b57367f2212
[INFO ]      explicitly excluded method BRepMesh_GeomTool::871fd4eca2b59b6940e3a5944991186f
[INFO ]      [TypeHint] More than 1 constructor, @overload decorator needed.
[WARNI]      [TypeHint] Skipping type static double, should contain _
[WARNI]      [TypeHint] Skipping type double &, should contain _
[WARNI]      [TypeHint] Skipping type double &, should contain _
[INFO ]  Class: BRepMesh_MeshAlgoFactory
[INFO ]  Class: BRepMesh_MeshTool
[INFO ]      Wrap nested class BRepMesh_MeshTool::NodeClassifier
[INFO ]      explicitly excluded method BRepMesh_MeshTool::4ee23188f6e19f4e485c71b666e228a6
[INFO ]      explicitly excluded method BRepMesh_MeshTool::2bf1ba47b6b4651110ea2ee5ab7b8a17
[INFO ]      [TypeHint] More than 1 constructor, @overload decorator needed.
[WARNI]      [TypeHint] Skipping type int &, should contain _
[WARNI]      [TypeHint] Skipping type int ( & theEdges, should contain _
[WARNI]      [TypeHint] Skipping type const IMeshData::MapOfIntegerInteger &, should contain _
[WARNI]      [TypeHint] Skipping type IMeshData::MapOfIntegerInteger &, should contain _
[INFO ]  Class: BRepMesh_ModelBuilder
[INFO ]  Class: BRepMesh_ModelHealer
[INFO ]      operand () cannot be wrapped
[INFO ]      operand () cannot be wrapped
[INFO ]  Class: BRepMesh_ModelPostProcessor
[INFO ]  Class: BRepMesh_ModelPreProcessor
[INFO ]  Class: BRepMesh_OrientedEdge
[INFO ]      [TypeHint] More than 1 constructor, @overload decorator needed.
[INFO ]  Class: BRepMesh_PairOfIndex
[INFO ]  Class: BRepMesh_SelectorOfDataStructureOfDelaun
[INFO ]      [TypeHint] More than 1 constructor, @overload decorator needed.
[WARNI]      [TypeHint] Skipping type const IMeshData::MapOfInteger &, should contain _
[WARNI]      [TypeHint] Skipping type const IMeshData::MapOfInteger &, should contain _
[WARNI]      [TypeHint] Skipping type const IMeshData::MapOfInteger &, should contain _
[WARNI]      [TypeHint] param name missing or '&', skip method type hint
[WARNI]      [TypeHint] Skipping type const IMeshData::MapOfInteger &, should contain _
[INFO ]  Class: BRepMesh_ShapeTool
[WARNI]      [TypeHint] Skipping type double &, should contain _
[WARNI]      [TypeHint] Skipping type const IMeshData::IEdgeHandle &, should contain _
[WARNI]      [TypeHint] Skipping type static double, should contain _
[WARNI]      [TypeHint] Skipping type double &, should contain _
[WARNI]      [TypeHint] Skipping type double &, should contain _
[INFO ]  Class: BRepMesh_ShapeVisitor
[INFO ]  Class: BRepMesh_Triangle
[INFO ]      [TypeHint] More than 1 constructor, @overload decorator needed.
[WARNI]      [TypeHint] Skipping type int ( & theEdges, should contain _
[INFO ]  Class: BRepMesh_Triangulator
[WARNI]      [TypeHint] Skipping type NCollection_DynamicArray<gp_XYZ>, seems to be a template
[WARNI]      [TypeHint] Skipping type NCollection_List<Poly_Triangle>, seems to be a template
[WARNI]      [TypeHint] Skipping type NCollection_List<Poly_Triangle>, seems to be a template
[INFO ]      operand = cannot be wrapped
[INFO ]  Class: BRepMesh_Vertex
[INFO ]      [TypeHint] More than 1 constructor, @overload decorator needed.
[INFO ]  Class: BRepMesh_VertexInspector
[INFO ]      [TypeHint] More than 1 constructor, @overload decorator needed.
[WARNI]      [TypeHint] Skipping type static double, should contain _
[WARNI]      [TypeHint] Skipping type const Point &, should contain _
[WARNI]      [TypeHint] Skipping type const IMeshData::ListOfInteger &, should contain _
[WARNI]      [TypeHint] Skipping type static Point, should contain _
[WARNI]      [TypeHint] Skipping type const Point &, should contain _
[INFO ]  Class: BRepMesh_VertexTool
[INFO ]      [TypeHint] More than 1 constructor, @overload decorator needed.
[WARNI]      [TypeHint] Skipping type const IMeshData::ListOfInteger &, should contain _
[WARNI]      [TypeHint] Skipping type double &, should contain _
[INFO ]      hash<BRepMesh_Edge> skipped because it is a class template
[INFO ]      hash<BRepMesh_OrientedEdge> skipped because it is a class template
[INFO ]      hash<BRepMesh_Triangle> skipped because it is a class template
[INFO ]      hash<BRepMesh_Vertex> skipped because it is a class template
[INFO ]  Class: BRepMesh_ConeRangeSplitter
[INFO ]      explicitly excluded method BRepMesh_ConeRangeSplitter::c10f41f924775ed680d3921b52dbb3d3
[INFO ]      [TypeHint] More than 1 constructor, @overload decorator needed.
[INFO ]  Class: BRepMesh_CylinderRangeSplitter
[INFO ]      [TypeHint] More than 1 constructor, @overload decorator needed.
[WARNI]      [TypeHint] Skipping type const IMeshData::IFaceHandle &, should contain _
[INFO ]  Class: BRepMesh_Edge
[INFO ]      [TypeHint] More than 1 constructor, @overload decorator needed.
[INFO ]  Class: BRepMesh_IncrementalMesh
[INFO ]      [TypeHint] More than 1 constructor, @overload decorator needed.
[INFO ]  Class: BRepMesh_IncrementalMeshFactory
[INFO ]  Class: BRepMesh_SphereRangeSplitter
[INFO ]      [TypeHint] More than 1 constructor, @overload decorator needed.
[INFO ]  Class: BRepMesh_UVParamRangeSplitter
[WARNI]      [TypeHint] Skipping type const IMeshData::IMapOfReal &, should contain _
[WARNI]      [TypeHint] Skipping type IMeshData::IMapOfReal &, should contain _
[WARNI]      [TypeHint] Skipping type const IMeshData::IMapOfReal &, should contain _
[WARNI]      [TypeHint] Skipping type IMeshData::IMapOfReal &, should contain _
[WARNI]      [TypeHint] Skipping type const IMeshData::IFaceHandle &, should contain _
[INFO ]  Class: BRepMesh_DelaunayBaseMeshAlgo
[INFO ]  Class: BRepMesh_NURBSRangeSplitter
[INFO ]      [TypeHint] More than 1 constructor, @overload decorator needed.
[INFO ]  Class: BRepMesh_TorusRangeSplitter
[INFO ]      [TypeHint] More than 1 constructor, @overload decorator needed.
[INFO ]  Class: BRepMesh_BoundaryParamsRangeSplitter
[INFO ]  Class: BRepMesh_DelabellaBaseMeshAlgo
[INFO ]  Class: BRepMesh_ExtrusionRangeSplitter
[INFO ]  Class: BRepMesh_UndefinedRangeSplitter
[INFO ]  ## Processing module BRepMeshData
[INFO ]  Class: BRepMeshData_Curve
[INFO ]      explicitly excluded method BRepMeshData_Curve::3400d342462a83fb8edde25d0019ec46
[INFO ]      explicitly excluded method BRepMeshData_Curve::24d158a1f740289facd24a604d8688f6
[WARNI]      [TypeHint] Skipping type double &, should contain _
[INFO ]  Class: BRepMeshData_Edge
[INFO ]      explicitly excluded method BRepMeshData_Edge::8234b86b2de24c0618311b92bc00a86b
[INFO ]      explicitly excluded method BRepMeshData_Edge::5e1d4bb8f2c6c9863a302f9ff529d050
[WARNI]  const IMeshData::IPCurveHandle & wrapped as a copy
[WARNI]  const IMeshData::IPCurveHandle & wrapped as a copy
[WARNI]      [TypeHint] Skipping type IMeshData::IPCurveHandle, should contain _
[WARNI]      [TypeHint] Skipping type const IMeshData::IFacePtr &, should contain _
[WARNI]  const IMeshData::IPCurveHandle & wrapped as a copy
[WARNI]  const IMeshData::IPCurveHandle & wrapped as a copy
[WARNI]      [TypeHint] Skipping type IMeshData::IPCurveHandle, should contain _
[WARNI]      [TypeHint] Skipping type const IMeshData::IFacePtr &, should contain _
[WARNI]  const IMeshData::IPCurveHandle & wrapped as a copy
[WARNI]  const IMeshData::IPCurveHandle & wrapped as a copy
[WARNI]      [TypeHint] Skipping type IMeshData::IPCurveHandle, should contain _
[WARNI]      [TypeHint] Skipping type const IMeshData::ListOfInteger &, should contain _
[WARNI]      [TypeHint] Skipping type const IMeshData::IFacePtr &, should contain _
[INFO ]  Class: BRepMeshData_Face
[INFO ]      explicitly excluded method BRepMeshData_Face::e0ba0492c0019d09ac2bb70b1570228f
[INFO ]      explicitly excluded method BRepMeshData_Face::b1f8de2a6a7454f1365f2661fd46f0c1
[WARNI]      [TypeHint] Skipping type const IMeshData::IWireHandle &, should contain _
[WARNI]      [TypeHint] Skipping type const IMeshData::IWireHandle &, should contain _
[INFO ]  Class: BRepMeshData_Model
[WARNI]      [TypeHint] Skipping type const IMeshData::IEdgeHandle &, should contain _
[WARNI]      [TypeHint] Skipping type const IMeshData::IFaceHandle &, should contain _
[WARNI]      [TypeHint] Skipping type const IMeshData::IEdgeHandle &, should contain _
[WARNI]      [TypeHint] Skipping type const IMeshData::IFaceHandle &, should contain _
[INFO ]  Class: BRepMeshData_PCurve
[INFO ]      explicitly excluded method BRepMeshData_PCurve::225c206ddf4364460b2dd46045572a74
[INFO ]      explicitly excluded method BRepMeshData_PCurve::7ecf9e8760dfeefc68483e328a5ac723
[WARNI]      [TypeHint] Skipping type int &, should contain _
[WARNI]      [TypeHint] Skipping type double &, should contain _
[INFO ]  Class: BRepMeshData_Wire
[INFO ]      explicitly excluded method BRepMeshData_Wire::838138573c6ccae3a23b6ecb03bba2d9
[INFO ]      explicitly excluded method BRepMeshData_Wire::4bc7f09cd0a01b4ece4d999e343905fd
[WARNI]      [TypeHint] Skipping type const IMeshData::IEdgePtr &, should contain _
[WARNI]      [TypeHint] Skipping type const IMeshData::IEdgePtr &, should contain _
[INFO ]  ## Processing module IMeshData
[INFO ]  Enum: IMeshData_Status
[INFO ]  Skip typedef IMeshData::IEdgePtr because target is a pointer type
[INFO ]  Skip typedef IMeshData::IFacePtr because target is a pointer type
[WARNI]  This template type cannot be handled: NCollection_Shared<NCollection_DataMap<IFacePtr, opencascade::handle<MapOfIEdgePtr>>>
[INFO ]  Class: IMeshData_ParametersList
[INFO ]      Class IMeshData_ParametersList is abstract, using %nodefaultctor.
[WARNI]      [TypeHint] Skipping type virtual double &, should contain _
[INFO ]  Class: IMeshData_Shape
[INFO ]  Class: IMeshData_StatusOwner
[INFO ]  Class: IMeshData_Curve
[INFO ]      Class IMeshData_Curve is abstract, using %nodefaultctor.
[INFO ]  Class: IMeshData_Model
[INFO ]      Class IMeshData_Model is abstract, using %nodefaultctor.
[WARNI]      [TypeHint] Skipping type virtual const IMeshData::IEdgeHandle &, should contain _
[WARNI]      [TypeHint] Skipping type virtual const IMeshData::IFaceHandle &, should contain _
[WARNI]      [TypeHint] Skipping type virtual const IMeshData::IEdgeHandle &, should contain _
[WARNI]      [TypeHint] Skipping type virtual const IMeshData::IFaceHandle &, should contain _
[WARNI]      [TypeHint] Skipping type virtual double, should contain _
[INFO ]  Class: IMeshData_PCurve
[INFO ]      Class IMeshData_PCurve is abstract, using %nodefaultctor.
[WARNI]      [TypeHint] Skipping type const IMeshData::IFacePtr &, should contain _
[INFO ]  Class: IMeshData_TessellatedShape
[INFO ]  Class: IMeshData_Edge
[INFO ]      Class IMeshData_Edge is abstract, using %nodefaultctor.
[WARNI]  const IMeshData::IPCurveHandle & wrapped as a copy
[WARNI]  const IMeshData::IPCurveHandle & wrapped as a copy
[WARNI]      [TypeHint] Skipping type virtual IMeshData::IPCurveHandle, should contain _
[WARNI]      [TypeHint] Skipping type const IMeshData::IFacePtr &, should contain _
[WARNI]  const IMeshData::ICurveHandle & wrapped as a copy
[WARNI]  const IMeshData::ICurveHandle & wrapped as a copy
[WARNI]      [TypeHint] Skipping type IMeshData::ICurveHandle, should contain _
[WARNI]  const IMeshData::IPCurveHandle & wrapped as a copy
[WARNI]  const IMeshData::IPCurveHandle & wrapped as a copy
[WARNI]      [TypeHint] Skipping type virtual IMeshData::IPCurveHandle, should contain _
[WARNI]      [TypeHint] Skipping type const IMeshData::IFacePtr &, should contain _
[WARNI]  const IMeshData::IPCurveHandle & wrapped as a copy
[WARNI]  const IMeshData::IPCurveHandle & wrapped as a copy
[WARNI]      [TypeHint] Skipping type virtual IMeshData::IPCurveHandle, should contain _
[WARNI]      [TypeHint] Skipping type virtual const IMeshData::ListOfInteger &, should contain _
[WARNI]      [TypeHint] Skipping type const IMeshData::IFacePtr &, should contain _
[WARNI]      [TypeHint] Skipping type const IMeshData::ICurveHandle &, should contain _
[INFO ]  Class: IMeshData_Face
[INFO ]      Class IMeshData_Face is abstract, using %nodefaultctor.
[WARNI]      [TypeHint] Skipping type virtual const IMeshData::IWireHandle &, should contain _
[WARNI]      [TypeHint] Skipping type virtual const IMeshData::IWireHandle &, should contain _
[INFO ]  Class: IMeshData_Wire
[INFO ]      Class IMeshData_Wire is abstract, using %nodefaultctor.
[WARNI]      [TypeHint] Skipping type const IMeshData::IEdgePtr &, should contain _
[WARNI]      [TypeHint] Skipping type virtual const IMeshData::IEdgePtr &, should contain _
[INFO ]  ## Processing module IMeshTools
[INFO ]  Enum: IMeshTools_MeshAlgoType
[INFO ]  Class: IMeshTools_Context
[INFO ]  Class: IMeshTools_CurveTessellator
[INFO ]      Class IMeshTools_CurveTessellator is abstract, using %nodefaultctor.
[WARNI]      [TypeHint] Skipping type double &, should contain _
[INFO ]  Class: IMeshTools_MeshAlgo
[INFO ]      Class IMeshTools_MeshAlgo is abstract, using %nodefaultctor.
[WARNI]      [TypeHint] Skipping type const IMeshData::IFaceHandle &, should contain _
[INFO ]  Class: IMeshTools_MeshAlgoFactory
[INFO ]      Class IMeshTools_MeshAlgoFactory is abstract, using %nodefaultctor.
[INFO ]  Class: IMeshTools_MeshBuilder
[INFO ]      [TypeHint] More than 1 constructor, @overload decorator needed.
[INFO ]  Class: IMeshTools_ModelAlgo
[INFO ]      Class IMeshTools_ModelAlgo is abstract, using %nodefaultctor.
[INFO ]  Class: IMeshTools_ModelBuilder
[INFO ]      Class IMeshTools_ModelBuilder is abstract, using %nodefaultctor.
[INFO ]  Class: IMeshTools_Parameters
[WARNI]      [TypeHint] Skipping type static double, should contain _
[INFO ]  Class: IMeshTools_ShapeExplorer
[INFO ]  Class: IMeshTools_ShapeVisitor
[INFO ]      Class IMeshTools_ShapeVisitor is abstract, using %nodefaultctor.
[INFO ]  Processing toolkit TKOffset ===
[INFO ]  ## Processing module BRepOffset
[INFO ]  Enum: BRepOffset_Error
[INFO ]  Enum: BRepOffsetSimple_Status
[INFO ]  Enum: BRepOffset_Mode
[INFO ]  Enum: BRepOffset_Status
[INFO ]  Class: BRepOffset
[INFO ]  Enum passed by reference: BRepOffset_Status &theStatus changed to BRepOffset_Status &OutValue
[INFO ]  Enum passed by reference: BRepOffset_Status & theStatus changed to BRepOffset_Status &OutValue
[INFO ]  Enum passed by reference: BRepOffset_Status & theStatus changed to BRepOffset_Status &OutValue
[INFO ]  Class: BRepOffset_Analyse
[INFO ]      [TypeHint] More than 1 constructor, @overload decorator needed.
[WARNI]      [TypeHint] Skipping type NCollection_List<BRepOffset_Interval>, seems to be a template
[INFO ]  Class: BRepOffset_Inter2d
[INFO ]  Class: BRepOffset_Inter3d
[WARNI]      [TypeHint] Skipping type NCollection_DataMap<TopoDS_Shape,, seems to be a template
[WARNI]      [TypeHint] Skipping type NCollection_DataMap<TopoDS_Shape,, seems to be a template
[INFO ]  Class: BRepOffset_Interval
[INFO ]      [TypeHint] More than 1 constructor, @overload decorator needed.
[INFO ]  Class: BRepOffset_MakeLoops
[INFO ]  Class: BRepOffset_MakeOffset
[INFO ]      explicitly excluded method BRepOffset_MakeOffset::dcc4d4b1406dedeffd66c2f3bf64aced
[INFO ]      [TypeHint] More than 1 constructor, @overload decorator needed.
[INFO ]  Class: BRepOffset_MakeSimpleOffset
[INFO ]      explicitly excluded method BRepOffset_MakeSimpleOffset::3ab707d34463fd5f61547732b74ff23f
[INFO ]      [TypeHint] More than 1 constructor, @overload decorator needed.
[WARNI]      [TypeHint] Skipping unknown type BRepOffsetSimple_Status, BRepOffsetSimple not in module list
[INFO ]  Class: BRepOffset_Offset
[INFO ]      [TypeHint] More than 1 constructor, @overload decorator needed.
[INFO ]  Class: BRepOffset_SimpleOffset
[INFO ]      Wrap nested class BRepOffset_SimpleOffset::NewFaceData
[INFO ]      Wrap nested class BRepOffset_SimpleOffset::NewEdgeData
[INFO ]      Wrap nested class BRepOffset_SimpleOffset::NewVertexData
[WARNI]      [TypeHint] Skipping type double &, should contain _
[WARNI]      [TypeHint] Skipping type double &, should contain _
[WARNI]      [TypeHint] Skipping type double &, should contain _
[WARNI]      [TypeHint] Skipping type double &, should contain _
[WARNI]      [TypeHint] Skipping type double &, should contain _
[INFO ]  Class: BRepOffset_Tool
[WARNI]      [TypeHint] Skipping type static double, should contain _
[INFO ]  Enum passed by reference: TopAbs_Orientation &O1 changed to TopAbs_Orientation &OutValue
[INFO ]  Enum passed by reference: TopAbs_Orientation &O2 changed to TopAbs_Orientation &OutValue
[INFO ]  Enum passed by reference: TopAbs_Orientation & O1 changed to TopAbs_Orientation &OutValue
[INFO ]  Enum passed by reference: TopAbs_Orientation & O2 changed to TopAbs_Orientation &OutValue
[INFO ]  Enum passed by reference: TopAbs_Orientation & O1 changed to TopAbs_Orientation &OutValue
[INFO ]  Enum passed by reference: TopAbs_Orientation & O2 changed to TopAbs_Orientation &OutValue
[INFO ]  ## Processing module BRepOffsetAPI
[INFO ]  Class: BRepOffsetAPI_DraftAngle
[INFO ]      [TypeHint] More than 1 constructor, @overload decorator needed.
[INFO ]  Class: BRepOffsetAPI_FindContigousEdges
[INFO ]      explicitly excluded method BRepOffsetAPI_FindContigousEdges::f741965989565caaff095f09d2955db8
[INFO ]  Class: BRepOffsetAPI_MakeDraft
[INFO ]  Class: BRepOffsetAPI_MakeEvolved
[INFO ]      [TypeHint] More than 1 constructor, @overload decorator needed.
[INFO ]  Class: BRepOffsetAPI_MakeFilling
[INFO ]  Class: BRepOffsetAPI_MakeOffset
[INFO ]      [TypeHint] More than 1 constructor, @overload decorator needed.
[INFO ]  Class: BRepOffsetAPI_MakeOffsetShape
[INFO ]  Class: BRepOffsetAPI_MakePipe
[INFO ]      [TypeHint] More than 1 constructor, @overload decorator needed.
[INFO ]  Class: BRepOffsetAPI_MakePipeShell
[INFO ]  Class: BRepOffsetAPI_MiddlePath
[INFO ]  Class: BRepOffsetAPI_NormalProjection
[INFO ]      [TypeHint] More than 1 constructor, @overload decorator needed.
[INFO ]  Class: BRepOffsetAPI_ThruSections
[WARNI]      [TypeHint] Skipping type double &, should contain _
[INFO ]  Class: BRepOffsetAPI_MakeThickSolid
[INFO ]  ## Processing module BiTgte
[INFO ]  Enum: BiTgte_ContactType
[INFO ]  Class: BiTgte_Blend
[INFO ]      [TypeHint] More than 1 constructor, @overload decorator needed.
[WARNI]      [TypeHint] Skipping type int &, should contain _
[INFO ]  Class: BiTgte_CurveOnEdge
[INFO ]      [TypeHint] More than 1 constructor, @overload decorator needed.
[WARNI]      [TypeHint] Skip type Geom_Curve::ResD1, because of trailing :
[WARNI]      [TypeHint] Skip type Geom_Curve::ResD2, because of trailing :
[WARNI]      [TypeHint] Skip type Geom_Curve::ResD3, because of trailing :
[INFO ]  Class: BiTgte_CurveOnVertex
[INFO ]      [TypeHint] More than 1 constructor, @overload decorator needed.
[WARNI]      [TypeHint] Skip type Geom_Curve::ResD1, because of trailing :
[WARNI]      [TypeHint] Skip type Geom_Curve::ResD2, because of trailing :
[WARNI]      [TypeHint] Skip type Geom_Curve::ResD3, because of trailing :
[INFO ]  ## Processing module Draft
[INFO ]  Enum: Draft_ErrorStatus
[INFO ]  Class: Draft
[WARNI]      [TypeHint] Skipping type static double, should contain _
[INFO ]  Class: Draft_EdgeInfo
[INFO ]      [TypeHint] More than 1 constructor, @overload decorator needed.
[INFO ]  Class: Draft_FaceInfo
[INFO ]      [TypeHint] More than 1 constructor, @overload decorator needed.
[INFO ]  Class: Draft_Modification
[WARNI]      [TypeHint] Skipping type double &, should contain _
[WARNI]      [TypeHint] Skipping type double &, should contain _
[WARNI]      [TypeHint] Skipping type double &, should contain _
[WARNI]      [TypeHint] Skipping type double &, should contain _
[WARNI]      [TypeHint] Skipping type double &, should contain _
[INFO ]  Class: Draft_VertexInfo
[WARNI]      [TypeHint] Skipping type double &, should contain _
[INFO ]  Processing toolkit TKPrim ===
[INFO ]  ## Processing module BRepPrim
[INFO ]  Enum: BRepPrim_Direction
[INFO ]  Class: BRepPrim_Builder
[INFO ]      [TypeHint] More than 1 constructor, @overload decorator needed.
[INFO ]  Class: BRepPrim_FaceBuilder
[INFO ]      [TypeHint] More than 1 constructor, @overload decorator needed.
[INFO ]      operand TopoDS_Face cannot be wrapped
[INFO ]  Class: BRepPrim_GWedge
[INFO ]      [TypeHint] More than 1 constructor, @overload decorator needed.
[INFO ]  Class: BRepPrim_OneAxis
[INFO ]      Class BRepPrim_OneAxis is abstract, using %nodefaultctor.
[INFO ]  Class: BRepPrim_Revolution
[INFO ]  Class: BRepPrim_Wedge
[INFO ]      [TypeHint] More than 1 constructor, @overload decorator needed.
[INFO ]  Class: BRepPrim_Cone
[INFO ]      [TypeHint] More than 1 constructor, @overload decorator needed.
[INFO ]  Class: BRepPrim_Cylinder
[INFO ]      [TypeHint] More than 1 constructor, @overload decorator needed.
[INFO ]  Class: BRepPrim_Sphere
[INFO ]      [TypeHint] More than 1 constructor, @overload decorator needed.
[INFO ]  Class: BRepPrim_Torus
[INFO ]      [TypeHint] More than 1 constructor, @overload decorator needed.
[INFO ]  ## Processing module BRepPrimAPI
[INFO ]  Class: BRepPrimAPI_MakeBox
[INFO ]      [TypeHint] More than 1 constructor, @overload decorator needed.
[INFO ]      operand TopoDS_Shell cannot be wrapped
[INFO ]      operand TopoDS_Solid cannot be wrapped
[INFO ]  Class: BRepPrimAPI_MakeHalfSpace
[INFO ]      [TypeHint] More than 1 constructor, @overload decorator needed.
[INFO ]      operand TopoDS_Solid cannot be wrapped
[INFO ]  Class: BRepPrimAPI_MakeOneAxis
[INFO ]      Class BRepPrimAPI_MakeOneAxis is abstract, using %nodefaultctor.
[INFO ]      Constructor skipped for abstract class BRepPrimAPI_MakeOneAxis
[INFO ]      Constructor skipped for abstract class BRepPrimAPI_MakeOneAxis
[INFO ]      Constructor skipped for abstract class BRepPrimAPI_MakeOneAxis
[INFO ]  Class: BRepPrimAPI_MakeSweep
[INFO ]      Class BRepPrimAPI_MakeSweep is abstract, using %nodefaultctor.
[INFO ]  Class: BRepPrimAPI_MakeWedge
[INFO ]      [TypeHint] More than 1 constructor, @overload decorator needed.
[INFO ]      operand TopoDS_Shell cannot be wrapped
[INFO ]      operand TopoDS_Solid cannot be wrapped
[INFO ]  Class: BRepPrimAPI_MakeCone
[INFO ]      [TypeHint] More than 1 constructor, @overload decorator needed.
[INFO ]  Class: BRepPrimAPI_MakeCylinder
[INFO ]      [TypeHint] More than 1 constructor, @overload decorator needed.
[INFO ]  Class: BRepPrimAPI_MakePrism
[INFO ]      [TypeHint] More than 1 constructor, @overload decorator needed.
[INFO ]  Class: BRepPrimAPI_MakeRevol
[INFO ]      [TypeHint] More than 1 constructor, @overload decorator needed.
[INFO ]  Class: BRepPrimAPI_MakeRevolution
[INFO ]      [TypeHint] More than 1 constructor, @overload decorator needed.
[INFO ]  Class: BRepPrimAPI_MakeSphere
[INFO ]      [TypeHint] More than 1 constructor, @overload decorator needed.
[INFO ]  Class: BRepPrimAPI_MakeTorus
[INFO ]      [TypeHint] More than 1 constructor, @overload decorator needed.
[INFO ]  ## Processing module BRepSweep
[INFO ]  Class: BRepSweep_Builder
[INFO ]  Class: BRepSweep_Iterator
[INFO ]  Class: BRepSweep_NumLinearRegularSweep
[INFO ]      Class BRepSweep_NumLinearRegularSweep is abstract, using %nodefaultctor.
[INFO ]  Class: BRepSweep_Prism
[INFO ]      [TypeHint] More than 1 constructor, @overload decorator needed.
[INFO ]  Class: BRepSweep_Revol
[INFO ]      [TypeHint] More than 1 constructor, @overload decorator needed.
[INFO ]  Class: BRepSweep_Tool
[INFO ]  Class: BRepSweep_Trsf
[INFO ]      Class BRepSweep_Trsf is abstract, using %nodefaultctor.
[INFO ]  Class: BRepSweep_Rotation
[INFO ]  Class: BRepSweep_Translation
[INFO ]  ## Processing module Sweep
[INFO ]  Class: Sweep_NumShape
[INFO ]      [TypeHint] More than 1 constructor, @overload decorator needed.
[INFO ]  Class: Sweep_NumShapeIterator
[INFO ]  Class: Sweep_NumShapeTool
[INFO ]  Processing toolkit TKShHealing ===
[INFO ]  ## Processing module ShapeAlgo
[INFO ]  Class: ShapeAlgo
[INFO ]  Class: ShapeAlgo_ToolContainer
[INFO ]  ## Processing module ShapeAnalysis
[WARNI]      [TypeHint] Skipping type opencascade::handle, should contain _
[WARNI]      [TypeHint] Skipping type opencascade::handle, should contain _
[INFO ]  Class: ShapeAnalysis
[WARNI]      [TypeHint] Skipping type static double, should contain _
[WARNI]      [TypeHint] Skipping type static double, should contain _
[WARNI]      [TypeHint] Skipping type static double, should contain _
[WARNI]      [TypeHint] Skipping type double &, should contain _
[WARNI]      [TypeHint] Skipping type static double, should contain _
[INFO ]  Class: ShapeAnalysis_CanonicalRecognition
[INFO ]      [TypeHint] More than 1 constructor, @overload decorator needed.
[INFO ]  Class: ShapeAnalysis_CheckSmallFace
[WARNI]      [TypeHint] Skipping type int &, should contain _
[WARNI]      [TypeHint] Skipping type NCollection_DataMap<TopoDS_Shape,, seems to be a template
[WARNI]      [TypeHint] Skipping type double &, should contain _
[WARNI]      [TypeHint] Skipping type double &, should contain _
[WARNI]      [TypeHint] Skipping type double &, should contain _
[WARNI]      [TypeHint] Skipping type double &, should contain _
[INFO ]  Class: ShapeAnalysis_Curve
[WARNI]      [TypeHint] Skipping type double &, should contain _
[WARNI]      [TypeHint] Skipping type double &, should contain _
[WARNI]      [TypeHint] Skipping type double &, should contain _
[WARNI]      [TypeHint] Skipping type double &, should contain _
[WARNI]      [TypeHint] Skipping type double &, should contain _
[WARNI]      [TypeHint] Skipping type double &, should contain _
[WARNI]      [TypeHint] Skipping type double &, should contain _
[INFO ]  Class: ShapeAnalysis_Edge
[WARNI]      [TypeHint] Skipping type double &, should contain _
[WARNI]      [TypeHint] Skipping type double &, should contain _
[WARNI]      [TypeHint] Skipping type double &, should contain _
[WARNI]      [TypeHint] Skipping type double &, should contain _
[WARNI]      [TypeHint] Skipping type double &, should contain _
[WARNI]      [TypeHint] Skipping type double &, should contain _
[WARNI]      [TypeHint] Skipping type double &, should contain _
[WARNI]      [TypeHint] Skipping type double &, should contain _
[INFO ]  Class: ShapeAnalysis_FreeBoundData
[INFO ]      [TypeHint] More than 1 constructor, @overload decorator needed.
[INFO ]  Class: ShapeAnalysis_FreeBounds
[INFO ]      explicitly excluded method ShapeAnalysis_FreeBounds::6a07aa652a6e0d774862ab76eac229b4
[INFO ]      explicitly excluded method ShapeAnalysis_FreeBounds::d707fc0f5739970755d304f73a12c063
[INFO ]      explicitly excluded method ShapeAnalysis_FreeBounds::5682c137214f6c814af603350646a112
[INFO ]      explicitly excluded method ShapeAnalysis_FreeBounds::ef918ec3ca5f3546955921a9adc30c4e
[INFO ]      explicitly excluded method ShapeAnalysis_FreeBounds::85920f85f094cce840313c19e1072f94
[INFO ]      explicitly excluded method ShapeAnalysis_FreeBounds::717eae94fb90bdf717fd9c22a98ae590
[INFO ]      [TypeHint] More than 1 constructor, @overload decorator needed.
[INFO ]  Class: ShapeAnalysis_FreeBoundsProperties
[INFO ]      [TypeHint] More than 1 constructor, @overload decorator needed.
[WARNI]      [TypeHint] Skipping type double &, should contain _
[WARNI]      [TypeHint] Skip type NCollection_HSequence<opencascade::handle<ShapeAnalysis_FreeBoundData, because of trailing :
[WARNI]      [TypeHint] Skip type NCollection_HSequence<opencascade::handle<ShapeAnalysis_FreeBoundData, because of trailing :
[INFO ]  Class: ShapeAnalysis_Geom
[WARNI]      [TypeHint] Skipping type double &, should contain _
[INFO ]  Class: ShapeAnalysis_ShapeContents
[INFO ]  Class: ShapeAnalysis_ShapeTolerance
[INFO ]  Class: ShapeAnalysis_Shell
[INFO ]  Class: ShapeAnalysis_Surface
[WARNI]      [TypeHint] Skipping type double &, should contain _
[WARNI]      [TypeHint] Skipping type double &, should contain _
[WARNI]      [TypeHint] Skipping type double &, should contain _
[WARNI]      [TypeHint] Skipping type double &, should contain _
[INFO ]  Class: ShapeAnalysis_TransferParameters
[INFO ]      [TypeHint] More than 1 constructor, @overload decorator needed.
[WARNI]      [TypeHint] Skipping type virtual double, should contain _
[INFO ]  Class: ShapeAnalysis_Wire
[INFO ]      [TypeHint] More than 1 constructor, @overload decorator needed.
[WARNI]      [TypeHint] Skipping type NCollection_Sequence<IntRes2d_IntersectionPoint>, seems to be a template
[WARNI]      [TypeHint] Skipping type NCollection_Sequence<IntRes2d_IntersectionPoint>, seems to be a template
[WARNI]      [TypeHint] Skipping type int &, should contain _
[WARNI]      [TypeHint] Skipping type double &, should contain _
[WARNI]      [TypeHint] Skipping type NCollection_Sequence<IntRes2d_IntersectionPoint>, seems to be a template
[WARNI]      [TypeHint] Skipping type double &, should contain _
[INFO ]  Class: ShapeAnalysis_WireOrder
[INFO ]      [TypeHint] More than 1 constructor, @overload decorator needed.
[WARNI]      [TypeHint] Skipping type int &, should contain _
[WARNI]      [TypeHint] Skipping type int &, should contain _
[INFO ]  Class: ShapeAnalysis_WireVertex
[WARNI]      [TypeHint] Skipping type double &, should contain _
[INFO ]  Class: ShapeAnalysis_TransferParametersProj
[INFO ]      [TypeHint] More than 1 constructor, @overload decorator needed.
[INFO ]  ## Processing module ShapeBuild
[INFO ]  Class: ShapeBuild
[INFO ]  Class: ShapeBuild_Edge
[WARNI]      [TypeHint] Skipping type double &, should contain _
[INFO ]  Class: ShapeBuild_ReShape
[INFO ]  Class: ShapeBuild_Vertex
[INFO ]  ## Processing module ShapeConstruct
[INFO ]  Class: ShapeConstruct
[WARNI]      [TypeHint] Skipping type double &, should contain _
[WARNI]      [TypeHint] Skipping type double &, should contain _
[INFO ]  Class: ShapeConstruct_Curve
[INFO ]  Class: ShapeConstruct_MakeTriangulation
[INFO ]      [TypeHint] More than 1 constructor, @overload decorator needed.
[INFO ]  Class: ShapeConstruct_ProjectCurveOnSurface
[WARNI]      [TypeHint] Skipping type int &, should contain _
[INFO ]  ## Processing module ShapeCustom
[INFO ]  Class: ShapeCustom
[INFO ]      explicitly excluded method ShapeCustom::164cadefaae990dc275d0177d2e6d826
[INFO ]  Class: ShapeCustom_Curve
[INFO ]      [TypeHint] More than 1 constructor, @overload decorator needed.
[INFO ]  Class: ShapeCustom_Curve2d
[WARNI]      [TypeHint] Skipping type double &, should contain _
[WARNI]      [TypeHint] Skipping type double &, should contain _
[INFO ]  Class: ShapeCustom_Modification
[INFO ]  Class: ShapeCustom_RestrictionParameters
[WARNI]      [TypeHint] Skipping type int &, should contain _
[WARNI]      [TypeHint] Skipping type int &, should contain _
[INFO ]  Class: ShapeCustom_Surface
[INFO ]      [TypeHint] More than 1 constructor, @overload decorator needed.
[INFO ]  Class: ShapeCustom_TrsfModification
[WARNI]      [TypeHint] Skipping type double &, should contain _
[WARNI]      [TypeHint] Skipping type double &, should contain _
[WARNI]      [TypeHint] Skipping type double &, should contain _
[WARNI]      [TypeHint] Skipping type double &, should contain _
[WARNI]      [TypeHint] Skipping type double &, should contain _
[INFO ]  Class: ShapeCustom_ConvertToBSpline
[WARNI]      [TypeHint] Skipping type double &, should contain _
[WARNI]      [TypeHint] Skipping type double &, should contain _
[WARNI]      [TypeHint] Skipping type double &, should contain _
[WARNI]      [TypeHint] Skipping type double &, should contain _
[WARNI]      [TypeHint] Skipping type double &, should contain _
[INFO ]  Class: ShapeCustom_DirectModification
[WARNI]      [TypeHint] Skipping type double &, should contain _
[WARNI]      [TypeHint] Skipping type double &, should contain _
[WARNI]      [TypeHint] Skipping type double &, should contain _
[WARNI]      [TypeHint] Skipping type double &, should contain _
[WARNI]      [TypeHint] Skipping type double &, should contain _
[INFO ]  ## Processing module ShapeExtend
[INFO ]  Enum: ShapeExtend_Parametrisation
[INFO ]  Enum: ShapeExtend_Status
[WARNI]      [TypeHint] Skipping type opencascade::handle, should contain _
[INFO ]  Class: ShapeExtend
[INFO ]  Class: ShapeExtend_BasicMsgRegistrator
[INFO ]  Class: ShapeExtend_ComplexCurve
[INFO ]      Class ShapeExtend_ComplexCurve is abstract, using %nodefaultctor.
[WARNI]      [TypeHint] Skip type Geom_Curve::ResD1, because of trailing :
[WARNI]      [TypeHint] Skip type Geom_Curve::ResD2, because of trailing :
[WARNI]      [TypeHint] Skip type Geom_Curve::ResD3, because of trailing :
[WARNI]      [TypeHint] Skipping type virtual double, should contain _
[WARNI]      [TypeHint] Skipping type virtual double, should contain _
[WARNI]      [TypeHint] Skipping type double &, should contain _
[INFO ]  Class: ShapeExtend_CompositeSurface
[INFO ]      [TypeHint] More than 1 constructor, @overload decorator needed.
[WARNI]      [TypeHint] Skipping type double &, should contain _
[WARNI]      [TypeHint] Skip type Geom_Surface::ResD1, because of trailing :
[WARNI]      [TypeHint] Skip type Geom_Surface::ResD2, because of trailing :
[WARNI]      [TypeHint] Skip type Geom_Surface::ResD3, because of trailing :
[WARNI]      [TypeHint] Skipping type double &, should contain _
[WARNI]      [TypeHint] Skipping type int &, should contain _
[INFO ]  Class: ShapeExtend_Explorer
[INFO ]  Class: ShapeExtend_WireData
[INFO ]      [TypeHint] More than 1 constructor, @overload decorator needed.
[INFO ]  Class: ShapeExtend_MsgRegistrator
[WARNI]      [TypeHint] Skipping type NCollection_DataMap<TopoDS_Shape,, seems to be a template
[WARNI]      [TypeHint] Skip type NCollection_DataMap<opencascade::handle<Standard_Transient>,, because of trailing :
[INFO ]  ## Processing module ShapeFix
[INFO ]  Class: ShapeFix
[WARNI]      [TypeHint] Skipping type static double, should contain _
[INFO ]  Class: ShapeFix_Edge
[INFO ]      explicitly excluded method ShapeFix_Edge::89f59aaf74eb4221c2a98a0e91f389d7
[INFO ]  Class: ShapeFix_EdgeConnect
[INFO ]  Class: ShapeFix_EdgeProjAux
[INFO ]      [TypeHint] More than 1 constructor, @overload decorator needed.
[INFO ]  Class: ShapeFix_FaceConnect
[INFO ]  Class: ShapeFix_FreeBounds
[INFO ]      [TypeHint] More than 1 constructor, @overload decorator needed.
[INFO ]  Class: ShapeFix_IntersectionTool
[WARNI]      [TypeHint] Skipping type int &, should contain _
[INFO ]  Class: ShapeFix_Root
[INFO ]  Class: ShapeFix_ShapeTolerance
[INFO ]  Class: ShapeFix_SplitTool
[WARNI]      [TypeHint] Skipping type int &, should contain _
[INFO ]  Class: ShapeFix_WireVertex
[INFO ]  Class: ShapeFix_ComposeShell
[WARNI]      [TypeHint] Skipping type NCollection_Sequence<ShapeFix_WireSegment>, seems to be a template
[INFO ]  Class: ShapeFix_Face
[INFO ]      [TypeHint] More than 1 constructor, @overload decorator needed.
[WARNI]      [TypeHint] Skipping type int &, should contain _
[WARNI]      [TypeHint] Skipping type int &, should contain _
[WARNI]      [TypeHint] Skipping type int &, should contain _
[WARNI]      [TypeHint] Skipping type int &, should contain _
[WARNI]      [TypeHint] Skipping type int &, should contain _
[WARNI]      [TypeHint] Skipping type int &, should contain _
[WARNI]      [TypeHint] Skipping type int &, should contain _
[WARNI]      [TypeHint] Skipping type int &, should contain _
[WARNI]      [TypeHint] Skipping type int &, should contain _
[WARNI]      [TypeHint] Skipping type int &, should contain _
[WARNI]      [TypeHint] Skipping type int &, should contain _
[INFO ]  Class: ShapeFix_FixSmallFace
[INFO ]  Class: ShapeFix_FixSmallSolid
[INFO ]  Class: ShapeFix_Shape
[INFO ]      [TypeHint] More than 1 constructor, @overload decorator needed.
[WARNI]      [TypeHint] Skipping type int &, should contain _
[WARNI]      [TypeHint] Skipping type int &, should contain _
[WARNI]      [TypeHint] Skipping type int &, should contain _
[WARNI]      [TypeHint] Skipping type int &, should contain _
[WARNI]      [TypeHint] Skipping type int &, should contain _
[WARNI]      [TypeHint] Skipping type int &, should contain _
[WARNI]      [TypeHint] Skipping type int &, should contain _
[INFO ]  Class: ShapeFix_Shell
[INFO ]      [TypeHint] More than 1 constructor, @overload decorator needed.
[WARNI]      [TypeHint] Skipping type int &, should contain _
[WARNI]      [TypeHint] Skipping type int &, should contain _
[INFO ]  Class: ShapeFix_Solid
[INFO ]      [TypeHint] More than 1 constructor, @overload decorator needed.
[WARNI]      [TypeHint] Skipping type int &, should contain _
[WARNI]      [TypeHint] Skipping type int &, should contain _
[INFO ]  Class: ShapeFix_SplitCommonVertex
[INFO ]  Class: ShapeFix_Wire
[INFO ]      [TypeHint] More than 1 constructor, @overload decorator needed.
[WARNI]      [TypeHint] Skipping type int &, should contain _
[WARNI]      [TypeHint] Skipping type int &, should contain _
[WARNI]      [TypeHint] Skipping type int &, should contain _
[WARNI]      [TypeHint] Skipping type int &, should contain _
[WARNI]      [TypeHint] Skipping type int &, should contain _
[WARNI]      [TypeHint] Skipping type int &, should contain _
[WARNI]      [TypeHint] Skipping type int &, should contain _
[WARNI]      [TypeHint] Skipping type int &, should contain _
[WARNI]      [TypeHint] Skipping type int &, should contain _
[WARNI]      [TypeHint] Skipping type int &, should contain _
[WARNI]      [TypeHint] Skipping type int &, should contain _
[WARNI]      [TypeHint] Skipping type int &, should contain _
[WARNI]      [TypeHint] Skipping type int &, should contain _
[WARNI]      [TypeHint] Skipping type int &, should contain _
[WARNI]      [TypeHint] Skipping type int &, should contain _
[WARNI]      [TypeHint] Skipping type int &, should contain _
[WARNI]      [TypeHint] Skipping type int &, should contain _
[WARNI]      [TypeHint] Skipping type int &, should contain _
[WARNI]      [TypeHint] Skipping type int &, should contain _
[WARNI]      [TypeHint] Skipping type int &, should contain _
[WARNI]      [TypeHint] Skipping type int &, should contain _
[WARNI]      [TypeHint] Skipping type int &, should contain _
[WARNI]      [TypeHint] Skipping type int &, should contain _
[WARNI]      [TypeHint] Skipping type int &, should contain _
[INFO ]  Class: ShapeFix_Wireframe
[INFO ]      [TypeHint] More than 1 constructor, @overload decorator needed.
[INFO ]  ## Processing module ShapeProcess
[INFO ]  Skip typedef ShapeProcess_OperFunc because ends with 'Func'
[INFO ]  Class: ShapeProcess
[INFO ]  Enum: Operation
[WARNI]      [TypeHint] Skipping type bitset<Operation::Last + 1 >, should contain _
[INFO ]  Class: ShapeProcess_Context
[INFO ]      [TypeHint] More than 1 constructor, @overload decorator needed.
[WARNI]      [TypeHint] Skipping type int &, should contain _
[WARNI]      [TypeHint] Skipping type double &, should contain _
[INFO ]  Class: ShapeProcess_OperLibrary
[INFO ]  Class: ShapeProcess_Operator
[INFO ]      Class ShapeProcess_Operator is abstract, using %nodefaultctor.
[INFO ]  Class: ShapeProcess_ShapeContext
[INFO ]      [TypeHint] More than 1 constructor, @overload decorator needed.
[INFO ]  Enum passed by reference: GeomAbs_Shape &val changed to GeomAbs_Shape &OutValue
[INFO ]  Enum passed by reference: GeomAbs_Shape & val changed to GeomAbs_Shape &OutValue
[INFO ]  Enum passed by reference: GeomAbs_Shape & val changed to GeomAbs_Shape &OutValue
[INFO ]  Class: ShapeProcess_UOperator
[INFO ]  ## Processing module ShapeProcessAPI
[INFO ]  Class: ShapeProcessAPI_ApplySequence
[INFO ]  ## Processing module ShapeUpgrade
[INFO ]  Class: ShapeUpgrade
[INFO ]  Class: ShapeUpgrade_RemoveLocations
[INFO ]  Class: ShapeUpgrade_ShapeDivide
[INFO ]      [TypeHint] More than 1 constructor, @overload decorator needed.
[INFO ]  Class: ShapeUpgrade_ShellSewing
[INFO ]  Class: ShapeUpgrade_SplitCurve
[INFO ]  Class: ShapeUpgrade_SplitSurface
[INFO ]  Class: ShapeUpgrade_Tool
[INFO ]  Class: ShapeUpgrade_UnifySameDomain
[INFO ]      [TypeHint] More than 1 constructor, @overload decorator needed.
[INFO ]  Class: ShapeUpgrade_ConvertSurfaceToBezierBasis
[INFO ]  Class: ShapeUpgrade_EdgeDivide
[INFO ]  Class: ShapeUpgrade_FaceDivide
[INFO ]      [TypeHint] More than 1 constructor, @overload decorator needed.
[INFO ]  Class: ShapeUpgrade_FixSmallCurves
[WARNI]      [TypeHint] Skipping type double &, should contain _
[INFO ]  Class: ShapeUpgrade_RemoveInternalWires
[INFO ]      [TypeHint] More than 1 constructor, @overload decorator needed.
[WARNI]      [TypeHint] Skipping type double &, should contain _
[INFO ]  Class: ShapeUpgrade_ShapeConvertToBezier
[INFO ]      [TypeHint] More than 1 constructor, @overload decorator needed.
[INFO ]  Class: ShapeUpgrade_ShapeDivideAngle
[INFO ]      [TypeHint] More than 1 constructor, @overload decorator needed.
[INFO ]  Class: ShapeUpgrade_ShapeDivideArea
[INFO ]      [TypeHint] More than 1 constructor, @overload decorator needed.
[WARNI]      [TypeHint] Skipping type double &, should contain _
[WARNI]      [TypeHint] Skipping type int &, should contain _
[INFO ]  Class: ShapeUpgrade_ShapeDivideClosed
[INFO ]  Class: ShapeUpgrade_ShapeDivideClosedEdges
[INFO ]  Class: ShapeUpgrade_ShapeDivideContinuity
[INFO ]      [TypeHint] More than 1 constructor, @overload decorator needed.
[INFO ]  Class: ShapeUpgrade_SplitCurve2d
[INFO ]  Class: ShapeUpgrade_SplitCurve3d
[INFO ]  Class: ShapeUpgrade_SplitSurfaceAngle
[INFO ]  Class: ShapeUpgrade_SplitSurfaceArea
[WARNI]      [TypeHint] Skipping type int &, should contain _
[INFO ]  Class: ShapeUpgrade_SplitSurfaceContinuity
[INFO ]  Class: ShapeUpgrade_WireDivide
[INFO ]  Class: ShapeUpgrade_ClosedEdgeDivide
[INFO ]  Class: ShapeUpgrade_ClosedFaceDivide
[INFO ]      [TypeHint] More than 1 constructor, @overload decorator needed.
[INFO ]  Class: ShapeUpgrade_ConvertCurve2dToBezier
[INFO ]  Class: ShapeUpgrade_ConvertCurve3dToBezier
[INFO ]  Class: ShapeUpgrade_FaceDivideArea
[INFO ]      [TypeHint] More than 1 constructor, @overload decorator needed.
[WARNI]      [TypeHint] Skipping type double &, should contain _
[WARNI]      [TypeHint] Skipping type int &, should contain _
[INFO ]  Class: ShapeUpgrade_FixSmallBezierCurves
[WARNI]      [TypeHint] Skipping type double &, should contain _
[INFO ]  Class: ShapeUpgrade_SplitCurve2dContinuity
[INFO ]  Class: ShapeUpgrade_SplitCurve3dContinuity
[INFO ]  Processing toolkit TKTopAlgo ===
[INFO ]  ## Processing module BRepApprox
[INFO ]  Class: BRepApprox_Approx
[INFO ]      Wrap nested class BRepApprox_Approx::Approx_Data
[INFO ]      explicitly excluded method BRepApprox_Approx::2c2dbeb05f178abc61d46c293b3c3699
[INFO ]      explicitly excluded method BRepApprox_Approx::c8bb6579738423574826e9c3b4b22848
[INFO ]      explicitly excluded method BRepApprox_Approx::c04b01412cba7220c024b5eb4532697f
[WARNI]  const AppParCurves_MultiBSpCurve & wrapped as a copy
[WARNI]  const AppParCurves_MultiBSpCurve & wrapped as a copy
[INFO ]  Class: BRepApprox_ApproxLine
[INFO ]      [TypeHint] More than 1 constructor, @overload decorator needed.
[INFO ]  Class: BRepApprox_BSpGradient_BFGSOfMyBSplGradientOfTheComputeLineOfApprox
[INFO ]  Class: BRepApprox_BSpParFunctionOfMyBSplGradientOfTheComputeLineOfApprox
[WARNI]      [TypeHint] Skipping type NCollection_HArray1<AppParCurves_ConstraintCouple, seems to be a template
[WARNI]      [TypeHint] Skipping type NCollection_HArray1<AppParCurves_ConstraintCouple, seems to be a template
[WARNI]      [TypeHint] Skipping type NCollection_HArray1<AppParCurves_ConstraintCouple, seems to be a template
[WARNI]      [TypeHint] Skipping type double &, should contain _
[WARNI]      [TypeHint] Skipping type double &, should contain _
[INFO ]  Class: BRepApprox_BSpParLeastSquareOfMyBSplGradientOfTheComputeLineOfApprox
[INFO ]      [TypeHint] More than 1 constructor, @overload decorator needed.
[WARNI]  const AppParCurves_MultiBSpCurve & wrapped as a copy
[WARNI]  const AppParCurves_MultiBSpCurve & wrapped as a copy
[WARNI]      [TypeHint] Skipping type double &, should contain _
[WARNI]      [TypeHint] Skipping type double &, should contain _
[INFO ]  Class: BRepApprox_Gradient_BFGSOfMyGradientOfTheComputeLineBezierOfApprox
[INFO ]  Class: BRepApprox_Gradient_BFGSOfMyGradientbisOfTheComputeLineOfApprox
[INFO ]  Class: BRepApprox_MyBSplGradientOfTheComputeLineOfApprox
[INFO ]      [TypeHint] More than 1 constructor, @overload decorator needed.
[WARNI]      [TypeHint] Skipping type NCollection_HArray1<AppParCurves_ConstraintCouple, seems to be a template
[WARNI]      [TypeHint] Skipping type NCollection_HArray1<AppParCurves_ConstraintCouple, seems to be a template
[INFO ]  Class: BRepApprox_MyGradientOfTheComputeLineBezierOfApprox
[WARNI]      [TypeHint] Skipping type NCollection_HArray1<AppParCurves_ConstraintCouple, seems to be a template
[INFO ]  Class: BRepApprox_MyGradientbisOfTheComputeLineOfApprox
[WARNI]      [TypeHint] Skipping type NCollection_HArray1<AppParCurves_ConstraintCouple, seems to be a template
[INFO ]  Class: BRepApprox_ParFunctionOfMyGradientOfTheComputeLineBezierOfApprox
[WARNI]      [TypeHint] Skipping type NCollection_HArray1<AppParCurves_ConstraintCouple, seems to be a template
[WARNI]  const AppParCurves_MultiCurve & wrapped as a copy
[WARNI]  const AppParCurves_MultiCurve & wrapped as a copy
[WARNI]      [TypeHint] Skipping type NCollection_HArray1<AppParCurves_ConstraintCouple, seems to be a template
[WARNI]      [TypeHint] Skipping type NCollection_HArray1<AppParCurves_ConstraintCouple, seems to be a template
[WARNI]      [TypeHint] Skipping type double &, should contain _
[WARNI]      [TypeHint] Skipping type double &, should contain _
[INFO ]  Class: BRepApprox_ParFunctionOfMyGradientbisOfTheComputeLineOfApprox
[WARNI]      [TypeHint] Skipping type NCollection_HArray1<AppParCurves_ConstraintCouple, seems to be a template
[WARNI]  const AppParCurves_MultiCurve & wrapped as a copy
[WARNI]  const AppParCurves_MultiCurve & wrapped as a copy
[WARNI]      [TypeHint] Skipping type NCollection_HArray1<AppParCurves_ConstraintCouple, seems to be a template
[WARNI]      [TypeHint] Skipping type NCollection_HArray1<AppParCurves_ConstraintCouple, seems to be a template
[WARNI]      [TypeHint] Skipping type double &, should contain _
[WARNI]      [TypeHint] Skipping type double &, should contain _
[INFO ]  Class: BRepApprox_ParLeastSquareOfMyGradientOfTheComputeLineBezierOfApprox
[INFO ]      [TypeHint] More than 1 constructor, @overload decorator needed.
[WARNI]  const AppParCurves_MultiBSpCurve & wrapped as a copy
[WARNI]  const AppParCurves_MultiBSpCurve & wrapped as a copy
[WARNI]      [TypeHint] Skipping type double &, should contain _
[WARNI]      [TypeHint] Skipping type double &, should contain _
[INFO ]  Class: BRepApprox_ParLeastSquareOfMyGradientbisOfTheComputeLineOfApprox
[INFO ]      [TypeHint] More than 1 constructor, @overload decorator needed.
[WARNI]  const AppParCurves_MultiBSpCurve & wrapped as a copy
[WARNI]  const AppParCurves_MultiBSpCurve & wrapped as a copy
[WARNI]      [TypeHint] Skipping type double &, should contain _
[WARNI]      [TypeHint] Skipping type double &, should contain _
[INFO ]  Class: BRepApprox_ResConstraintOfMyGradientOfTheComputeLineBezierOfApprox
[INFO ]      explicitly excluded method BRepApprox_ResConstraintOfMyGradientOfTheComputeLineBezierOfApprox::f3b3a49fc8d62bae999fa8e058cfd9e1
[WARNI]      [TypeHint] Skipping type NCollection_HArray1<AppParCurves_ConstraintCouple, seems to be a template
[INFO ]  Class: BRepApprox_ResConstraintOfMyGradientbisOfTheComputeLineOfApprox
[INFO ]      explicitly excluded method BRepApprox_ResConstraintOfMyGradientbisOfTheComputeLineOfApprox::f3b3a49fc8d62bae999fa8e058cfd9e1
[WARNI]      [TypeHint] Skipping type NCollection_HArray1<AppParCurves_ConstraintCouple, seems to be a template
[INFO ]  Class: BRepApprox_SurfaceTool
[WARNI]      [TypeHint] Skipping type static double, should contain _
[WARNI]      [TypeHint] Skipping type static double, should contain _
[WARNI]      [TypeHint] Skipping type static double, should contain _
[WARNI]      [TypeHint] Skipping type static double, should contain _
[WARNI]      [TypeHint] Skipping type static double, should contain _
[WARNI]      [TypeHint] Skipping type static double, should contain _
[WARNI]      [TypeHint] Skipping type static double, should contain _
[WARNI]      [TypeHint] Skipping type static double, should contain _
[INFO ]  Class: BRepApprox_TheComputeLineBezierOfApprox
[INFO ]      [TypeHint] More than 1 constructor, @overload decorator needed.
[WARNI]      [TypeHint] Skipping type double &, should contain _
[WARNI]  const AppParCurves_MultiBSpCurve & wrapped as a copy
[WARNI]  const AppParCurves_MultiBSpCurve & wrapped as a copy
[WARNI]  const AppParCurves_MultiCurve & wrapped as a copy
[WARNI]  const AppParCurves_MultiCurve & wrapped as a copy
[INFO ]  Class: BRepApprox_TheComputeLineOfApprox
[INFO ]      [TypeHint] More than 1 constructor, @overload decorator needed.
[WARNI]      [TypeHint] Skipping type double &, should contain _
[WARNI]  const AppParCurves_MultiBSpCurve & wrapped as a copy
[WARNI]  const AppParCurves_MultiBSpCurve & wrapped as a copy
[INFO ]  Class: BRepApprox_TheFunctionOfTheInt2SOfThePrmPrmSvSurfacesOfApprox
[WARNI]  const BRepAdaptor_Surface & wrapped as a copy
[WARNI]  const BRepAdaptor_Surface & wrapped as a copy
[WARNI]  const BRepAdaptor_Surface & wrapped as a copy
[WARNI]  const BRepAdaptor_Surface & wrapped as a copy
[INFO ]  Enum passed by reference: IntImp_ConstIsoparametric &BestChoix changed to IntImp_ConstIsoparametric &OutValue
[INFO ]  Enum passed by reference: IntImp_ConstIsoparametric & BestChoix changed to IntImp_ConstIsoparametric &OutValue
[INFO ]  Enum passed by reference: IntImp_ConstIsoparametric & BestChoix changed to IntImp_ConstIsoparametric &OutValue
[INFO ]  Class: BRepApprox_TheImpPrmSvSurfacesOfApprox
[INFO ]      explicitly excluded method BRepApprox_TheImpPrmSvSurfacesOfApprox::d7e67db9161b7b0649302b3f4a5f64aa
[INFO ]      [TypeHint] More than 1 constructor, @overload decorator needed.
[WARNI]      [TypeHint] Skipping type double &, should contain _
[INFO ]  Class: BRepApprox_TheInt2SOfThePrmPrmSvSurfacesOfApprox
[INFO ]      [TypeHint] More than 1 constructor, @overload decorator needed.
[INFO ]  Class: BRepApprox_TheMultiLineOfApprox
[INFO ]      [TypeHint] More than 1 constructor, @overload decorator needed.
[INFO ]  Class: BRepApprox_TheMultiLineToolOfApprox
[INFO ]  Class: BRepApprox_ThePrmPrmSvSurfacesOfApprox
[WARNI]      [TypeHint] Skipping type double &, should contain _
[INFO ]  Class: BRepApprox_TheZerImpFuncOfTheImpPrmSvSurfacesOfApprox
[INFO ]      [TypeHint] More than 1 constructor, @overload decorator needed.
[WARNI]  const BRepAdaptor_Surface & wrapped as a copy
[WARNI]  const BRepAdaptor_Surface & wrapped as a copy
[INFO ]  ## Processing module BRepBndLib
[INFO ]  Class: BRepBndLib
[INFO ]  ## Processing module BRepBuilderAPI
[INFO ]  Enum: BRepBuilderAPI_EdgeError
[INFO ]  Enum: BRepBuilderAPI_FaceError
[INFO ]  Enum: BRepBuilderAPI_PipeError
[INFO ]  Enum: BRepBuilderAPI_ShapeModification
[INFO ]  Enum: BRepBuilderAPI_ShellError
[INFO ]  Enum: BRepBuilderAPI_TransitionMode
[INFO ]  Enum: BRepBuilderAPI_WireError
[INFO ]  Class: BRepBuilderAPI
[WARNI]      [TypeHint] Skipping type static double, should contain _
[INFO ]  Class: BRepBuilderAPI_BndBoxTreeSelector
[INFO ]  Class: BRepBuilderAPI_Collect
[INFO ]  Class: BRepBuilderAPI_Command
[INFO ]  Class: BRepBuilderAPI_FastSewing
[INFO ]      Wrap nested class BRepBuilderAPI_FastSewing::FS_Vertex
[INFO ]      Wrap nested class BRepBuilderAPI_FastSewing::FS_Face
[INFO ]      Wrap nested class BRepBuilderAPI_FastSewing::FS_Edge
[INFO ]      Wrap nested class BRepBuilderAPI_FastSewing::NodeInspector
[INFO ]  Enum: FS_Statuses
[INFO ]      explicitly excluded method BRepBuilderAPI_FastSewing::08b610b50cd2d9b4386b822f2ca8472a
[INFO ]  Class: BRepBuilderAPI_FindPlane
[INFO ]      [TypeHint] More than 1 constructor, @overload decorator needed.
[INFO ]  Class: BRepBuilderAPI_Sewing
[INFO ]  Class: BRepBuilderAPI_VertexInspector
[WARNI]      [TypeHint] Skipping type static double, should contain _
[WARNI]      [TypeHint] Skipping type const Point &, should contain _
[WARNI]      [TypeHint] Skipping type static Point, should contain _
[WARNI]      [TypeHint] Skipping type const Point &, should contain _
[INFO ]  Class: BRepBuilderAPI_MakeShape
[INFO ]      operand TopoDS_Shape cannot be wrapped
[INFO ]  Class: BRepBuilderAPI_MakeEdge
[INFO ]      [TypeHint] More than 1 constructor, @overload decorator needed.
[INFO ]      operand TopoDS_Edge cannot be wrapped
[INFO ]  Class: BRepBuilderAPI_MakeEdge2d
[INFO ]      [TypeHint] More than 1 constructor, @overload decorator needed.
[INFO ]      operand TopoDS_Edge cannot be wrapped
[INFO ]  Class: BRepBuilderAPI_MakeFace
[INFO ]      [TypeHint] More than 1 constructor, @overload decorator needed.
[INFO ]      operand TopoDS_Face cannot be wrapped
[INFO ]  Class: BRepBuilderAPI_MakePolygon
[INFO ]      [TypeHint] More than 1 constructor, @overload decorator needed.
[INFO ]      operand TopoDS_Edge cannot be wrapped
[INFO ]      operand TopoDS_Wire cannot be wrapped
[INFO ]  Class: BRepBuilderAPI_MakeShapeOnMesh
[INFO ]  Class: BRepBuilderAPI_MakeShell
[INFO ]      [TypeHint] More than 1 constructor, @overload decorator needed.
[INFO ]      operand TopoDS_Shell cannot be wrapped
[INFO ]  Class: BRepBuilderAPI_MakeSolid
[INFO ]      [TypeHint] More than 1 constructor, @overload decorator needed.
[INFO ]      operand TopoDS_Solid cannot be wrapped
[INFO ]  Class: BRepBuilderAPI_MakeVertex
[INFO ]      [TypeHint] More than 1 constructor, @overload decorator needed.
[INFO ]      operand TopoDS_Vertex cannot be wrapped
[INFO ]  Class: BRepBuilderAPI_MakeWire
[INFO ]      [TypeHint] More than 1 constructor, @overload decorator needed.
[INFO ]      operand TopoDS_Wire cannot be wrapped
[INFO ]  Class: BRepBuilderAPI_ModifyShape
[INFO ]  Class: BRepBuilderAPI_Copy
[INFO ]      [TypeHint] More than 1 constructor, @overload decorator needed.
[INFO ]  Class: BRepBuilderAPI_GTransform
[INFO ]      [TypeHint] More than 1 constructor, @overload decorator needed.
[INFO ]  Class: BRepBuilderAPI_NurbsConvert
[INFO ]      [TypeHint] More than 1 constructor, @overload decorator needed.
[INFO ]  Class: BRepBuilderAPI_Transform
[INFO ]      [TypeHint] More than 1 constructor, @overload decorator needed.
[INFO ]  ## Processing module BRepCheck
[INFO ]  Enum: BRepCheck_Status
[WARNI]      [TypeHint] Skip type TopoDS_Shape,opencascade::handle, because of trailing :
[INFO ]  Class: BRepCheck
[WARNI]      [TypeHint] Skipping type NCollection_List<BRepCheck_Status>, seems to be a template
[WARNI]      [TypeHint] Skipping type static double, should contain _
[WARNI]      [TypeHint] Skipping type static double, should contain _
[INFO ]  Class: BRepCheck_Analyzer
[INFO ]  Class: BRepCheck_Result
[INFO ]      Class BRepCheck_Result is abstract, using %nodefaultctor.
[WARNI]      [TypeHint] Skipping type NCollection_List<BRepCheck_Status>, seems to be a template
[WARNI]      [TypeHint] Skipping type NCollection_List<BRepCheck_Status>, seems to be a template
[WARNI]      [TypeHint] Skipping type NCollection_List<BRepCheck_Status>, seems to be a template
[INFO ]  Class: BRepCheck_Edge
[INFO ]  Class: BRepCheck_Face
[INFO ]  Class: BRepCheck_Shell
[INFO ]  Class: BRepCheck_Solid
[INFO ]  Class: BRepCheck_Vertex
[INFO ]  Class: BRepCheck_Wire
[INFO ]  ## Processing module BRepClass
[INFO ]  Class: BRepClass_Edge
[INFO ]      [TypeHint] More than 1 constructor, @overload decorator needed.
[INFO ]  Class: BRepClass_FClass2dOfFClassifier
[INFO ]  Class: BRepClass_FClassifier
[INFO ]      [TypeHint] More than 1 constructor, @overload decorator needed.
[INFO ]  Class: BRepClass_FaceExplorer
[INFO ]  Enum passed by reference: TopAbs_Orientation &Or changed to TopAbs_Orientation &OutValue
[INFO ]  Enum passed by reference: TopAbs_Orientation & Or changed to TopAbs_Orientation &OutValue
[INFO ]  Enum passed by reference: TopAbs_Orientation & Or changed to TopAbs_Orientation &OutValue
[WARNI]      [TypeHint] Skipping type double &, should contain _
[WARNI]      [TypeHint] Skipping type double &, should contain _
[INFO ]  Class: BRepClass_FacePassiveClassifier
[INFO ]  Class: BRepClass_Intersector
[WARNI]      [TypeHint] Skipping type double &, should contain _
[INFO ]  Class: BRepClass_FaceClassifier
[INFO ]      [TypeHint] More than 1 constructor, @overload decorator needed.
[INFO ]  ## Processing module BRepClass3d
[INFO ]  Class: BRepClass3d
[INFO ]  Class: BRepClass3d_Intersector3d
[INFO ]  Class: BRepClass3d_SClassifier
[INFO ]      [TypeHint] More than 1 constructor, @overload decorator needed.
[INFO ]  Class: BRepClass3d_SolidExplorer
[INFO ]      [TypeHint] More than 1 constructor, @overload decorator needed.
[WARNI]      [TypeHint] Skipping type double &, should contain _
[WARNI]      [TypeHint] Skipping type double &, should contain _
[WARNI]      [TypeHint] Skipping type double &, should contain _
[WARNI]      [TypeHint] Skipping type double &, should contain _
[WARNI]      [TypeHint] Skipping type double &, should contain _
[WARNI]      [TypeHint] Skipping type NCollection_UBTree<int,, seems to be a template
[WARNI]      [TypeHint] Skipping type double &, should contain _
[WARNI]      [TypeHint] Skipping type double &, should contain _
[WARNI]      [TypeHint] Skipping type double &, should contain _
[WARNI]      [TypeHint] Skipping type double &, should contain _
[WARNI]      [TypeHint] Skipping type double &, should contain _
[INFO ]  Class: BRepClass3d_SolidPassiveClassifier
[INFO ]  Class: BRepClass3d_SolidClassifier
[INFO ]      [TypeHint] More than 1 constructor, @overload decorator needed.
[INFO ]  ## Processing module BRepExtrema
[INFO ]  Enum: BRepExtrema_SupportType
[WARNI]      [TypeHint] Skipping unknown type int,TColStd_PackedMapOfInteger, int,TColStd not in module list
[INFO ]  Class: BRepExtrema_DistShapeShape
[INFO ]      [TypeHint] More than 1 constructor, @overload decorator needed.
[WARNI]      [TypeHint] Skipping type double &, should contain _
[WARNI]      [TypeHint] Skipping type double &, should contain _
[WARNI]      [TypeHint] Skipping type double &, should contain _
[WARNI]      [TypeHint] Skipping type double &, should contain _
[INFO ]  Class: BRepExtrema_DistanceSS
[WARNI]      [TypeHint] Skipping type NCollection_Sequence<BRepExtrema_SolutionElem>, seems to be a template
[WARNI]      [TypeHint] Skipping type NCollection_Sequence<BRepExtrema_SolutionElem>, seems to be a template
[INFO ]  Class: BRepExtrema_ElementFilter
[INFO ]  Enum: FilterResult
[WARNI]      [TypeHint] Skip type BRepExtrema_ElementFilter::FilterResult, because of trailing :
[WARNI]      [TypeHint] param name missing or '&', skip method type hint
[WARNI]      [TypeHint] param name missing or '&', skip method type hint
[INFO ]  Class: BRepExtrema_ExtCC
[INFO ]      [TypeHint] More than 1 constructor, @overload decorator needed.
[WARNI]      [TypeHint] Skipping type double &, should contain _
[INFO ]  Class: BRepExtrema_ExtCF
[INFO ]      [TypeHint] More than 1 constructor, @overload decorator needed.
[WARNI]      [TypeHint] Skipping type double &, should contain _
[INFO ]  Class: BRepExtrema_ExtFF
[INFO ]      [TypeHint] More than 1 constructor, @overload decorator needed.
[WARNI]      [TypeHint] Skipping type double &, should contain _
[WARNI]      [TypeHint] Skipping type double &, should contain _
[INFO ]  Class: BRepExtrema_ExtPC
[INFO ]      [TypeHint] More than 1 constructor, @overload decorator needed.
[WARNI]      [TypeHint] Skipping type double &, should contain _
[INFO ]  Class: BRepExtrema_ExtPF
[INFO ]      [TypeHint] More than 1 constructor, @overload decorator needed.
[WARNI]      [TypeHint] Skipping type double &, should contain _
[INFO ]  Class: BRepExtrema_Poly
[WARNI]      [TypeHint] Skipping type double &, should contain _
[INFO ]  Class: BRepExtrema_ProximityDistTool
[INFO ]      Wrap nested class BRepExtrema_ProximityDistTool::PrjState
[INFO ]  Enum: ProxPnt_Status
[INFO ]      explicitly excluded method BRepExtrema_ProximityDistTool::fcc09286da99a3a7706cf81dbbb81de8
[INFO ]      [TypeHint] More than 1 constructor, @overload decorator needed.
[WARNI]      [TypeHint] Skipping type NCollection_DynamicArray<ProxPnt_Status>, seems to be a template
[WARNI]      [TypeHint] param name missing or '&', skip method type hint
[WARNI]      [TypeHint] Skipping type NCollection_DynamicArray<TopoDS_Shape>, seems to be a template
[WARNI]      [TypeHint] Skipping unknown type ProxPnt_Status, ProxPnt not in module list
[WARNI]      [TypeHint] Skipping type double &, should contain _
[INFO ]  Class: BRepExtrema_ShapeProximity
[INFO ]      [TypeHint] More than 1 constructor, @overload decorator needed.
[WARNI]      [TypeHint] Skipping type NCollection_DataMap<int,, seems to be a template
[WARNI]      [TypeHint] Skipping type NCollection_DataMap<int,, seems to be a template
[WARNI]      [TypeHint] Skipping unknown type ProxPnt_Status, ProxPnt not in module list
[WARNI]      [TypeHint] Skipping unknown type ProxPnt_Status, ProxPnt not in module list
[INFO ]  Class: BRepExtrema_SolutionElem
[INFO ]      [TypeHint] More than 1 constructor, @overload decorator needed.
[WARNI]      [TypeHint] Skipping type double &, should contain _
[WARNI]      [TypeHint] Skipping type double &, should contain _
[INFO ]  Class: BRepExtrema_TriangleSet
[INFO ]      [TypeHint] More than 1 constructor, @overload decorator needed.
[WARNI]      [TypeHint] Skipping type NCollection_DynamicArray<TopoDS_Shape>, seems to be a template
[WARNI]      [TypeHint] Skipping type BVH_Box<double,, seems to be a template
[WARNI]      [TypeHint] Skipping type NCollection_DynamicArray<TopoDS_Shape>, seems to be a template
[INFO ]  Class: BRepExtrema_SelfIntersection
[INFO ]      explicitly excluded method BRepExtrema_SelfIntersection::0c68ae9e4f2a1503208f51fabe6bb919
[INFO ]      [TypeHint] More than 1 constructor, @overload decorator needed.
[WARNI]      [TypeHint] Skipping type NCollection_DataMap<int,, seems to be a template
[INFO ]  ## Processing module BRepGProp
[INFO ]  Class: BRepGProp
[WARNI]      [TypeHint] Skipping type static double, should contain _
[WARNI]      [TypeHint] Skipping type static double, should contain _
[WARNI]      [TypeHint] Skipping type static double, should contain _
[WARNI]      [TypeHint] Skipping type static double, should contain _
[INFO ]  Class: BRepGProp_Cinert
[INFO ]      [TypeHint] More than 1 constructor, @overload decorator needed.
[INFO ]  Class: BRepGProp_Domain
[INFO ]      [TypeHint] More than 1 constructor, @overload decorator needed.
[INFO ]  Class: BRepGProp_EdgeTool
[WARNI]      [TypeHint] Skipping type static double, should contain _
[WARNI]      [TypeHint] Skipping type static double, should contain _
[INFO ]  Class: BRepGProp_Face
[INFO ]      [TypeHint] More than 1 constructor, @overload decorator needed.
[WARNI]      [TypeHint] Skipping type double &, should contain _
[INFO ]  Class: BRepGProp_Gauss
[INFO ]      Wrap nested class BRepGProp_Gauss::Inertia
[INFO ]  Enum: BRepGProp_GaussType
[INFO ]      explicitly excluded method BRepGProp_Gauss::54919d562729ef7bcf0d99cd0207b5e4
[INFO ]      explicitly excluded method BRepGProp_Gauss::ac2ce88bf3f81f66e2053f46da29690f
[INFO ]      explicitly excluded method BRepGProp_Gauss::56ed2e343ef9afd658200382e7c19f1a
[INFO ]      explicitly excluded method BRepGProp_Gauss::ed50f58dd3a156d9c4a7ab48b58f4ccc
[INFO ]      explicitly excluded method BRepGProp_Gauss::b09c60460a2c2f9f15108a15fc0a4003
[INFO ]      explicitly excluded method BRepGProp_Gauss::32dd0184510dcc5d5ecbf0725a55d8fd
[INFO ]  Class: BRepGProp_MeshCinert
[INFO ]  Class: BRepGProp_Sinert
[INFO ]      [TypeHint] More than 1 constructor, @overload decorator needed.
[INFO ]  Class: BRepGProp_TFunction
[WARNI]      [TypeHint] Skipping type const double *, should contain _
[WARNI]      [TypeHint] Skipping type double &, should contain _
[INFO ]  Class: BRepGProp_UFunction
[WARNI]      [TypeHint] Skipping type const double *, should contain _
[WARNI]      [TypeHint] Skipping type double &, should contain _
[INFO ]  Class: BRepGProp_Vinert
[INFO ]      [TypeHint] More than 1 constructor, @overload decorator needed.
[INFO ]  Class: BRepGProp_VinertGK
[INFO ]      explicitly excluded method BRepGProp_VinertGK::288891c9e88dea4ed68dd72a9c94373f
[INFO ]      [TypeHint] More than 1 constructor, @overload decorator needed.
[INFO ]  ## Processing module BRepIntCurveSurface
[INFO ]  Class: BRepIntCurveSurface_Inter
[INFO ]  ## Processing module BRepLib
[INFO ]  Enum: BRepLib_EdgeError
[INFO ]  Enum: BRepLib_FaceError
[INFO ]  Enum: BRepLib_ShapeModification
[INFO ]  Enum: BRepLib_ShellError
[INFO ]  Enum: BRepLib_WireError
[INFO ]  Class: BRepLib
[INFO ]      explicitly excluded method BRepLib::6fc0cf7455bb7e2e39a27fbaeb7b9793
[WARNI]      [TypeHint] Skipping type double &, should contain _
[WARNI]      [TypeHint] Skipping type double &, should contain _
[WARNI]      [TypeHint] Skipping type double &, should contain _
[WARNI]      [TypeHint] Skipping type static double, should contain _
[WARNI]      [TypeHint] Skipping type double &, should contain _
[INFO ]  Class: BRepLib_CheckCurveOnSurface
[INFO ]      [TypeHint] More than 1 constructor, @overload decorator needed.
[INFO ]  Class: BRepLib_Command
[INFO ]  Class: BRepLib_FindSurface
[INFO ]      [TypeHint] More than 1 constructor, @overload decorator needed.
[INFO ]  Class: BRepLib_FuseEdges
[INFO ]  Class: BRepLib_PointCloudShape
[INFO ]      Class BRepLib_PointCloudShape is abstract, using %nodefaultctor.
[INFO ]      Constructor skipped for abstract class BRepLib_PointCloudShape
[INFO ]  Class: BRepLib_ToolTriangulatedShape
[INFO ]  Class: BRepLib_ValidateEdge
[INFO ]      explicitly excluded method BRepLib_ValidateEdge::f647f00571c5bc7addbe42a669504a19
[WARNI]      [TypeHint] Skipping type double &, should contain _
[INFO ]  Class: BRepLib_MakeShape
[INFO ]      operand TopoDS_Shape cannot be wrapped
[INFO ]  Class: BRepLib_MakeEdge
[INFO ]      [TypeHint] More than 1 constructor, @overload decorator needed.
[INFO ]      operand TopoDS_Edge cannot be wrapped
[INFO ]  Class: BRepLib_MakeEdge2d
[INFO ]      [TypeHint] More than 1 constructor, @overload decorator needed.
[INFO ]      operand TopoDS_Edge cannot be wrapped
[INFO ]  Class: BRepLib_MakeFace
[INFO ]      [TypeHint] More than 1 constructor, @overload decorator needed.
[INFO ]      operand TopoDS_Face cannot be wrapped
[WARNI]      [TypeHint] Skipping type double &, should contain _
[INFO ]  Class: BRepLib_MakePolygon
[INFO ]      [TypeHint] More than 1 constructor, @overload decorator needed.
[INFO ]      operand TopoDS_Edge cannot be wrapped
[INFO ]      operand TopoDS_Wire cannot be wrapped
[INFO ]  Class: BRepLib_MakeShell
[INFO ]      [TypeHint] More than 1 constructor, @overload decorator needed.
[INFO ]      operand TopoDS_Shell cannot be wrapped
[INFO ]  Class: BRepLib_MakeSolid
[INFO ]      [TypeHint] More than 1 constructor, @overload decorator needed.
[INFO ]      operand TopoDS_Solid cannot be wrapped
[INFO ]  Class: BRepLib_MakeVertex
[INFO ]      [TypeHint] More than 1 constructor, @overload decorator needed.
[INFO ]      operand TopoDS_Vertex cannot be wrapped
[INFO ]  Class: BRepLib_MakeWire
[INFO ]      Wrap nested class BRepLib_MakeWire::BRepLib_BndBoxVertexSelector
[INFO ]      [TypeHint] More than 1 constructor, @overload decorator needed.
[INFO ]      operand TopoDS_Wire cannot be wrapped
[INFO ]  ## Processing module BRepMAT2d
[WARNI]      [TypeHint] Skipping type opencascade::handle, should contain _
[INFO ]  Class: BRepMAT2d_BisectingLocus
[INFO ]  Class: BRepMAT2d_Explorer
[INFO ]      [TypeHint] More than 1 constructor, @overload decorator needed.
[WARNI]  const TColGeom2d_SequenceOfCurve & wrapped as a copy
[WARNI]  const TColGeom2d_SequenceOfCurve & wrapped as a copy
[INFO ]  Class: BRepMAT2d_LinkTopoBilo
[INFO ]      [TypeHint] More than 1 constructor, @overload decorator needed.
[INFO ]  ## Processing module BRepTopAdaptor
[INFO ]  Class: BRepTopAdaptor_FClass2d
[INFO ]      operand = cannot be wrapped
[INFO ]  Class: BRepTopAdaptor_HVertex
[INFO ]  Class: BRepTopAdaptor_Tool
[INFO ]      [TypeHint] More than 1 constructor, @overload decorator needed.
[INFO ]  Class: BRepTopAdaptor_TopolTool
[INFO ]      [TypeHint] More than 1 constructor, @overload decorator needed.
[INFO ]  ## Processing module Bisector
[INFO ]  Class: Bisector
[INFO ]  Class: Bisector_Bisec
[INFO ]  Class: Bisector_Curve
[INFO ]      Class Bisector_Curve is abstract, using %nodefaultctor.
[WARNI]      [TypeHint] Skipping type virtual double, should contain _
[WARNI]      [TypeHint] Skipping type virtual double, should contain _
[WARNI]      [TypeHint] Skipping type virtual double, should contain _
[INFO ]  Class: Bisector_FunctionH
[WARNI]      [TypeHint] Skipping type double &, should contain _
[WARNI]      [TypeHint] Skipping type double &, should contain _
[WARNI]      [TypeHint] Skipping type double &, should contain _
[INFO ]  Class: Bisector_FunctionInter
[INFO ]      [TypeHint] More than 1 constructor, @overload decorator needed.
[WARNI]      [TypeHint] Skipping type double &, should contain _
[WARNI]      [TypeHint] Skipping type double &, should contain _
[WARNI]      [TypeHint] Skipping type double &, should contain _
[INFO ]  Class: Bisector_Inter
[INFO ]      [TypeHint] More than 1 constructor, @overload decorator needed.
[INFO ]  Class: Bisector_PointOnBis
[INFO ]      [TypeHint] More than 1 constructor, @overload decorator needed.
[INFO ]  Class: Bisector_PolyBis
[INFO ]  Class: Bisector_BisecAna
[WARNI]      [TypeHint] Skip type Geom2d_Curve::ResD1, because of trailing :
[WARNI]      [TypeHint] Skip type Geom2d_Curve::ResD2, because of trailing :
[WARNI]      [TypeHint] Skip type Geom2d_Curve::ResD3, because of trailing :
[INFO ]  Class: Bisector_BisecCC
[INFO ]      [TypeHint] More than 1 constructor, @overload decorator needed.
[WARNI]      [TypeHint] Skip type Geom2d_Curve::ResD1, because of trailing :
[WARNI]      [TypeHint] Skip type Geom2d_Curve::ResD2, because of trailing :
[WARNI]      [TypeHint] Skip type Geom2d_Curve::ResD3, because of trailing :
[WARNI]      [TypeHint] Skipping type double &, should contain _
[WARNI]      [TypeHint] Skipping type double &, should contain _
[INFO ]  Class: Bisector_BisecPC
[INFO ]      [TypeHint] More than 1 constructor, @overload decorator needed.
[WARNI]      [TypeHint] Skip type Geom2d_Curve::ResD1, because of trailing :
[WARNI]      [TypeHint] Skip type Geom2d_Curve::ResD2, because of trailing :
[WARNI]      [TypeHint] Skip type Geom2d_Curve::ResD3, because of trailing :
[INFO ]  ## Processing module IntCurvesFace
[INFO ]  Class: IntCurvesFace_Intersector
[INFO ]  Class: IntCurvesFace_ShapeIntersector
[INFO ]  ## Processing module MAT
[INFO ]  Enum: MAT_Side
[WARNI]      [TypeHint] Skipping type int,opencascade::handle, should contain _
[WARNI]      [TypeHint] Skipping type int,opencascade::handle, should contain _
[WARNI]      [TypeHint] Skipping type int,opencascade::handle, should contain _
[WARNI]      [TypeHint] Skipping type int,opencascade::handle, should contain _
[WARNI]      [TypeHint] Skipping type opencascade::handle, should contain _
[WARNI]      [TypeHint] Skipping type opencascade::handle, should contain _
[INFO ]  Class: MAT_Arc
[INFO ]  Class: MAT_BasicElt
[INFO ]  Class: MAT_Bisector
[INFO ]  Class: MAT_Edge
[INFO ]  Class: MAT_Graph
[WARNI]      [TypeHint] Skipping type NCollection_DataMap<int,, seems to be a template
[WARNI]      [TypeHint] Skipping type int &, should contain _
[INFO ]  Class: MAT_ListOfBisector
[INFO ]      operand () cannot be wrapped
[INFO ]  Class: MAT_ListOfEdge
[INFO ]      operand () cannot be wrapped
[INFO ]  Class: MAT_Node
[WARNI]      [TypeHint] Skip type NCollection_Sequence<opencascade::handle<MAT_Arc>>, because of trailing :
[WARNI]      [TypeHint] Skip type NCollection_Sequence<opencascade::handle<MAT_BasicElt>>, because of trailing :
[INFO ]  Class: MAT_TListNodeOfListOfBisector
[INFO ]      [TypeHint] More than 1 constructor, @overload decorator needed.
[INFO ]  Class: MAT_TListNodeOfListOfEdge
[INFO ]      [TypeHint] More than 1 constructor, @overload decorator needed.
[INFO ]  Class: MAT_Zone
[INFO ]      [TypeHint] More than 1 constructor, @overload decorator needed.
[INFO ]  ## Processing module MAT2d
[WARNI]      [TypeHint] Skipping unknown type int,Bisector_Bisec, int,Bisector not in module list
[WARNI]      [TypeHint] Skipping type int,opencascade::handle, should contain _
[WARNI]      [TypeHint] Skipping unknown type int,gp_Pnt2d, int,gp not in module list
[WARNI]      [TypeHint] Skipping unknown type int,MAT2d_SequenceOfConnexion, int,MAT2d not in module list
[WARNI]      [TypeHint] Skipping unknown type int,gp_Vec2d, int,gp not in module list
[WARNI]      [TypeHint] Skipping type opencascade::handle, should contain _
[INFO ]  Class: MAT2d_BiInt
[INFO ]  Class: MAT2d_Circuit
[WARNI]      [TypeHint] Skipping type NCollection_Sequence<TColGeom2d_SequenceOfGeometry, seems to be a template
[INFO ]  Class: MAT2d_Connexion
[INFO ]      [TypeHint] More than 1 constructor, @overload decorator needed.
[INFO ]  Class: MAT2d_Mat2d
[INFO ]  Class: MAT2d_MiniPath
[WARNI]      [TypeHint] Skip type NCollection_Sequence<opencascade::handle<MAT2d_Connexion>>, because of trailing :
[WARNI]      [TypeHint] Skip type NCollection_Sequence<opencascade::handle<MAT2d_Connexion>>, because of trailing :
[WARNI]      [TypeHint] Skipping type NCollection_Sequence<TColGeom2d_SequenceOfGeometry, seems to be a template
[INFO ]  Class: MAT2d_Tool2d
[WARNI]      [TypeHint] Skipping type double &, should contain _
[WARNI]      [TypeHint] Skipping type int &, should contain _
[INFO ]      hash<MAT2d_BiInt> skipped because it is a class template
[INFO ]  Processing toolkit TKXMesh ===
[INFO ]  ## Processing module XBRepMesh
[INFO ]  Class: XBRepMesh_Factory
[INFO ]  Processing toolkit TKService ===
[INFO ]  ## Processing module Aspect
[INFO ]  Enum: Aspect_ColorSpace
[INFO ]  Enum: Aspect_Eye
[INFO ]  Enum: Aspect_FillMethod
[INFO ]  Enum: Aspect_GradientFillMethod
[INFO ]  Enum: Aspect_GraphicsLibrary
[INFO ]  Enum: Aspect_GridDrawMode
[INFO ]  Enum: Aspect_GridType
[INFO ]  Enum: Aspect_HatchStyle
[INFO ]  Enum: Aspect_InteriorStyle
[INFO ]  Enum: Aspect_PolygonOffsetMode
[INFO ]  Enum: Aspect_TypeOfColorScaleData
[INFO ]  Enum: Aspect_TypeOfColorScaleOrientation
[INFO ]  Enum: Aspect_TypeOfColorScalePosition
[INFO ]  Enum: Aspect_TypeOfDeflection
[INFO ]  Enum: Aspect_TypeOfDisplayText
[INFO ]  Enum: Aspect_TypeOfFacingModel
[INFO ]  Enum: Aspect_TypeOfHighlightMethod
[INFO ]  Enum: Aspect_TypeOfLine
[INFO ]  Enum: Aspect_TypeOfMarker
[INFO ]  Enum: Aspect_TypeOfResize
[INFO ]  Enum: Aspect_TypeOfStyleText
[INFO ]  Enum: Aspect_TypeOfTriedronPosition
[INFO ]  Enum: Aspect_VKeyBasic
[INFO ]  Enum: 
[INFO ]  Enum: 
[INFO ]  Enum: 
[INFO ]  Enum: Aspect_WidthOfLine
[INFO ]  Enum: Aspect_XAtom
[INFO ]  Enum: Aspect_XRActionType
[INFO ]  Enum: Aspect_XRGenericAction
[INFO ]  Enum: 
[INFO ]  Enum: Aspect_XRTrackedDeviceRole
[INFO ]  Enum: 
[INFO ]  Skip typedef Aspect_Display because target is a pointer type
[INFO ]  Skip typedef GLXFBConfig because target is a pointer type
[INFO ]  Skip typedef HANDLE because target is a pointer type
[INFO ]  Skip typedef Aspect_RenderingContext because target is a pointer type
[WARNI]      [TypeHint] Skipping unknown type size_t,Aspect_Touch, size not in module list
[INFO ]  Class: Aspect_Background
[INFO ]      [TypeHint] More than 1 constructor, @overload decorator needed.
[INFO ]  Class: Aspect_DisplayConnection
[INFO ]      explicitly excluded method Aspect_DisplayConnection::95ed7c9e2f5670c1280d2a20eebd79aa
[INFO ]      explicitly excluded method Aspect_DisplayConnection::5177208cbeadac04f8299c132ab1dc56
[INFO ]      explicitly excluded method Aspect_DisplayConnection::7c4b332b0f8ff5986ac01fc781b266cf
[INFO ]      explicitly excluded method Aspect_DisplayConnection::6f769b514611a7b7aa159c70a802732d
[INFO ]      explicitly excluded method Aspect_DisplayConnection::584bc19a7d6129d833fe2c44d4274fac
[INFO ]      explicitly excluded method Aspect_DisplayConnection::02e3f7c1bbced89f2b9103f276517cc7
[INFO ]      explicitly excluded method Aspect_DisplayConnection::4b961c75538355a10b716c2c1c96511d
[INFO ]      explicitly excluded method Aspect_DisplayConnection::e2fe6f8adf22e00b915cb1721edc512a
[INFO ]      explicitly excluded method Aspect_DisplayConnection::556c283e32abf1be17f5aa24d1e49f17
[INFO ]      explicitly excluded method Aspect_DisplayConnection::5be9f4e6f0c5b9eb113e330fb7b0ab42
[INFO ]      explicitly excluded method Aspect_DisplayConnection::faf3767d377b1a42121d10b2c30627f8
[INFO ]      explicitly excluded method Aspect_DisplayConnection::1f300d560bba874fc61df782e69c5a74
[INFO ]      explicitly excluded method Aspect_DisplayConnection::cc04b00153967434d93a028a423fd6c9
[INFO ]      explicitly excluded method Aspect_DisplayConnection::88701767771c6813652add2353d013b5
[INFO ]      explicitly excluded method Aspect_DisplayConnection::12c38d0fb9397e192696655e5f3ff39b
[INFO ]  Class: Aspect_GenId
[INFO ]      [TypeHint] More than 1 constructor, @overload decorator needed.
[WARNI]      [TypeHint] Skipping type int &, should contain _
[INFO ]  Class: Aspect_Grid
[INFO ]      Class Aspect_Grid is abstract, using %nodefaultctor.
[WARNI]      [TypeHint] Skipping type double &, should contain _
[WARNI]      [TypeHint] Skipping type double &, should contain _
[INFO ]  Class: Aspect_GridParams
[INFO ]  Class: Aspect_ScrollDelta
[INFO ]      [TypeHint] More than 1 constructor, @overload decorator needed.
[WARNI]      [TypeHint] Skipping type NCollection_Vec2<int>, seems to be a template
[INFO ]  Class: Aspect_SkydomeBackground
[INFO ]      [TypeHint] More than 1 constructor, @overload decorator needed.
[INFO ]  Class: Aspect_Touch
[INFO ]      [TypeHint] More than 1 constructor, @overload decorator needed.
[WARNI]      [TypeHint] Skipping type NCollection_Vec2<double>, seems to be a template
[WARNI]      [TypeHint] Skipping type NCollection_Vec2<double, seems to be a template
[INFO ]  Class: Aspect_TrackedDevicePose
[INFO ]  Class: Aspect_VKeySet
[INFO ]      Wrap nested class Aspect_VKeySet::KeyState
[WARNI]      [TypeHint] Skipping type double &, should contain _
[WARNI]      [TypeHint] Skipping type double &, should contain _
[WARNI]      [TypeHint] Skip type std::shared_mutex, because of trailing :
[INFO ]  Class: Aspect_Window
[INFO ]      Class Aspect_Window is abstract, using %nodefaultctor.
[INFO ]      explicitly excluded method Aspect_Window::a936f0d076380de95a4ee9674fbc4aa3
[INFO ]      explicitly excluded method Aspect_Window::4917c328b71fee6e570c6c8c46531c25
[WARNI]      [TypeHint] Skipping type NCollection_Vec2<double, seems to be a template
[WARNI]      [TypeHint] Skipping type NCollection_Vec2<double>, seems to be a template
[WARNI]      [TypeHint] Skipping type NCollection_Vec2<double, seems to be a template
[WARNI]      [TypeHint] Skipping type NCollection_Vec2<double>, seems to be a template
[WARNI]      [TypeHint] Skipping type virtual double, should contain _
[WARNI]      [TypeHint] Skipping type NCollection_Vec2<int, seems to be a template
[WARNI]      [TypeHint] Skipping type int &, should contain _
[WARNI]      [TypeHint] Skipping type virtual double, should contain _
[WARNI]      [TypeHint] Skipping type int &, should contain _
[WARNI]      [TypeHint] Skipping type NCollection_Vec2<int, seems to be a template
[INFO ]  Class: Aspect_WindowInputListener
[INFO ]      Class Aspect_WindowInputListener is abstract, using %nodefaultctor.
[WARNI]      [TypeHint] Skipping unknown type size_t, size not in module list
[WARNI]      [TypeHint] Skipping type NCollection_Vec2<int>, seems to be a template
[WARNI]      [TypeHint] Skipping type NCollection_Vec2<int>, seems to be a template
[WARNI]      [TypeHint] Skipping type NCollection_Vec2<int>, seems to be a template
[WARNI]      [TypeHint] Skipping unknown type size_t, size not in module list
[WARNI]      [TypeHint] Skipping type NCollection_IndexedDataMap<size_t,, seems to be a template
[WARNI]      [TypeHint] Skipping unknown type WNT_HIDSpaceMouse, WNT not in module list
[WARNI]      [TypeHint] Skipping type NCollection_Vec2<int>, seems to be a template
[WARNI]      [TypeHint] Skipping type NCollection_Vec2<int>, seems to be a template
[WARNI]      [TypeHint] Skipping unknown type size_t, size not in module list
[WARNI]      [TypeHint] Skipping unknown type WNT_HIDSpaceMouse, WNT not in module list
[WARNI]      [TypeHint] Skipping unknown type WNT_HIDSpaceMouse, WNT not in module list
[WARNI]      [TypeHint] Skipping unknown type WNT_HIDSpaceMouse, WNT not in module list
[INFO ]  Class: Aspect_XRAction
[WARNI]      [TypeHint] Skipping unknown type uint64_t, uint64 not in module list
[WARNI]      [TypeHint] Skipping unknown type uint64_t, uint64 not in module list
[INFO ]  Class: Aspect_XRActionSet
[WARNI]      [TypeHint] Skipping type NCollection_IndexedDataMap<TCollection_AsciiString,, seems to be a template
[WARNI]      [TypeHint] Skipping unknown type uint64_t, uint64 not in module list
[WARNI]      [TypeHint] Skipping unknown type uint64_t, uint64 not in module list
[INFO ]  Class: Aspect_XRAnalogActionData
[INFO ]  Class: Aspect_XRDigitalActionData
[INFO ]  Class: Aspect_XRHapticActionData
[INFO ]  Class: Aspect_XRPoseActionData
[INFO ]  Class: Aspect_XRSession
[INFO ]      Class Aspect_XRSession is abstract, using %nodefaultctor.
[INFO ]  Enum: TrackingUniverseOrigin
[INFO ]  Enum: InfoString
[WARNI]      [TypeHint] Skipping type NCollection_Mat4<double, seems to be a template
[WARNI]      [TypeHint] Skipping type InfoString, should contain _
[WARNI]      [TypeHint] Skipping type NCollection_Mat4<double, seems to be a template
[WARNI]      [TypeHint] Skipping type Aspect_FrustumLRBT<double>, seems to be a template
[WARNI]      [TypeHint] Skipping type NCollection_Mat4<double, seems to be a template
[WARNI]      [TypeHint] Skipping type NCollection_Vec2<int, seems to be a template
[WARNI]      [TypeHint] Skipping type TrackingUniverseOrigin, should contain _
[WARNI]      [TypeHint] Skipping type NCollection_Array1<Aspect_TrackedDevicePose>, seems to be a template
[WARNI]      [TypeHint] Skip type Aspect_XRSession::TrackingUniverseOrigin, because of trailing :
[INFO ]  Class: Aspect_GradientBackground
[INFO ]      [TypeHint] More than 1 constructor, @overload decorator needed.
[INFO ]  Class: Aspect_OpenVRSession
[WARNI]      [TypeHint] Skipping type NCollection_Mat4<double, seems to be a template
[WARNI]      [TypeHint] Skipping type InfoString, should contain _
[WARNI]      [TypeHint] Skipping type NCollection_Mat4<double, seems to be a template
[WARNI]      [TypeHint] Skipping type NCollection_Vec2<int, seems to be a template
[WARNI]      [TypeHint] Skipping type TrackingUniverseOrigin, should contain _
[INFO ]  ## Processing module Graphic3d
[INFO ]  Enum: Graphic3d_AlphaMode
[INFO ]  Enum: 
[INFO ]  Enum: Graphic3d_FresnelModel
[INFO ]  Enum: Graphic3d_TypeOfAttribute
[INFO ]  Enum: Graphic3d_TypeOfData
[INFO ]  Enum: Graphic3d_BufferType
[INFO ]  Enum: Graphic3d_CappingFlags
[INFO ]  Enum: Graphic3d_ClipState
[INFO ]  Enum: Graphic3d_CubeMapSide
[INFO ]  Enum: Graphic3d_DiagnosticInfo
[INFO ]  Enum: Graphic3d_DisplayPriority
[INFO ]  Enum: 
[INFO ]  Enum: Graphic3d_FrameStatsCounter
[INFO ]  Enum: 
[INFO ]  Enum: Graphic3d_FrameStatsTimer
[INFO ]  Enum: 
[INFO ]  Enum: Graphic3d_GroupAspect
[INFO ]  Enum: Graphic3d_HorizontalTextAlignment
[INFO ]  Enum: Graphic3d_LevelOfTextureAnisotropy
[INFO ]  Enum: Graphic3d_NameOfMaterial
[INFO ]  Enum: Graphic3d_NameOfTexture1D
[INFO ]  Enum: Graphic3d_NameOfTexture2D
[INFO ]  Enum: Graphic3d_NameOfTextureEnv
[INFO ]  Enum: Graphic3d_NameOfTexturePlane
[INFO ]  Enum: Graphic3d_RenderTransparentMethod
[INFO ]  Enum: Graphic3d_RenderingMode
[INFO ]  Enum: Graphic3d_ShaderFlags
[INFO ]  Enum: Graphic3d_GlslExtension
[INFO ]  Enum: 
[INFO ]  Enum: Graphic3d_StereoMode
[INFO ]  Enum: 
[INFO ]  Enum: Graphic3d_TextPath
[INFO ]  Enum: Graphic3d_TextureSetBits
[INFO ]  Enum: Graphic3d_TextureUnit
[INFO ]  Enum: 
[INFO ]  Enum: Graphic3d_ToneMappingMethod
[INFO ]  Enum: Graphic3d_TransModeFlags
[INFO ]  Enum: Graphic3d_TypeOfAnswer
[INFO ]  Enum: Graphic3d_TypeOfBackfacingModel
[INFO ]  Enum: Graphic3d_TypeOfBackground
[INFO ]  Enum: 
[INFO ]  Enum: Graphic3d_TypeOfConnection
[INFO ]  Enum: Graphic3d_TypeOfLightSource
[INFO ]  Enum: 
[INFO ]  Enum: Graphic3d_TypeOfLimit
[INFO ]  Enum: Graphic3d_TypeOfMaterial
[INFO ]  Enum: Graphic3d_TypeOfPrimitiveArray
[INFO ]  Enum: Graphic3d_TypeOfReflection
[INFO ]  Enum: 
[INFO ]  Enum: Graphic3d_TypeOfShaderObject
[INFO ]  Enum: Graphic3d_TypeOfShadingModel
[INFO ]  Enum: 
[INFO ]  Enum: Graphic3d_TypeOfStructure
[INFO ]  Enum: Graphic3d_TypeOfTexture
[INFO ]  Enum: Graphic3d_TypeOfTextureFilter
[INFO ]  Enum: Graphic3d_TypeOfTextureMode
[INFO ]  Enum: Graphic3d_TypeOfVisualization
[INFO ]  Enum: Graphic3d_VerticalTextAlignment
[INFO ]  Enum: 
[WARNI]      [TypeHint] Skipping type opencascade::handle, should contain _
[WARNI]      [TypeHint] Skipping type opencascade::handle, should contain _
[WARNI]      [TypeHint] Skipping type char, should contain _
[WARNI]      [TypeHint] Skipping unknown type uint8_t, uint8 not in module list
[WARNI]      [TypeHint] Skipping type char, should contain _
[WARNI]      [TypeHint] Skipping unknown type uint8_t, uint8 not in module list
[WARNI]      [TypeHint] Skipping type char, should contain _
[WARNI]      [TypeHint] Skipping unknown type uint8_t, uint8 not in module list
[INFO ]  Class: Graphic3d_ArrayOfPrimitives
[WARNI]      [TypeHint] Skipping type NCollection_Vec4<int>, seems to be a template
[WARNI]      [TypeHint] Skipping type NCollection_Vec3<int>, seems to be a template
[WARNI]      [TypeHint] Skipping type NCollection_Vec4<int>, seems to be a template
[WARNI]      [TypeHint] Skipping type NCollection_Vec4<uint8_t>, seems to be a template
[WARNI]      [TypeHint] Skipping type double &, should contain _
[WARNI]      [TypeHint] Skipping type NCollection_Vec4<uint8_t>, seems to be a template
[WARNI]      [TypeHint] Skipping type NCollection_Vec4<uint8_t>, seems to be a template
[WARNI]      [TypeHint] Skipping type double &, should contain _
[WARNI]      [TypeHint] Skipping type int &, should contain _
[WARNI]      [TypeHint] Skipping type double &, should contain _
[WARNI]      [TypeHint] Skipping type double &, should contain _
[WARNI]      [TypeHint] Skipping type double &, should contain _
[INFO ]  Class: Graphic3d_Aspects
[WARNI]      [TypeHint] Skipping unknown type uint16_t, uint16 not in module list
[WARNI]      [TypeHint] Skipping unknown type uint16_t, uint16 not in module list
[WARNI]      [TypeHint] Skipping unknown type uint16_t, uint16 not in module list
[WARNI]      [TypeHint] Skipping unknown type uint16_t, uint16 not in module list
[WARNI]      [TypeHint] Skipping type int &, should contain _
[WARNI]      [TypeHint] Skipping unknown type uint16_t, uint16 not in module list
[WARNI]      [TypeHint] Skipping unknown type uint16_t, uint16 not in module list
[WARNI]      [TypeHint] Skipping unknown type Font_FontAspect, Font not in module list
[WARNI]      [TypeHint] Skipping unknown type Font_FontAspect, Font not in module list
[INFO ]  Class: Graphic3d_Attribute
[INFO ]  Class: Graphic3d_BSDF
[INFO ]  Class: Graphic3d_BoundBuffer
[INFO ]  Class: Graphic3d_BufferRange
[INFO ]      [TypeHint] More than 1 constructor, @overload decorator needed.
[INFO ]  Class: Graphic3d_BvhCStructureSet
[INFO ]      explicitly excluded method Graphic3d_BvhCStructureSet::bead85e176b5335e210332f7b5060f3f
[INFO ]      explicitly excluded method Graphic3d_BvhCStructureSet::1560d6538cf63c9d7088066279c11461
[INFO ]      explicitly excluded method Graphic3d_BvhCStructureSet::a5d682bd63648e67043fa893c411e6a7
[INFO ]      explicitly excluded method Graphic3d_BvhCStructureSet::ae54be580b423a6eadbe062e0bdb44c2
[INFO ]      explicitly excluded method Graphic3d_BvhCStructureSet::5e00121a1bf30aeead8303241f8c15a6
[WARNI]      [TypeHint] Skipping type NCollection_IndexedMap<const, seems to be a template
[INFO ]  Class: Graphic3d_CLight
[WARNI]      [TypeHint] Skipping type double &, should contain _
[WARNI]      [TypeHint] Skipping type double &, should contain _
[WARNI]      [TypeHint] Skipping type double &, should contain _
[WARNI]      [TypeHint] Skipping unknown type size_t, size not in module list
[INFO ]  Class: Graphic3d_CStructure
[INFO ]      Class Graphic3d_CStructure is abstract, using %nodefaultctor.
[INFO ]      Wrap nested class Graphic3d_CStructure::SubclassStructIterator
[INFO ]      Wrap nested class Graphic3d_CStructure::SubclassGroupIterator
[WARNI]      [TypeHint] Skip type NCollection_Sequence<opencascade::handle<Graphic3d_Group>>, because of trailing :
[INFO ]  Class: Graphic3d_Camera
[INFO ]      Wrap nested class Graphic3d_Camera::TransformMatrices
[INFO ]  Enum: Projection
[INFO ]  Enum: FocusType
[INFO ]  Enum: IODType
[INFO ]  Enum: 
[INFO ]      [TypeHint] More than 1 constructor, @overload decorator needed.
[WARNI]      [TypeHint] Skipping type NCollection_Array1<NCollection_Vec3<double>>, seems to be a template
[WARNI]      [TypeHint] Skip type Graphic3d_Camera::IODType, because of trailing :
[WARNI]      [TypeHint] Skipping type NCollection_Mat4<double>, seems to be a template
[WARNI]      [TypeHint] Skipping type NCollection_Mat4<double>, seems to be a template
[WARNI]      [TypeHint] Skipping unknown type size_t, size not in module list
[WARNI]      [TypeHint] Skipping type NCollection_Mat4<double>, seems to be a template
[WARNI]      [TypeHint] Skipping type NCollection_Mat4<double>, seems to be a template
[WARNI]      [TypeHint] Skip type Graphic3d_Camera::Projection, because of trailing :
[WARNI]      [TypeHint] Skipping type NCollection_Mat4<double>, seems to be a template
[WARNI]      [TypeHint] Skipping type Aspect_FrustumLRBT<double>, seems to be a template
[WARNI]      [TypeHint] Skipping type NCollection_Mat4<double>, seems to be a template
[WARNI]      [TypeHint] Skipping type IODType, should contain _
[WARNI]      [TypeHint] Skipping type Projection, should contain _
[WARNI]      [TypeHint] Skipping type FocusType, should contain _
[WARNI]      [TypeHint] Skipping type NCollection_Mat4<double>, seems to be a template
[WARNI]      [TypeHint] Skipping unknown type size_t, size not in module list
[WARNI]      [TypeHint] Skipping type double &, should contain _
[WARNI]      [TypeHint] Skip type Graphic3d_Camera::FocusType, because of trailing :
[INFO ]  Class: Graphic3d_CameraTile
[WARNI]  Wrong type in class property : NCollection_Vec2
[WARNI]  Wrong type in class property : NCollection_Vec2
[WARNI]  Wrong type in class property : NCollection_Vec2
[WARNI]      [TypeHint] Skipping type NCollection_Vec2<int, seems to be a template
[INFO ]  Class: Graphic3d_ClipPlane
[INFO ]      [TypeHint] More than 1 constructor, @overload decorator needed.
[WARNI]      [TypeHint] Skipping type NCollection_Vec4<double>, seems to be a template
[WARNI]      [TypeHint] Skipping type NCollection_Vec4<double>, seems to be a template
[WARNI]      [TypeHint] Skipping type NCollection_Vec4<double>, seems to be a template
[WARNI]      [TypeHint] Skipping type NCollection_Vec4<double>, seems to be a template
[WARNI]      [TypeHint] Skipping type NCollection_Vec4<double>, seems to be a template
[WARNI]      [TypeHint] Skipping type NCollection_Vec4<double>, seems to be a template
[WARNI]      [TypeHint] Skipping type NCollection_Vec4<double>, seems to be a template
[INFO ]  Class: Graphic3d_CullingTool
[INFO ]      Wrap nested class Graphic3d_CullingTool::CullingContext
[INFO ]      Wrap nested class Graphic3d_CullingTool::Plane
[INFO ]      explicitly excluded method Graphic3d_CullingTool::4f6991f9320128ed2bffd84a52b59821
[INFO ]      explicitly excluded method Graphic3d_CullingTool::26a77417d357776285dc2ae7b9c22aad
[WARNI]      [TypeHint] Skipping type NCollection_Vec3<double>, seems to be a template
[WARNI]      [TypeHint] Skipping type NCollection_Vec3<double>, seems to be a template
[WARNI]      [TypeHint] Skipping type CullingContext, should contain _
[WARNI]      [TypeHint] Skipping type NCollection_Vec3<double>, seems to be a template
[WARNI]      [TypeHint] Skipping type CullingContext, should contain _
[WARNI]      [TypeHint] Skipping type CullingContext, should contain _
[WARNI]      [TypeHint] Skipping type NCollection_Mat4<double>, seems to be a template
[WARNI]      [TypeHint] Skipping type NCollection_Mat4<double>, seems to be a template
[WARNI]      [TypeHint] Skipping type NCollection_Vec4<double>, seems to be a template
[WARNI]      [TypeHint] Skipping type NCollection_Mat4<double>, seems to be a template
[INFO ]  Class: Graphic3d_DataStructureManager
[INFO ]      Class Graphic3d_DataStructureManager is abstract, using %nodefaultctor.
[INFO ]  Class: Graphic3d_Flipper
[INFO ]  Class: Graphic3d_FrameStats
[INFO ]      Class Graphic3d_FrameStats is abstract, using %nodefaultctor.
[INFO ]      Constructor skipped for abstract class Graphic3d_FrameStats
[WARNI]      [TypeHint] Skipping unknown type size_t, size not in module list
[WARNI]      [TypeHint] Skipping type NCollection_Array1<Graphic3d_FrameStatsData>, seems to be a template
[WARNI]      [TypeHint] Skipping type double &, should contain _
[WARNI]      [TypeHint] Skipping unknown type size_t, size not in module list
[WARNI]      [TypeHint] Skipping type NCollection_Array1<Graphic3d_FrameStatsData>, seems to be a template
[WARNI]      [TypeHint] Skip type Graphic3d_RenderingParams::PerfCounters, because of trailing :
[WARNI]      [TypeHint] Skip type Graphic3d_RenderingParams::PerfCounters, because of trailing :
[INFO ]  Class: Graphic3d_FrameStatsData
[INFO ]      [TypeHint] More than 1 constructor, @overload decorator needed.
[WARNI]      [TypeHint] Skipping unknown type size_t, size not in module list
[INFO ]      operand = cannot be wrapped
[INFO ]      operand = cannot be wrapped
[INFO ]      operand [] cannot be wrapped
[INFO ]      operand [] cannot be wrapped
[INFO ]  Class: Graphic3d_Fresnel
[INFO ]  Class: Graphic3d_GraduatedTrihedron
[INFO ]      Wrap nested class Graphic3d_GraduatedTrihedron::AxisAspect
[INFO ]      explicitly excluded method Graphic3d_GraduatedTrihedron::a47aecdc1dcee52c062797d9fccb2aab
[WARNI]      [TypeHint] Skipping unknown type Font_FontAspect, Font not in module list
[WARNI]      [TypeHint] Skip type Graphic3d_GraduatedTrihedron::AxisAspect, because of trailing :
[WARNI]      [TypeHint] Skip type Graphic3d_GraduatedTrihedron::AxisAspect, because of trailing :
[WARNI]      [TypeHint] Skip type Graphic3d_GraduatedTrihedron::AxisAspect, because of trailing :
[WARNI]      [TypeHint] Skip type Graphic3d_GraduatedTrihedron::AxisAspect, because of trailing :
[WARNI]      [TypeHint] Skip type Graphic3d_GraduatedTrihedron::AxisAspect, because of trailing :
[WARNI]      [TypeHint] Skipping unknown type Font_FontAspect, Font not in module list
[WARNI]      [TypeHint] Skipping unknown type Font_FontAspect, Font not in module list
[WARNI]      [TypeHint] Skipping unknown type Font_FontAspect, Font not in module list
[WARNI]      [TypeHint] Skipping unknown type Font_FontAspect, Font not in module list
[WARNI]      [TypeHint] Skip type Graphic3d_GraduatedTrihedron::AxisAspect, because of trailing :
[WARNI]      [TypeHint] Skip type Graphic3d_GraduatedTrihedron::AxisAspect, because of trailing :
[WARNI]      [TypeHint] Skip type Graphic3d_GraduatedTrihedron::AxisAspect, because of trailing :
[INFO ]  Class: Graphic3d_GraphicDriver
[INFO ]      Class Graphic3d_GraphicDriver is abstract, using %nodefaultctor.
[WARNI]      [TypeHint] Skipping unknown type size_t, size not in module list
[INFO ]  Class: Graphic3d_GraphicDriverFactory
[INFO ]      Class Graphic3d_GraphicDriverFactory is abstract, using %nodefaultctor.
[WARNI]      [TypeHint] Skip type NCollection_List<opencascade::handle<Graphic3d_GraphicDriverFactory>>, because of trailing :
[INFO ]  Class: Graphic3d_Group
[INFO ]      Class Graphic3d_Group is abstract, using %nodefaultctor.
[INFO ]      explicitly excluded method Graphic3d_Group::07f556f2523900a66da942bb10d31612
[WARNI]      [TypeHint] Skipping type double &, should contain _
[WARNI]      [TypeHint] Skip type NCollection_DataMap<opencascade::handle<Graphic3d_Aspects>,, because of trailing :
[INFO ]  Class: Graphic3d_HatchStyle
[INFO ]      [TypeHint] More than 1 constructor, @overload decorator needed.
[WARNI]      [TypeHint] Skipping unknown type uint8_t, uint8 not in module list
[INFO ]  Class: Graphic3d_Layer
[INFO ]      explicitly excluded method Graphic3d_Layer::91b6009bdef1b250c0b934009eb6ac78
[INFO ]      explicitly excluded method Graphic3d_Layer::2880b59878e9b5496ca5334bf22f893c
[INFO ]      explicitly excluded method Graphic3d_Layer::487dd05fc751bfae81606d0c0e35adec
[INFO ]      explicitly excluded method Graphic3d_Layer::253c99003f429864b251049d8d1edda9
[WARNI]      [TypeHint] Skipping type NCollection_IndexedMap<const, seems to be a template
[INFO ]  Enum passed by reference: Graphic3d_DisplayPriority &thePriority changed to Graphic3d_DisplayPriority &OutValue
[INFO ]  Enum passed by reference: Graphic3d_DisplayPriority & thePriority changed to Graphic3d_DisplayPriority &OutValue
[INFO ]  Enum passed by reference: Graphic3d_DisplayPriority & thePriority changed to Graphic3d_DisplayPriority &OutValue
[WARNI]      [TypeHint] Skipping type NCollection_IndexedMap<const, seems to be a template
[WARNI]      [TypeHint] Skip type Graphic3d_RenderingParams::FrustumCulling, because of trailing :
[INFO ]  Class: Graphic3d_LightSet
[INFO ]      Wrap nested class Graphic3d_LightSet::Iterator
[INFO ]  Enum: IterationFilter
[WARNI]      [TypeHint] Skipping unknown type size_t, size not in module list
[WARNI]      [TypeHint] Skipping unknown type size_t, size not in module list
[INFO ]  Class: Graphic3d_MarkerImage
[INFO ]      [TypeHint] More than 1 constructor, @overload decorator needed.
[WARNI]      [TypeHint] Skipping type int &, should contain _
[INFO ]  Class: Graphic3d_MaterialAspect
[INFO ]      [TypeHint] More than 1 constructor, @overload decorator needed.
[INFO ]  Enum passed by reference: Graphic3d_NameOfMaterial &theMat changed to Graphic3d_NameOfMaterial &OutValue
[INFO ]  Enum passed by reference: Graphic3d_NameOfMaterial & theMat changed to Graphic3d_NameOfMaterial &OutValue
[INFO ]  Enum passed by reference: Graphic3d_NameOfMaterial & theMat changed to Graphic3d_NameOfMaterial &OutValue
[INFO ]  Class: Graphic3d_PBRMaterial
[INFO ]      [TypeHint] More than 1 constructor, @overload decorator needed.
[INFO ]  Class: Graphic3d_PolygonOffset
[INFO ]  Class: Graphic3d_PresentationAttributes
[INFO ]  Class: Graphic3d_RenderingParams
[INFO ]  Enum: Anaglyph
[INFO ]  Enum: PerfCounters
[INFO ]  Enum: FrustumCulling
[WARNI]  Wrong type in class property : NCollection_Vec2
[INFO ]  Class: Graphic3d_SequenceOfHClipPlane
[INFO ]      Wrap nested class Graphic3d_SequenceOfHClipPlane::Iterator
[INFO ]      explicitly excluded method Graphic3d_SequenceOfHClipPlane::310df33a7b799f6704691d7306814390
[INFO ]      explicitly excluded method Graphic3d_SequenceOfHClipPlane::67407ac4263b5ce4b1474bcb59790580
[INFO ]  Class: Graphic3d_ShaderAttribute
[INFO ]  Class: Graphic3d_ShaderManager
[INFO ]  Class: Graphic3d_ShaderObject
[INFO ]      Wrap nested class Graphic3d_ShaderObject::ShaderVariable
[INFO ]      explicitly excluded method Graphic3d_ShaderObject::a4745641cdd9d3c11ae4d46134be67e6
[INFO ]  Class: Graphic3d_ShaderProgram
[INFO ]      explicitly excluded method Graphic3d_ShaderProgram::6ede0e2276d66e9b385f9e42b0370fcb
[WARNI]      [TypeHint] Skipping type NCollection_Vec2<int>, seems to be a template
[WARNI]      [TypeHint] Skipping type NCollection_Vec3<int>, seems to be a template
[WARNI]      [TypeHint] Skipping type NCollection_Vec4<int>, seems to be a template
[WARNI]      [TypeHint] Skip type NCollection_Sequence<opencascade::handle<Graphic3d_ShaderAttribute>>, because of trailing :
[WARNI]      [TypeHint] Skip type NCollection_Sequence<opencascade::handle<Graphic3d_ShaderObject>>, because of trailing :
[WARNI]      [TypeHint] Skip type NCollection_Sequence<opencascade::handle<Graphic3d_ShaderVariable>>, because of trailing :
[WARNI]      [TypeHint] Skip type NCollection_Sequence<opencascade::handle<Graphic3d_ShaderAttribute>>, because of trailing :
[INFO ]  Class: Graphic3d_ShaderVariable
[INFO ]      explicitly excluded method Graphic3d_ShaderVariable::1c39ea34e9cd401639711b3354464d76
[INFO ]  Class: Graphic3d_Structure
[WARNI]      [TypeHint] Skip type NCollection_Map<opencascade::handle<Graphic3d_Structure>>, because of trailing :
[WARNI]      [TypeHint] Skip type NCollection_Map<opencascade::handle<Graphic3d_Structure>>, because of trailing :
[WARNI]      [TypeHint] Skip type NCollection_Sequence<opencascade::handle<Graphic3d_Group>>, because of trailing :
[WARNI]      [TypeHint] Skipping type NCollection_Map<Graphic3d_Structure, seems to be a template
[INFO ]  Class: Graphic3d_StructureManager
[WARNI]      [TypeHint] Skipping type NCollection_IndexedMap<Graphic3d_CView, seems to be a template
[WARNI]      [TypeHint] Skip type NCollection_Map<opencascade::handle<Graphic3d_Structure>>, because of trailing :
[WARNI]      [TypeHint] Skip type NCollection_Map<opencascade::handle<Graphic3d_Structure>>, because of trailing :
[WARNI]      [TypeHint] Skipping type NCollection_Map<Graphic3d_Structure, seems to be a template
[INFO ]  Class: Graphic3d_Text
[WARNI]      [TypeHint] Skipping unknown type Font_TextFormatter, Font not in module list
[WARNI]      [TypeHint] Skipping unknown type Font_TextFormatter, Font not in module list
[INFO ]  Class: Graphic3d_TextureParams
[INFO ]  Class: Graphic3d_TextureRoot
[WARNI]      [TypeHint] Skipping unknown type size_t, size not in module list
[INFO ]  Class: Graphic3d_TransformPers
[INFO ]      Wrap nested class Graphic3d_TransformPers::PersParams3d
[INFO ]      Wrap nested class Graphic3d_TransformPers::PersParams2d
[INFO ]      [TypeHint] More than 1 constructor, @overload decorator needed.
[WARNI]      [TypeHint] Skipping type NCollection_Vec2<int>, seems to be a template
[WARNI]      [TypeHint] Skipping type NCollection_Mat4<double, seems to be a template
[WARNI]      [TypeHint] Skipping type NCollection_Vec2<int, seems to be a template
[WARNI]      [TypeHint] Skipping type NCollection_Vec2<int>, seems to be a template
[WARNI]      [TypeHint] Skipping type NCollection_Vec2<int>, seems to be a template
[WARNI]      [TypeHint] Skipping type NCollection_Mat3<double, seems to be a template
[WARNI]      [TypeHint] Skipping type virtual double, should contain _
[INFO ]      Graphic3d_UniformValueTypeID<NCollection_Mat3<float>> skipped because it is a class template
[INFO ]      Graphic3d_UniformValueTypeID<NCollection_Mat4<float>> skipped because it is a class template
[INFO ]      Graphic3d_UniformValueTypeID<NCollection_Vec2<float>> skipped because it is a class template
[INFO ]      Graphic3d_UniformValueTypeID<NCollection_Vec2<int>> skipped because it is a class template
[INFO ]      Graphic3d_UniformValueTypeID<NCollection_Vec3<float>> skipped because it is a class template
[INFO ]      Graphic3d_UniformValueTypeID<NCollection_Vec3<int>> skipped because it is a class template
[INFO ]      Graphic3d_UniformValueTypeID<NCollection_Vec4<float>> skipped because it is a class template
[INFO ]      Graphic3d_UniformValueTypeID<NCollection_Vec4<int>> skipped because it is a class template
[INFO ]      Graphic3d_UniformValueTypeID<float> skipped because it is a class template
[INFO ]      Graphic3d_UniformValueTypeID<int> skipped because it is a class template
[INFO ]  Class: Graphic3d_ValidatedCubeMapOrder
[INFO ]      operand -> cannot be wrapped
[INFO ]  Class: Graphic3d_ValueInterface
[INFO ]      Class Graphic3d_ValueInterface is abstract, using %nodefaultctor.
[INFO ]      explicitly excluded method Graphic3d_ValueInterface::cfc5c1a97af7a3cc5892a65704ecfc1b
[INFO ]      explicitly excluded method Graphic3d_ValueInterface::210148b3f7baa85c49d1e298952e5fa6
[WARNI]      [TypeHint] Skipping unknown type size_t, size not in module list
[INFO ]  Class: Graphic3d_Vertex
[INFO ]      [TypeHint] More than 1 constructor, @overload decorator needed.
[WARNI]      [TypeHint] Skipping type double &, should contain _
[INFO ]  Class: Graphic3d_ViewAffinity
[INFO ]  Class: Graphic3d_WorldViewProjState
[INFO ]      [TypeHint] More than 1 constructor, @overload decorator needed.
[WARNI]      [TypeHint] Skipping unknown type size_t, size not in module list
[WARNI]      [TypeHint] Skipping unknown type size_t, size not in module list
[WARNI]      [TypeHint] Skipping unknown type size_t, size not in module list
[WARNI]      [TypeHint] Skipping unknown type size_t, size not in module list
[INFO ]  Class: Graphic3d_ZLayerSettings
[INFO ]      MatrixType skipped because it is a class template
[INFO ]      MatrixType<double> skipped because it is a class template
[INFO ]      MatrixType<float> skipped because it is a class template
[INFO ]      VectorType skipped because it is a class template
[INFO ]      VectorType<double> skipped because it is a class template
[INFO ]      VectorType<float> skipped because it is a class template
[INFO ]  Class: Graphic3d_ArrayOfPoints
[INFO ]      [TypeHint] More than 1 constructor, @overload decorator needed.
[INFO ]  Class: Graphic3d_ArrayOfPolygons
[INFO ]      [TypeHint] More than 1 constructor, @overload decorator needed.
[INFO ]  Class: Graphic3d_ArrayOfPolylines
[INFO ]      [TypeHint] More than 1 constructor, @overload decorator needed.
[INFO ]  Class: Graphic3d_ArrayOfQuadrangleStrips
[INFO ]      [TypeHint] More than 1 constructor, @overload decorator needed.
[INFO ]  Class: Graphic3d_ArrayOfQuadrangles
[INFO ]      [TypeHint] More than 1 constructor, @overload decorator needed.
[INFO ]  Class: Graphic3d_ArrayOfSegments
[INFO ]      [TypeHint] More than 1 constructor, @overload decorator needed.
[INFO ]  Class: Graphic3d_ArrayOfTriangleFans
[INFO ]      [TypeHint] More than 1 constructor, @overload decorator needed.
[INFO ]  Class: Graphic3d_ArrayOfTriangleStrips
[INFO ]      [TypeHint] More than 1 constructor, @overload decorator needed.
[INFO ]  Class: Graphic3d_ArrayOfTriangles
[INFO ]      [TypeHint] More than 1 constructor, @overload decorator needed.
[INFO ]  Class: Graphic3d_AspectFillArea3d
[INFO ]      [TypeHint] More than 1 constructor, @overload decorator needed.
[INFO ]  Class: Graphic3d_AspectLine3d
[INFO ]      [TypeHint] More than 1 constructor, @overload decorator needed.
[INFO ]  Class: Graphic3d_AspectMarker3d
[INFO ]      [TypeHint] More than 1 constructor, @overload decorator needed.
[WARNI]      [TypeHint] Skipping type int &, should contain _
[INFO ]  Class: Graphic3d_AspectText3d
[INFO ]      [TypeHint] More than 1 constructor, @overload decorator needed.
[WARNI]      [TypeHint] Skipping unknown type Font_FontAspect, Font not in module list
[INFO ]  Class: Graphic3d_AttribBuffer
[WARNI]      [TypeHint] Skipping type NCollection_Array1<Graphic3d_Attribute>, seems to be a template
[INFO ]  Class: Graphic3d_CView
[INFO ]      Class Graphic3d_CView is abstract, using %nodefaultctor.
[INFO ]      Constructor skipped for abstract class Graphic3d_CView
[WARNI]      [TypeHint] Skip type NCollection_Map<opencascade::handle<Graphic3d_Structure>>, because of trailing :
[WARNI]      [TypeHint] Skipping type int &, should contain _
[WARNI]      [TypeHint] Skip type NCollection_List<opencascade::handle<Graphic3d_Layer>>, because of trailing :
[WARNI]      [TypeHint] Skip type NCollection_Map<opencascade::handle<Graphic3d_Structure>>, because of trailing :
[WARNI]      [TypeHint] Skipping type NCollection_Vec2<int>, seems to be a template
[WARNI]      [TypeHint] Skipping type NCollection_Vec2<double>, seems to be a template
[WARNI]      [TypeHint] Skipping type NCollection_Vec2<double>, seems to be a template
[WARNI]      [TypeHint] param name missing or '&', skip method type hint
[WARNI]      [TypeHint] Skipping type NCollection_Vec2<int>, seems to be a template
[WARNI]      [TypeHint] Skipping type NCollection_Vec2<double>, seems to be a template
[WARNI]      [TypeHint] Skipping type NCollection_Vec2<double>, seems to be a template
[WARNI]      [TypeHint] Skipping type NCollection_Vec2<int>, seems to be a template
[WARNI]      [TypeHint] Skip type NCollection_Sequence<opencascade::handle<Graphic3d_CView>>, because of trailing :
[INFO ]  Class: Graphic3d_FrameStatsDataTmp
[WARNI]      [TypeHint] Skipping unknown type size_t, size not in module list
[WARNI]      [TypeHint] Skipping type double &, should contain _
[WARNI]      [TypeHint] Skipping type double &, should contain _
[WARNI]      [TypeHint] Skipping type double &, should contain _
[WARNI]      [TypeHint] Skipping type double &, should contain _
[WARNI]      [TypeHint] Skipping type double &, should contain _
[WARNI]      [TypeHint] Skipping unknown type size_t, size not in module list
[INFO ]      operand = cannot be wrapped
[INFO ]      operand [] cannot be wrapped
[INFO ]      operand [] cannot be wrapped
[INFO ]  Class: Graphic3d_MediaTextureSet
[INFO ]      explicitly excluded method Graphic3d_MediaTextureSet::6cd54bd353308339998409ead11d6658
[WARNI]      [TypeHint] Skipping type NCollection_Vec2<int, seems to be a template
[INFO ]  Class: Graphic3d_TextureEnv
[INFO ]      [TypeHint] More than 1 constructor, @overload decorator needed.
[INFO ]  Class: Graphic3d_TextureMap
[INFO ]  Class: Graphic3d_TransformPersScaledAbove
[INFO ]  Class: Graphic3d_CubeMap
[INFO ]      Class Graphic3d_CubeMap is abstract, using %nodefaultctor.
[INFO ]      Constructor skipped for abstract class Graphic3d_CubeMap
[INFO ]      Constructor skipped for abstract class Graphic3d_CubeMap
[INFO ]  Class: Graphic3d_MutableIndexBuffer
[INFO ]  Class: Graphic3d_Texture1D
[INFO ]  Class: Graphic3d_Texture2D
[INFO ]      [TypeHint] More than 1 constructor, @overload decorator needed.
[INFO ]  Class: Graphic3d_Texture3D
[INFO ]      [TypeHint] More than 1 constructor, @overload decorator needed.
[INFO ]  Class: Graphic3d_CubeMapSeparate
[INFO ]      [TypeHint] More than 1 constructor, @overload decorator needed.
[WARNI]      [TypeHint] Skip type NCollection_Array1<opencascade::handle<Image_PixMap>>, because of trailing :
[WARNI]      [TypeHint] param name missing or '&', skip method type hint
[INFO ]  Class: Graphic3d_MediaTexture
[INFO ]  Class: Graphic3d_Texture1Dmanual
[INFO ]      [TypeHint] More than 1 constructor, @overload decorator needed.
[INFO ]  Class: Graphic3d_Texture1Dsegment
[INFO ]      [TypeHint] More than 1 constructor, @overload decorator needed.
[INFO ]  Class: Graphic3d_Texture2Dplane
[INFO ]      [TypeHint] More than 1 constructor, @overload decorator needed.
[INFO ]      operand | cannot be wrapped
[INFO ]  ## Processing module Image
[INFO ]  Enum: Image_CompressedFormat
[INFO ]  Enum: 
[INFO ]  Enum: Image_Format
[INFO ]  Enum: 
[INFO ]      equal_to<opencascade::handle<Image_Texture>> skipped because it is a class template
[INFO ]      hash<opencascade::handle<Image_Texture>> skipped because it is a class template
[INFO ]  ## Processing module InterfaceGraphic
[WARNI]  No file for module InterfaceGraphic. Please check that the module name is part of occt.
[INFO ]  ## Processing module Media
[INFO ]  Class: Media_BufferPool
[WARNI]      [TypeHint] Skipping type AVBufferRef *, should contain _
[INFO ]  Class: Media_CodecContext
[WARNI]      [TypeHint] Skipping type AVCodecContext *, should contain _
[WARNI]      [TypeHint] Skipping type const AVStream &, should contain _
[WARNI]      [TypeHint] Skipping type const AVStream &, should contain _
[INFO ]  Class: Media_FormatContext
[WARNI]      [TypeHint] Skipping type AVFormatContext *, should contain _
[WARNI]      [TypeHint] Skipping type static double, should contain _
[WARNI]      [TypeHint] Skipping unknown type int64_t, int64 not in module list
[WARNI]      [TypeHint] Skipping type const AVRational &, should contain _
[WARNI]      [TypeHint] Skipping type const AVStream &, should contain _
[WARNI]      [TypeHint] Skipping type AVCodecContext *, should contain _
[WARNI]      [TypeHint] Skipping type const AVStream &, should contain _
[WARNI]      [TypeHint] Skipping type static double, should contain _
[WARNI]      [TypeHint] Skipping type const AVStream &, should contain _
[WARNI]      [TypeHint] Skipping type static double, should contain _
[WARNI]      [TypeHint] Skipping type const AVRational &, should contain _
[INFO ]  Class: Media_Frame
[WARNI]      [TypeHint] Skipping unknown type int64_t, int64 not in module list
[WARNI]      [TypeHint] Skipping type AVFrame *, should contain _
[WARNI]      [TypeHint] Skipping type const AVFrame *, should contain _
[WARNI]      [TypeHint] Skipping unknown type uint8_t, uint8 not in module list
[WARNI]      [TypeHint] Skipping type NCollection_Vec2<int, seems to be a template
[INFO ]  Class: Media_IFrameQueue
[INFO ]      Class Media_IFrameQueue is abstract, using %nodefaultctor.
[INFO ]  Class: Media_Packet
[WARNI]      [TypeHint] Skipping unknown type uint8_t, uint8 not in module list
[WARNI]      [TypeHint] Skipping type AVPacket *, should contain _
[WARNI]      [TypeHint] Skipping unknown type uint8_t, uint8 not in module list
[WARNI]      [TypeHint] Skipping unknown type int64_t, int64 not in module list
[WARNI]      [TypeHint] Skipping unknown type int64_t, int64 not in module list
[WARNI]      [TypeHint] Skipping type const AVPacket *, should contain _
[WARNI]      [TypeHint] Skipping unknown type int64_t, int64 not in module list
[INFO ]  Class: Media_PlayerContext
[WARNI]      [TypeHint] Skipping type double &, should contain _
[WARNI]      [TypeHint] Skipping type double &, should contain _
[INFO ]  Class: Media_Scaler
[WARNI]      [TypeHint] Skipping type NCollection_Vec2<int>, seems to be a template
[INFO ]  Class: Media_Timer
[INFO ]  ## Processing module TColQuantity
[WARNI]  No file for module TColQuantity. Please check that the module name is part of occt.
[INFO ]  Processing toolkit TKV3d ===
[INFO ]  ## Processing module AIS
[INFO ]  Enum: AIS_DisplayMode
[INFO ]  Enum: AIS_DragAction
[INFO ]  Enum: AIS_KindOfInteractive
[INFO ]  Enum: AIS_ManipulatorMode
[INFO ]  Enum: AIS_MouseGesture
[INFO ]  Enum: AIS_NavigationMode
[INFO ]  Enum: 
[INFO ]  Enum: AIS_RotationMode
[INFO ]  Enum: 
[INFO ]  Enum: AIS_SelectStatus
[INFO ]  Enum: AIS_SelectionModesConcurrency
[INFO ]  Enum: AIS_SelectionScheme
[INFO ]  Enum: AIS_StatusOfDetection
[INFO ]  Enum: AIS_StatusOfPick
[INFO ]  Enum: AIS_TrihedronSelectionMode
[INFO ]  Enum: AIS_TypeOfAttribute
[INFO ]  Enum: AIS_TypeOfAxis
[INFO ]  Enum: AIS_TypeOfIso
[INFO ]  Enum: AIS_TypeOfPlane
[INFO ]  Enum: AIS_ViewSelectionTool
[INFO ]  Enum: AIS_ViewInputBufferType
[INFO ]  Enum: AIS_WalkTranslation
[INFO ]  Enum: AIS_WalkRotation
[WARNI]  This template type cannot be handled: NCollection_DataMap<opencascade::handle<AIS_InteractiveObject>, opencascade::handle<AIS_GlobalStatus>>
[WARNI]  This template type cannot be handled: NCollection_DataMap<opencascade::handle<AIS_InteractiveObject>, opencascade::handle<AIS_GlobalStatus>>::Iterator
[WARNI]      [TypeHint] Skipping type opencascade::handle, should contain _
[WARNI]      [TypeHint] Skip type TopoDS_Shape,opencascade::handle, because of trailing :
[WARNI]      [TypeHint] Skipping type opencascade::handle, should contain _
[WARNI]      [TypeHint] Skipping type opencascade::handle, should contain _
[WARNI]      [TypeHint] Skipping type opencascade::handle, should contain _
[INFO ]  Class: AIS
[INFO ]  Class: AIS_Animation
[WARNI]      [TypeHint] Skip type NCollection_Sequence<opencascade::handle<AIS_Animation>>, because of trailing :
[WARNI]      [TypeHint] Skipping type virtual double, should contain _
[INFO ]  Class: AIS_AnimationProgress
[INFO ]  Class: AIS_AttributeFilter
[INFO ]      [TypeHint] More than 1 constructor, @overload decorator needed.
[INFO ]  Class: AIS_BadEdgeFilter
[INFO ]  Class: AIS_C0RegularityFilter
[INFO ]  Class: AIS_ColoredDrawer
[WARNI]      [TypeHint] param name missing or '&', skip method type hint
[WARNI]      [TypeHint] param name missing or '&', skip method type hint
[WARNI]      [TypeHint] param name missing or '&', skip method type hint
[INFO ]  Class: AIS_ExclusionFilter
[INFO ]      [TypeHint] More than 1 constructor, @overload decorator needed.
[INFO ]  Class: AIS_GlobalStatus
[INFO ]  Class: AIS_GraphicTool
[INFO ]  Enum passed by reference: Quantity_NameOfColor &aCol changed to Quantity_NameOfColor &OutValue
[INFO ]  Enum passed by reference: Aspect_TypeOfLine &aTyp changed to Aspect_TypeOfLine &OutValue
[INFO ]  Enum passed by reference: Quantity_NameOfColor & aCol changed to Quantity_NameOfColor &OutValue
[INFO ]  Enum passed by reference: Aspect_TypeOfLine & aTyp changed to Aspect_TypeOfLine &OutValue
[INFO ]  Enum passed by reference: Quantity_NameOfColor & aCol changed to Quantity_NameOfColor &OutValue
[WARNI]      [TypeHint] Skipping type double &, should contain _
[WARNI]      [TypeHint] Skipping type static double, should contain _
[INFO ]  Class: AIS_InteractiveContext
[INFO ]      explicitly excluded method AIS_InteractiveContext::1577ccb6ef0339194a1358b684b5f8f5
[INFO ]      explicitly excluded method AIS_InteractiveContext::7429dfca14803f9bf468dc7b65effa76
[WARNI]      [TypeHint] Skip type NCollection_List<opencascade::handle<AIS_InteractiveObject>>, because of trailing :
[WARNI]      [TypeHint] Skip type NCollection_List<opencascade::handle<AIS_InteractiveObject>>, because of trailing :
[WARNI]      [TypeHint] Skip type NCollection_List<opencascade::handle<AIS_InteractiveObject>>, because of trailing :
[WARNI]      [TypeHint] Skip type NCollection_List<opencascade::handle<AIS_InteractiveObject>>, because of trailing :
[WARNI]      [TypeHint] Skip type NCollection_List<opencascade::handle<SelectMgr_Filter>>, because of trailing :
[WARNI]      [TypeHint] param name missing or '&', skip method type hint
[WARNI]      [TypeHint] Skip type NCollection_DataMap<opencascade::handle<AIS_InteractiveObject>,, because of trailing :
[WARNI]      [TypeHint] Skip type NCollection_List<opencascade::handle<AIS_InteractiveObject>>, because of trailing :
[WARNI]      [TypeHint] Skip type NCollection_List<opencascade::handle<AIS_InteractiveObject>>, because of trailing :
[WARNI]      [TypeHint] Skip type NCollection_List<opencascade::handle<AIS_InteractiveObject>>, because of trailing :
[WARNI]      [TypeHint] Skip type NCollection_List<opencascade::handle<AIS_InteractiveObject>>, because of trailing :
[WARNI]      [TypeHint] Skipping type double &, should contain _
[WARNI]      [TypeHint] Skipping type int &, should contain _
[WARNI]      [TypeHint] Skip type NCollection_Array1<opencascade::handle<SelectMgr_EntityOwner>>, because of trailing :
[WARNI]      [TypeHint] Skipping type NCollection_Vec2<int>, seems to be a template
[WARNI]      [TypeHint] Skipping type NCollection_Vec2<int>, seems to be a template
[WARNI]      [TypeHint] Skipping type virtual double, should contain _
[INFO ]  Class: AIS_InteractiveObject
[WARNI]      [TypeHint] Skipping type NCollection_Vec2<int>, seems to be a template
[INFO ]  Class: AIS_LightSourceOwner
[WARNI]      [TypeHint] Skipping type NCollection_Vec2<int>, seems to be a template
[INFO ]  Class: AIS_ManipulatorOwner
[INFO ]  Class: AIS_PointCloudOwner
[INFO ]  Class: AIS_Selection
[WARNI]      [TypeHint] Skip type NCollection_List<opencascade::handle<SelectMgr_EntityOwner>>, because of trailing :
[WARNI]      [TypeHint] Skip type NCollection_Array1<opencascade::handle<SelectMgr_EntityOwner>>, because of trailing :
[INFO ]  Class: AIS_TrihedronOwner
[INFO ]  Class: AIS_TypeFilter
[INFO ]  Class: AIS_ViewController
[WARNI]      [TypeHint] Skipping unknown type size_t, size not in module list
[WARNI]      [TypeHint] Skipping type NCollection_Vec2<int>, seems to be a template
[WARNI]      [TypeHint] Skipping type NCollection_Vec2<int>, seems to be a template
[WARNI]      [TypeHint] Skipping unknown type size_t, size not in module list
[WARNI]      [TypeHint] Skipping type NCollection_Vec2<int>, seems to be a template
[WARNI]      [TypeHint] Skipping type NCollection_Sequence<NCollection_Vec2<int>>, seems to be a template
[WARNI]      [TypeHint] Skipping unknown type WNT_HIDSpaceMouse, WNT not in module list
[WARNI]      [TypeHint] Skipping type NCollection_Vec2<int>, seems to be a template
[WARNI]      [TypeHint] Skipping type NCollection_Vec2<int>, seems to be a template
[WARNI]      [TypeHint] Skipping type NCollection_Vec2<int>, seems to be a template
[WARNI]      [TypeHint] Skipping type NCollection_Vec2<int>, seems to be a template
[WARNI]      [TypeHint] Skipping type NCollection_Vec2<int>, seems to be a template
[WARNI]      [TypeHint] Skipping unknown type size_t, size not in module list
[INFO ]  Class: AIS_ViewCubeOwner
[WARNI]      [TypeHint] Skipping type NCollection_Vec2<int>, seems to be a template
[INFO ]  Class: AIS_ViewCubeSensitive
[INFO ]  Class: AIS_ViewInputBuffer
[INFO ]      Wrap nested class AIS_ViewInputBuffer::_orientation
[INFO ]      Wrap nested class AIS_ViewInputBuffer::_highlighting
[INFO ]      Wrap nested class AIS_ViewInputBuffer::_selection
[INFO ]      Wrap nested class AIS_ViewInputBuffer::_panningParams
[INFO ]      Wrap nested class AIS_ViewInputBuffer::_draggingParams
[INFO ]      Wrap nested class AIS_ViewInputBuffer::_orbitRotation
[INFO ]      Wrap nested class AIS_ViewInputBuffer::_viewRotation
[INFO ]      Wrap nested class AIS_ViewInputBuffer::_zrotateParams
[INFO ]  Class: AIS_WalkDelta
[INFO ]      operand [] cannot be wrapped
[INFO ]      operand [] cannot be wrapped
[INFO ]      operand [] cannot be wrapped
[INFO ]      operand [] cannot be wrapped
[INFO ]  Class: AIS_WalkPart
[INFO ]  Class: AIS_AnimationCamera
[INFO ]  Class: AIS_Axis
[INFO ]      [TypeHint] More than 1 constructor, @overload decorator needed.
[INFO ]  Class: AIS_BaseAnimationObject
[INFO ]  Class: AIS_CameraFrustum
[INFO ]  Enum: SelectionMode
[INFO ]  Class: AIS_Circle
[INFO ]      [TypeHint] More than 1 constructor, @overload decorator needed.
[WARNI]      [TypeHint] Skipping type double &, should contain _
[INFO ]  Class: AIS_ColorScale
[WARNI]      [TypeHint] param name missing or '&', skip method type hint
[WARNI]      [TypeHint] param name missing or '&', skip method type hint
[WARNI]      [TypeHint] Skipping type NCollection_Vec3<double>, seems to be a template
[WARNI]      [TypeHint] Skipping type NCollection_Sequence<Quantity_Color>, seems to be a template
[WARNI]      [TypeHint] Skipping type NCollection_Sequence<Quantity_Color>, seems to be a template
[WARNI]      [TypeHint] Skipping type double &, should contain _
[WARNI]      [TypeHint] Skipping type double &, should contain _
[WARNI]      [TypeHint] Skipping type int &, should contain _
[WARNI]      [TypeHint] Skipping type double &, should contain _
[WARNI]      [TypeHint] Skipping type NCollection_Sequence<Quantity_Color, seems to be a template
[WARNI]      [TypeHint] Skipping type NCollection_Sequence<Quantity_Color>, seems to be a template
[WARNI]      [TypeHint] Skipping type int &, should contain _
[WARNI]      [TypeHint] Skipping type static double, should contain _
[INFO ]  Class: AIS_ConnectedInteractive
[INFO ]  Class: AIS_LightSource
[INFO ]  Class: AIS_Line
[INFO ]      [TypeHint] More than 1 constructor, @overload decorator needed.
[INFO ]  Class: AIS_Manipulator
[INFO ]      Wrap nested class AIS_Manipulator::OptionsForAttach
[INFO ]      Wrap nested class AIS_Manipulator::BehaviorOnTransform
[INFO ]      Wrap nested class AIS_Manipulator::Quadric
[INFO ]      Wrap nested class AIS_Manipulator::Disk
[INFO ]      Wrap nested class AIS_Manipulator::Sphere
[INFO ]      Wrap nested class AIS_Manipulator::Cube
[INFO ]      Wrap nested class AIS_Manipulator::Sector
[INFO ]      Wrap nested class AIS_Manipulator::Axis
[INFO ]  Enum: ManipulatorSkin
[INFO ]      explicitly excluded method AIS_Manipulator::841cdb219aa06b5c11138fd5c8a858a8
[INFO ]      explicitly excluded method AIS_Manipulator::4a35ac933128e2da31584f0f5503f474
[INFO ]      explicitly excluded method AIS_Manipulator::ab6bcbd24f4e065826aed35bfe842b35
[INFO ]      [TypeHint] More than 1 constructor, @overload decorator needed.
[WARNI]      [TypeHint] Skipping type OptionsForAttach, should contain _
[WARNI]      [TypeHint] Skip type NCollection_HSequence<opencascade::handle<AIS_InteractiveObject, because of trailing :
[WARNI]      [TypeHint] Skip type NCollection_Sequence<opencascade::handle<SelectMgr_EntityOwner>>, because of trailing :
[WARNI]      [TypeHint] Skip type NCollection_HSequence<opencascade::handle<AIS_InteractiveObject, because of trailing :
[WARNI]      [TypeHint] Skipping type NCollection_Vec2<int>, seems to be a template
[WARNI]      [TypeHint] Skipping type ManipulatorSkin, should contain _
[WARNI]      [TypeHint] Skip type AIS_Manipulator::ManipulatorSkin, because of trailing :
[INFO ]  Class: AIS_MediaPlayer
[WARNI]      [TypeHint] Skipping type NCollection_Vec2<int>, seems to be a template
[WARNI]      [TypeHint] Skip type Graphic3d_MediaTextureSet::CallbackOnUpdate_t, because of trailing :
[INFO ]  Class: AIS_MultipleConnectedInteractive
[INFO ]  Class: AIS_Plane
[INFO ]      [TypeHint] More than 1 constructor, @overload decorator needed.
[WARNI]      [TypeHint] Skipping type double &, should contain _
[INFO ]  Class: AIS_PlaneTrihedron
[INFO ]  Class: AIS_Point
[INFO ]  Class: AIS_PointCloud
[INFO ]  Enum: DisplayMode
[INFO ]  Enum: SelectionMode
[INFO ]  Class: AIS_RubberBand
[INFO ]      [TypeHint] More than 1 constructor, @overload decorator needed.
[WARNI]      [TypeHint] Skipping type NCollection_Vec2<int>, seems to be a template
[WARNI]      [TypeHint] Skipping type NCollection_Sequence<NCollection_Vec2<int>>, seems to be a template
[INFO ]  Class: AIS_Shape
[WARNI]      [TypeHint] Skipping type double &, should contain _
[WARNI]      [TypeHint] Skipping type double &, should contain _
[INFO ]  Class: AIS_SignatureFilter
[INFO ]  Class: AIS_TextLabel
[WARNI]      [TypeHint] Skipping unknown type Font_FontAspect, Font not in module list
[WARNI]      [TypeHint] Skipping unknown type Font_FontAspect, Font not in module list
[WARNI]      [TypeHint] param name missing or '&', skip method type hint
[WARNI]      [TypeHint] Skipping unknown type Font_TextFormatter, Font not in module list
[WARNI]      [TypeHint] Skipping unknown type Font_TextFormatter, Font not in module list
[INFO ]  Class: AIS_Triangulation
[INFO ]  Class: AIS_Trihedron
[WARNI]      [TypeHint] Skip type NCollection_Sequence<opencascade::handle<SelectMgr_EntityOwner>>, because of trailing :
[INFO ]  Class: AIS_ViewCube
[WARNI]      [TypeHint] Skip type NCollection_Sequence<opencascade::handle<SelectMgr_EntityOwner>>, because of trailing :
[INFO ]  Class: AIS_XRTrackedDevice
[INFO ]      [TypeHint] More than 1 constructor, @overload decorator needed.
[INFO ]  Class: AIS_AnimationAxisRotation
[INFO ]  Class: AIS_AnimationObject
[INFO ]  Class: AIS_ColoredShape
[INFO ]      [TypeHint] More than 1 constructor, @overload decorator needed.
[WARNI]      [TypeHint] Skipping type NCollection_DataMap<TopoDS_Shape,, seems to be a template
[WARNI]      [TypeHint] Skipping type NCollection_DataMap<TopoDS_Shape,, seems to be a template
[INFO ]  Class: AIS_TexturedShape
[INFO ]      explicitly excluded method AIS_TexturedShape::114e08cd007a05317c4fddbdb280d5bb
[INFO ]      explicitly excluded method AIS_TexturedShape::14c3925f69fd381f1aa2bd93b9987502
[INFO ]  ## Processing module DsgPrs
[INFO ]  Enum: DsgPrs_ArrowSide
[INFO ]  ## Processing module Prs3d
[INFO ]  Enum: Prs3d_DatumAttribute
[INFO ]  Enum: 
[INFO ]  Enum: Prs3d_DatumAxes
[INFO ]  Enum: Prs3d_DatumMode
[INFO ]  Enum: Prs3d_DatumParts
[INFO ]  Enum: 
[INFO ]  Enum: Prs3d_DimensionArrowOrientation
[INFO ]  Enum: Prs3d_DimensionTextHorizontalPosition
[INFO ]  Enum: Prs3d_DimensionTextVerticalPosition
[INFO ]  Enum: Prs3d_TypeOfHLR
[INFO ]  Enum: Prs3d_TypeOfHighlight
[INFO ]  Enum: Prs3d_TypeOfLinePicking
[INFO ]  Enum: Prs3d_VertexDrawMode
[WARNI]      [TypeHint] Skipping type opencascade::handle, should contain _
[INFO ]  Class: Prs3d
[WARNI]      [TypeHint] Skip type NCollection_List<opencascade::handle<TColgp_HSequenceOfPnt>, because of trailing :
[WARNI]      [TypeHint] Skipping type static double, should contain _
[WARNI]      [TypeHint] Skipping type NCollection_Vec3<double>, seems to be a template
[WARNI]      [TypeHint] Skipping type static double, should contain _
[WARNI]      [TypeHint] Skipping type double &, should contain _
[WARNI]      [TypeHint] Skip type NCollection_List<opencascade::handle<TColgp_HSequenceOfPnt>, because of trailing :
[INFO ]  Class: Prs3d_Arrow
[INFO ]  Class: Prs3d_BasicAspect
[INFO ]      Class Prs3d_BasicAspect is abstract, using %nodefaultctor.
[INFO ]  Class: Prs3d_DimensionUnits
[INFO ]      [TypeHint] More than 1 constructor, @overload decorator needed.
[INFO ]  Class: Prs3d_Drawer
[INFO ]      Prs3d_Point skipped because it is a class template
[INFO ]  Class: Prs3d_PresentationShadow
[INFO ]  Class: Prs3d_Root
[INFO ]  Class: Prs3d_Text
[INFO ]  Class: Prs3d_ToolQuadric
[INFO ]      Class Prs3d_ToolQuadric is abstract, using %nodefaultctor.
[INFO ]  Class: Prs3d_ArrowAspect
[INFO ]      [TypeHint] More than 1 constructor, @overload decorator needed.
[INFO ]  Class: Prs3d_BndBox
[INFO ]  Class: Prs3d_DatumAspect
[INFO ]  Class: Prs3d_DimensionAspect
[INFO ]  Class: Prs3d_LineAspect
[INFO ]      [TypeHint] More than 1 constructor, @overload decorator needed.
[INFO ]  Class: Prs3d_PlaneAspect
[INFO ]  Class: Prs3d_PointAspect
[INFO ]      [TypeHint] More than 1 constructor, @overload decorator needed.
[WARNI]      [TypeHint] Skipping type int &, should contain _
[INFO ]  Class: Prs3d_ShadingAspect
[INFO ]      [TypeHint] More than 1 constructor, @overload decorator needed.
[INFO ]  Class: Prs3d_TextAspect
[INFO ]      [TypeHint] More than 1 constructor, @overload decorator needed.
[INFO ]  Class: Prs3d_ToolCylinder
[INFO ]  Class: Prs3d_ToolDisk
[INFO ]  Class: Prs3d_ToolSector
[INFO ]  Class: Prs3d_ToolSphere
[INFO ]  Class: Prs3d_ToolTorus
[INFO ]      [TypeHint] More than 1 constructor, @overload decorator needed.
[INFO ]  Class: Prs3d_IsoAspect
[INFO ]  ## Processing module PrsDim
[INFO ]  Enum: PrsDim_DimensionSelectionMode
[INFO ]  Enum: PrsDim_DisplaySpecialSymbol
[INFO ]  Enum: PrsDim_KindOfDimension
[INFO ]  Enum: PrsDim_KindOfRelation
[INFO ]  Enum: PrsDim_KindOfSurface
[INFO ]  Enum: PrsDim_TypeOfAngle
[INFO ]  Enum: PrsDim_TypeOfAngleArrowVisibility
[INFO ]  Enum: PrsDim_TypeOfDist
[INFO ]  Class: PrsDim
[WARNI]      [TypeHint] Skipping type int &, should contain _
[WARNI]      [TypeHint] Skipping type static double, should contain _
[INFO ]  Enum passed by reference: PrsDim_KindOfSurface &aSurfType changed to PrsDim_KindOfSurface &OutValue
[INFO ]  Enum passed by reference: PrsDim_KindOfSurface & aSurfType changed to PrsDim_KindOfSurface &OutValue
[INFO ]  Enum passed by reference: PrsDim_KindOfSurface & aSurfType changed to PrsDim_KindOfSurface &OutValue
[WARNI]      [TypeHint] Skipping type double &, should contain _
[INFO ]  Enum passed by reference: PrsDim_KindOfSurface &aSurfaceType changed to PrsDim_KindOfSurface &OutValue
[INFO ]  Enum passed by reference: PrsDim_KindOfSurface & aSurfaceType changed to PrsDim_KindOfSurface &OutValue
[INFO ]  Enum passed by reference: PrsDim_KindOfSurface & aSurfaceType changed to PrsDim_KindOfSurface &OutValue
[WARNI]      [TypeHint] Skipping type double &, should contain _
[INFO ]  Class: PrsDim_Dimension
[INFO ]      Wrap nested class PrsDim_Dimension::SelectionGeometry
[INFO ]  Enum: ComputeMode
[INFO ]      explicitly excluded method PrsDim_Dimension::8ab9cd206b10624276640f7c3b737839
[WARNI]      [TypeHint] param name missing or '&', skip method type hint
[WARNI]      [TypeHint] param name missing or '&', skip method type hint
[WARNI]      [TypeHint] Skipping unknown type char16_t, char16 not in module list
[WARNI]      [TypeHint] param name missing or '&', skip method type hint
[WARNI]      [TypeHint] Skipping unknown type char16_t, char16 not in module list
[INFO ]  Class: PrsDim_DimensionOwner
[INFO ]  Class: PrsDim_Relation
[INFO ]  Class: PrsDim_AngleDimension
[INFO ]      [TypeHint] More than 1 constructor, @overload decorator needed.
[INFO ]  Class: PrsDim_Chamf2dDimension
[INFO ]      [TypeHint] More than 1 constructor, @overload decorator needed.
[INFO ]  Class: PrsDim_Chamf3dDimension
[INFO ]      [TypeHint] More than 1 constructor, @overload decorator needed.
[INFO ]  Class: PrsDim_ConcentricRelation
[INFO ]  Class: PrsDim_DiameterDimension
[INFO ]      [TypeHint] More than 1 constructor, @overload decorator needed.
[INFO ]  Class: PrsDim_EllipseRadiusDimension
[INFO ]  Class: PrsDim_EqualDistanceRelation
[INFO ]  Enum passed by reference: DsgPrs_ArrowSide &SymbolPrs changed to DsgPrs_ArrowSide &OutValue
[INFO ]  Enum passed by reference: DsgPrs_ArrowSide & SymbolPrs changed to DsgPrs_ArrowSide &OutValue
[INFO ]  Enum passed by reference: DsgPrs_ArrowSide & SymbolPrs changed to DsgPrs_ArrowSide &OutValue
[INFO ]  Enum passed by reference: DsgPrs_ArrowSide &SymbolPrs changed to DsgPrs_ArrowSide &OutValue
[INFO ]  Enum passed by reference: DsgPrs_ArrowSide & SymbolPrs changed to DsgPrs_ArrowSide &OutValue
[INFO ]  Enum passed by reference: DsgPrs_ArrowSide & SymbolPrs changed to DsgPrs_ArrowSide &OutValue
[INFO ]  Enum passed by reference: DsgPrs_ArrowSide &SymbolPrs changed to DsgPrs_ArrowSide &OutValue
[INFO ]  Enum passed by reference: DsgPrs_ArrowSide & SymbolPrs changed to DsgPrs_ArrowSide &OutValue
[INFO ]  Enum passed by reference: DsgPrs_ArrowSide & SymbolPrs changed to DsgPrs_ArrowSide &OutValue
[INFO ]  Class: PrsDim_EqualRadiusRelation
[INFO ]  Class: PrsDim_FixRelation
[INFO ]      [TypeHint] More than 1 constructor, @overload decorator needed.
[INFO ]  Class: PrsDim_IdenticRelation
[INFO ]  Class: PrsDim_LengthDimension
[INFO ]      [TypeHint] More than 1 constructor, @overload decorator needed.
[INFO ]  Class: PrsDim_MidPointRelation
[INFO ]  Class: PrsDim_OffsetDimension
[INFO ]  Class: PrsDim_ParallelRelation
[INFO ]      [TypeHint] More than 1 constructor, @overload decorator needed.
[INFO ]  Class: PrsDim_PerpendicularRelation
[INFO ]      [TypeHint] More than 1 constructor, @overload decorator needed.
[INFO ]  Class: PrsDim_RadiusDimension
[INFO ]      [TypeHint] More than 1 constructor, @overload decorator needed.
[INFO ]  Class: PrsDim_SymmetricRelation
[INFO ]  Class: PrsDim_TangentRelation
[INFO ]  Class: PrsDim_MaxRadiusDimension
[INFO ]      [TypeHint] More than 1 constructor, @overload decorator needed.
[INFO ]  Class: PrsDim_MinRadiusDimension
[INFO ]      [TypeHint] More than 1 constructor, @overload decorator needed.
[INFO ]  ## Processing module PrsMgr
[INFO ]  Enum: PrsMgr_DisplayStatus
[INFO ]  Enum: PrsMgr_TypeOfPresentation3d
[WARNI]      [TypeHint] Skipping type opencascade::handle, should contain _
[INFO ]  Class: PrsMgr_PresentableObject
[INFO ]      Class PrsMgr_PresentableObject is abstract, using %nodefaultctor.
[WARNI]      [TypeHint] Skip type NCollection_List<opencascade::handle<PrsMgr_PresentableObject>>, because of trailing :
[WARNI]      [TypeHint] Skipping type int &, should contain _
[WARNI]      [TypeHint] Skip type NCollection_Sequence<opencascade::handle<PrsMgr_Presentation>>, because of trailing :
[WARNI]      [TypeHint] Skipping type virtual double, should contain _
[INFO ]  Class: PrsMgr_Presentation
[INFO ]  Class: PrsMgr_PresentationManager
[INFO ]  ## Processing module Select3D
[INFO ]  Enum: Select3D_TypeOfSensitivity
[INFO ]  Class: Select3D_BVHIndexBuffer
[INFO ]  Class: Select3D_Pnt
[INFO ]      [TypeHint] More than 1 constructor, @overload decorator needed.
[INFO ]      operand gp_Pnt cannot be wrapped
[INFO ]      operand gp_XYZ cannot be wrapped
[INFO ]      operand = cannot be wrapped
[INFO ]  Class: Select3D_PointData
[INFO ]  Class: Select3D_SensitiveBox
[INFO ]      explicitly excluded method Select3D_SensitiveBox::d063d786782f9c4237f2859ea9adc264
[INFO ]      [TypeHint] More than 1 constructor, @overload decorator needed.
[INFO ]  Class: Select3D_SensitiveCylinder
[INFO ]  Class: Select3D_SensitiveFace
[INFO ]      [TypeHint] More than 1 constructor, @overload decorator needed.
[INFO ]  Class: Select3D_SensitivePoint
[INFO ]  Class: Select3D_SensitiveSegment
[INFO ]  Class: Select3D_SensitiveSphere
[INFO ]  Class: Select3D_SensitiveTriangle
[INFO ]  Class: Select3D_InteriorSensitivePointSet
[INFO ]  Class: Select3D_SensitiveGroup
[INFO ]      [TypeHint] More than 1 constructor, @overload decorator needed.
[WARNI]      [TypeHint] Skip type NCollection_Sequence<opencascade::handle<Select3D_SensitiveEntity>>, because of trailing :
[WARNI]      [TypeHint] Skip type NCollection_Sequence<opencascade::handle<Select3D_SensitiveEntity>>, because of trailing :
[WARNI]      [TypeHint] Skip type NCollection_IndexedMap<opencascade::handle<Select3D_SensitiveEntity>>, because of trailing :
[INFO ]  Class: Select3D_SensitivePoly
[INFO ]      [TypeHint] More than 1 constructor, @overload decorator needed.
[WARNI]      [TypeHint] Skipping type int &, should contain _
[INFO ]  Class: Select3D_SensitivePrimitiveArray
[INFO ]  Class: Select3D_SensitiveWire
[WARNI]      [TypeHint] Skip type NCollection_DynamicArray<opencascade::handle<Select3D_SensitiveEntity>>, because of trailing :
[INFO ]  Class: Select3D_SensitiveCurve
[INFO ]      [TypeHint] More than 1 constructor, @overload decorator needed.
[INFO ]  ## Processing module SelectBasics
[INFO ]  Class: SelectBasics
[INFO ]  Class: SelectBasics_PickResult
[INFO ]      [TypeHint] More than 1 constructor, @overload decorator needed.
[INFO ]  Class: SelectBasics_SelectingVolumeManager
[INFO ]      Class SelectBasics_SelectingVolumeManager is abstract, using %nodefaultctor.
[INFO ]      Constructor skipped for abstract class SelectBasics_SelectingVolumeManager
[WARNI]      [TypeHint] Skipping type virtual double, should contain _
[WARNI]      [TypeHint] Skipping type NCollection_DynamicArray<NCollection_Vec4<double>>, seems to be a template
[WARNI]      [TypeHint] Skipping type NCollection_Vec3<double>, seems to be a template
[WARNI]      [TypeHint] Skipping type NCollection_Vec3<double>, seems to be a template
[WARNI]      [TypeHint] Skipping type NCollection_Vec3<double>, seems to be a template
[WARNI]      [TypeHint] Skipping type NCollection_Vec3<double>, seems to be a template
[INFO ]  ## Processing module SelectMgr
[INFO ]  Enum: SelectMgr_FilterType
[INFO ]  Enum: SelectMgr_PickingStrategy
[INFO ]  Enum: SelectMgr_SelectionType
[INFO ]  Enum: SelectMgr_StateOfSelection
[INFO ]  Enum: SelectMgr_TypeOfBVHUpdate
[INFO ]  Enum: SelectMgr_TypeOfDepthTolerance
[INFO ]  Enum: SelectMgr_TypeOfUpdate
[WARNI]      [TypeHint] Skipping type opencascade::handle, should contain _
[WARNI]      [TypeHint] Skipping type opencascade::handle, should contain _
[WARNI]      [TypeHint] Skipping type opencascade::handle, should contain _
[INFO ]  Class: SelectMgr
[INFO ]  Class: SelectMgr_BVHThreadPool
[INFO ]      Wrap nested class SelectMgr_BVHThreadPool::BVHThread
[INFO ]      Wrap nested class SelectMgr_BVHThreadPool::Sentry
[WARNI]      [TypeHint] Skipping type NCollection_Array1<BVHThread>, seems to be a template
[INFO ]  Class: SelectMgr_BaseIntersector
[INFO ]      Class SelectMgr_BaseIntersector is abstract, using %nodefaultctor.
[INFO ]      Constructor skipped for abstract class SelectMgr_BaseIntersector
[WARNI]      [TypeHint] Skipping type virtual double, should contain _
[WARNI]      [TypeHint] Skipping type NCollection_DynamicArray<NCollection_Vec4<double>>, seems to be a template
[WARNI]      [TypeHint] Skipping type NCollection_Vec3<double>, seems to be a template
[WARNI]      [TypeHint] Skipping type NCollection_Vec3<double>, seems to be a template
[WARNI]      [TypeHint] Skipping type double &, should contain _
[WARNI]      [TypeHint] Skipping type double &, should contain _
[WARNI]      [TypeHint] Skipping type double &, should contain _
[WARNI]      [TypeHint] Skipping type int &, should contain _
[INFO ]  Class: SelectMgr_EntityOwner
[INFO ]      explicitly excluded method SelectMgr_EntityOwner::d609398d701e140c09d1bf60fb35689d
[INFO ]      [TypeHint] More than 1 constructor, @overload decorator needed.
[WARNI]      [TypeHint] Skipping type NCollection_Vec2<int>, seems to be a template
[INFO ]  Class: SelectMgr_Filter
[INFO ]      Class SelectMgr_Filter is abstract, using %nodefaultctor.
[INFO ]  Class: SelectMgr_FrustumBuilder
[WARNI]      [TypeHint] Skipping type const double &, should contain _
[WARNI]      [TypeHint] Skipping type NCollection_Vec3<double>, seems to be a template
[WARNI]      [TypeHint] Skipping type int &, should contain _
[INFO ]  Class: SelectMgr_SelectableObject
[INFO ]      Class SelectMgr_SelectableObject is abstract, using %nodefaultctor.
[WARNI]      [TypeHint] Skip type NCollection_Shared<NCollection_IndexedMap<opencascade::handle<SelectMgr_EntityOwner, because of trailing :
[WARNI]      [TypeHint] Skip type NCollection_Sequence<opencascade::handle<SelectMgr_EntityOwner>>, because of trailing :
[WARNI]      [TypeHint] Skip type NCollection_Sequence<opencascade::handle<SelectMgr_Selection>>, because of trailing :
[INFO ]  Class: SelectMgr_SelectableObjectSet
[INFO ]      Wrap nested class SelectMgr_SelectableObjectSet::Iterator
[INFO ]  Enum: BVHSubset
[WARNI]      [TypeHint] Skipping type BVH_Tree<double,, seems to be a template
[WARNI]      [TypeHint] Skipping type BVHSubset, should contain _
[WARNI]      [TypeHint] Skipping type BVHSubset, should contain _
[WARNI]      [TypeHint] Skipping type BVHSubset, should contain _
[WARNI]      [TypeHint] Skipping type NCollection_Vec2<int>, seems to be a template
[INFO ]  Class: SelectMgr_SelectingVolumeManager
[WARNI]      [TypeHint] Skipping type NCollection_DynamicArray<NCollection_Vec4<double>>, seems to be a template
[WARNI]      [TypeHint] Skipping type NCollection_Vec3<double>, seems to be a template
[WARNI]      [TypeHint] Skipping type NCollection_Vec3<double>, seems to be a template
[WARNI]      [TypeHint] Skipping type int &, should contain _
[INFO ]  Class: SelectMgr_Selection
[WARNI]      [TypeHint] Skip type NCollection_DynamicArray<opencascade::handle<SelectMgr_SensitiveEntity>>, because of trailing :
[WARNI]      [TypeHint] Skip type NCollection_DynamicArray<opencascade::handle<SelectMgr_SensitiveEntity>>, because of trailing :
[INFO ]  Class: SelectMgr_SelectionImageFiller
[INFO ]      Class SelectMgr_SelectionImageFiller is abstract, using %nodefaultctor.
[INFO ]      explicitly excluded method SelectMgr_SelectionImageFiller::9a462c89538a7db8180731a96de00638
[INFO ]      Constructor skipped for abstract class SelectMgr_SelectionImageFiller
[INFO ]  Class: SelectMgr_SelectionManager
[INFO ]  Class: SelectMgr_SensitiveEntity
[INFO ]  Class: SelectMgr_SensitiveEntitySet
[WARNI]      [TypeHint] Skip type NCollection_IndexedMap<opencascade::handle<SelectMgr_SensitiveEntity>>, because of trailing :
[INFO ]  Class: SelectMgr_SortCriterion
[INFO ]  Class: SelectMgr_ToleranceMap
[INFO ]  Class: SelectMgr_ViewClipRange
[WARNI]      [TypeHint] Skipping type double &, should contain _
[INFO ]  Class: SelectMgr_ViewerSelector
[INFO ]      explicitly excluded method SelectMgr_ViewerSelector::8223934b55bc6855cd7e4923f8e176c4
[WARNI]      [TypeHint] Skip type NCollection_List<opencascade::handle<SelectMgr_EntityOwner>>, because of trailing :
[INFO ]  Class: SelectMgr_AxisIntersector
[WARNI]      [TypeHint] Skipping type NCollection_Vec3<double>, seems to be a template
[WARNI]      [TypeHint] Skipping type NCollection_Vec3<double>, seems to be a template
[INFO ]  Class: SelectMgr_CompositionFilter
[WARNI]      [TypeHint] Skip type NCollection_List<opencascade::handle<SelectMgr_Filter>>, because of trailing :
[INFO ]  Class: SelectMgr_AndFilter
[INFO ]  Class: SelectMgr_AndOrFilter
[WARNI]      [TypeHint] Skipping type NCollection_Shared<NCollection_Map<const, seems to be a template
[INFO ]  Class: SelectMgr_OrFilter
[INFO ]  ## Processing module StdPrs
[INFO ]  Enum: StdPrs_Volume
[INFO ]  Class: StdPrs_BRepFont
[INFO ]      [TypeHint] More than 1 constructor, @overload decorator needed.
[WARNI]      [TypeHint] Skipping unknown type Font_FontAspect, Font not in module list
[WARNI]      [TypeHint] Skipping unknown type char32_t, char32 not in module list
[WARNI]      [TypeHint] Skipping unknown type char32_t, char32 not in module list
[WARNI]      [TypeHint] Skipping unknown type char32_t, char32 not in module list
[WARNI]      [TypeHint] Skipping unknown type char32_t, char32 not in module list
[WARNI]      [TypeHint] Skipping unknown type Font_FTFont, Font not in module list
[WARNI]      [TypeHint] Skipping unknown type Font_FontAspect, Font not in module list
[WARNI]      [TypeHint] Skipping unknown type Font_FontAspect, Font not in module list
[WARNI]      [TypeHint] Skipping unknown type Font_FontAspect, Font not in module list
[WARNI]      [TypeHint] Skipping type std::mutex &, should contain _
[WARNI]      [TypeHint] Skipping unknown type char32_t, char32 not in module list
[INFO ]  Class: StdPrs_BRepTextBuilder
[WARNI]      [TypeHint] Skipping unknown type Font_TextFormatter, Font not in module list
[INFO ]  Class: StdPrs_Curve
[INFO ]  Class: StdPrs_HLRShapeI
[INFO ]      Class StdPrs_HLRShapeI is abstract, using %nodefaultctor.
[INFO ]  Class: StdPrs_HLRToolShape
[WARNI]      [TypeHint] Skipping type double &, should contain _
[WARNI]      [TypeHint] Skipping type double &, should contain _
[INFO ]  Class: StdPrs_Isolines
[INFO ]      Wrap nested class StdPrs_Isolines::PntOnIso
[INFO ]      Wrap nested class StdPrs_Isolines::SegOnIso
[WARNI]      [TypeHint] Skip type NCollection_List<opencascade::handle<TColgp_HSequenceOfPnt>, because of trailing :
[WARNI]      [TypeHint] Skip type NCollection_List<opencascade::handle<TColgp_HSequenceOfPnt>, because of trailing :
[WARNI]      [TypeHint] Skip type NCollection_List<opencascade::handle<TColgp_HSequenceOfPnt>, because of trailing :
[WARNI]      [TypeHint] Skipping type double &, should contain _
[INFO ]  Class: StdPrs_Plane
[INFO ]  Class: StdPrs_PoleCurve
[INFO ]  Class: StdPrs_ShadedShape
[INFO ]  Class: StdPrs_ShadedSurface
[INFO ]  Class: StdPrs_ShapeTool
[INFO ]  Class: StdPrs_ToolPoint
[WARNI]      [TypeHint] Skipping type double &, should contain _
[INFO ]  Class: StdPrs_ToolRFace
[INFO ]      [TypeHint] More than 1 constructor, @overload decorator needed.
[WARNI]  const Adaptor2d_Curve2d & wrapped as a copy
[WARNI]  const Adaptor2d_Curve2d & wrapped as a copy
[INFO ]  Class: StdPrs_ToolTriangulatedShape
[WARNI]      [TypeHint] Skipping type static double, should contain _
[INFO ]  Class: StdPrs_ToolVertex
[WARNI]      [TypeHint] Skipping type double &, should contain _
[INFO ]  Class: StdPrs_WFDeflectionRestrictedFace
[WARNI]      [TypeHint] Skip type NCollection_List<opencascade::handle<TColgp_HSequenceOfPnt>, because of trailing :
[INFO ]  Class: StdPrs_WFDeflectionSurface
[INFO ]  Class: StdPrs_WFPoleSurface
[INFO ]  Class: StdPrs_WFRestrictedFace
[WARNI]      [TypeHint] Skip type NCollection_List<opencascade::handle<TColgp_HSequenceOfPnt>, because of trailing :
[INFO ]  Class: StdPrs_WFShape
[INFO ]  Class: StdPrs_WFSurface
[INFO ]  Class: StdPrs_HLRPolyShape
[INFO ]  Class: StdPrs_HLRShape
[INFO ]  ## Processing module StdSelect
[INFO ]  Enum: StdSelect_TypeOfEdge
[INFO ]  Enum: StdSelect_TypeOfFace
[INFO ]  Enum: StdSelect_TypeOfSelectionImage
[INFO ]  Class: StdSelect
[INFO ]  Class: StdSelect_BRepOwner
[INFO ]      [TypeHint] More than 1 constructor, @overload decorator needed.
[INFO ]  Class: StdSelect_BRepSelectionTool
[WARNI]      [TypeHint] Skip type NCollection_Sequence<opencascade::handle<Select3D_SensitiveEntity>>, because of trailing :
[INFO ]  Class: StdSelect_EdgeFilter
[INFO ]  Class: StdSelect_FaceFilter
[INFO ]  Class: StdSelect_Shape
[INFO ]  Class: StdSelect_ShapeTypeFilter
[INFO ]  ## Processing module V3d
[INFO ]  Enum: V3d_StereoDumpOptions
[INFO ]  Enum: V3d_TypeOfAxe
[INFO ]  Enum: V3d_TypeOfOrientation
[INFO ]  Enum: V3d_TypeOfView
[INFO ]  Enum: V3d_TypeOfVisualization
[INFO ]  Skip typedef V3d_ViewerPointer because target is a pointer type
[WARNI]      [TypeHint] Skipping type opencascade::handle, should contain _
[INFO ]  Class: V3d
[INFO ]  Enum passed by reference: V3d_TypeOfOrientation &theType changed to V3d_TypeOfOrientation &OutValue
[INFO ]  Enum passed by reference: V3d_TypeOfOrientation & theType changed to V3d_TypeOfOrientation &OutValue
[INFO ]  Enum passed by reference: V3d_TypeOfOrientation & theType changed to V3d_TypeOfOrientation &OutValue
[INFO ]  Class: V3d_AmbientLight
[INFO ]  Class: V3d_CircularGrid
[WARNI]      [TypeHint] Skipping type double &, should contain _
[INFO ]  Class: V3d_Plane
[WARNI]      [TypeHint] Skipping type double &, should contain _
[INFO ]  Class: V3d_PositionLight
[INFO ]  Class: V3d_RectangularGrid
[WARNI]      [TypeHint] Skipping type double &, should contain _
[INFO ]  Class: V3d_Trihedron
[INFO ]  Class: V3d_View
[INFO ]      [TypeHint] More than 1 constructor, @overload decorator needed.
[WARNI]      [TypeHint] Skip type NCollection_List<opencascade::handle<Graphic3d_CLight>>::Iterator, because of trailing :
[WARNI]      [TypeHint] Skip type NCollection_List<opencascade::handle<Graphic3d_CLight>>, because of trailing :
[WARNI]      [TypeHint] Skipping type double &, should contain _
[WARNI]      [TypeHint] Skipping type double &, should contain _
[WARNI]      [TypeHint] Skipping type double &, should contain _
[WARNI]      [TypeHint] Skipping type double &, should contain _
[WARNI]      [TypeHint] Skipping type int &, should contain _
[WARNI]      [TypeHint] Skipping type double &, should contain _
[WARNI]      [TypeHint] Skipping type int &, should contain _
[WARNI]      [TypeHint] Skipping type double &, should contain _
[WARNI]      [TypeHint] Skipping type double &, should contain _
[WARNI]      [TypeHint] Skipping type double &, should contain _
[WARNI]      [TypeHint] Skipping type double &, should contain _
[WARNI]      [TypeHint] Skipping type double &, should contain _
[WARNI]      [TypeHint] Skipping type NCollection_Vec2<int>, seems to be a template
[WARNI]      [TypeHint] Skipping type double &, should contain _
[WARNI]      [TypeHint] Skipping type double &, should contain _
[WARNI]      [TypeHint] Skipping type double &, should contain _
[WARNI]      [TypeHint] Skipping type double &, should contain _
[WARNI]      [TypeHint] Skipping type NCollection_Vec2<double>, seems to be a template
[WARNI]      [TypeHint] Skipping type double &, should contain _
[WARNI]      [TypeHint] Skip type NCollection_Sequence<opencascade::handle<V3d_View>>, because of trailing :
[WARNI]      [TypeHint] Skipping type double &, should contain _
[INFO ]  Class: V3d_Viewer
[WARNI]      [TypeHint] Skip type NCollection_List<opencascade::handle<Graphic3d_CLight>>::Iterator, because of trailing :
[WARNI]      [TypeHint] Skip type NCollection_List<opencascade::handle<Graphic3d_CLight>>, because of trailing :
[WARNI]      [TypeHint] Skip type NCollection_List<opencascade::handle<V3d_View>>::Iterator, because of trailing :
[WARNI]      [TypeHint] Skip type NCollection_List<opencascade::handle<V3d_View>>, because of trailing :
[WARNI]      [TypeHint] Skipping type double &, should contain _
[WARNI]      [TypeHint] Skipping type double &, should contain _
[WARNI]      [TypeHint] Skip type NCollection_List<opencascade::handle<Graphic3d_CLight>>::Iterator, because of trailing :
[WARNI]      [TypeHint] Skip type NCollection_List<opencascade::handle<Graphic3d_CLight>>, because of trailing :
[WARNI]      [TypeHint] Skip type NCollection_List<opencascade::handle<V3d_View>>::Iterator, because of trailing :
[WARNI]      [TypeHint] Skip type NCollection_List<opencascade::handle<V3d_View>>, because of trailing :
[WARNI]      [TypeHint] Skipping type double &, should contain _
[WARNI]      [TypeHint] Skipping type double &, should contain _
[INFO ]  Class: V3d_DirectionalLight
[INFO ]      [TypeHint] More than 1 constructor, @overload decorator needed.
[INFO ]  Class: V3d_PositionalLight
[INFO ]  Class: V3d_SpotLight
[INFO ]      [TypeHint] More than 1 constructor, @overload decorator needed.
[INFO ]  Processing toolkit TKMeshVS ===
[INFO ]  ## Processing module MeshVS
[INFO ]  Enum: 
[INFO ]  Enum: 
[INFO ]  Enum: MeshVS_DrawerAttribute
[INFO ]  Enum: MeshVS_EntityType
[INFO ]  Enum: MeshVS_MeshSelectionMethod
[INFO ]  Enum: MeshVS_SelectionModeFlags
[INFO ]  Skip typedef MeshVS_MeshPtr because target is a pointer type
[WARNI]      [TypeHint] Skipping type int,opencascade::handle, should contain _
[WARNI]      [TypeHint] Skipping unknown type int,TCollection_AsciiString, int,TCollection not in module list
[WARNI]      [TypeHint] Skipping unknown type int,Quantity_Color, int,Quantity not in module list
[WARNI]      [TypeHint] Skipping unknown type int,Graphic3d_MaterialAspect, int,Graphic3d not in module list
[WARNI]      [TypeHint] Skipping type int,opencascade::handle, should contain _
[WARNI]      [TypeHint] Skipping type int,opencascade::handle, should contain _
[WARNI]      [TypeHint] Skipping unknown type int,MeshVS_TwoColors, int,MeshVS not in module list
[WARNI]      [TypeHint] Skipping unknown type int,gp_Vec, int,gp not in module list
[WARNI]      [TypeHint] Skipping type opencascade::handle, should contain _
[INFO ]  Class: MeshVS_Buffer
[INFO ]      [TypeHint] More than 1 constructor, @overload decorator needed.
[WARNI]      [TypeHint] Skipping unknown type size_t, size not in module list
[INFO ]      operand void* cannot be wrapped
[INFO ]      operand double& cannot be wrapped
[INFO ]      operand int& cannot be wrapped
[INFO ]      operand gp_Pnt& cannot be wrapped
[INFO ]  Class: MeshVS_CommonSensitiveEntity
[INFO ]  Class: MeshVS_DataSource
[INFO ]      Class MeshVS_DataSource is abstract, using %nodefaultctor.
[WARNI]      [TypeHint] Skipping type int &, should contain _
[WARNI]      [TypeHint] Skipping type double &, should contain _
[INFO ]  Enum passed by reference: MeshVS_EntityType &Type changed to MeshVS_EntityType &OutValue
[INFO ]  Enum passed by reference: MeshVS_EntityType & Type changed to MeshVS_EntityType &OutValue
[WARNI]      [TypeHint] Skipping type int &, should contain _
[INFO ]  Enum passed by reference: MeshVS_EntityType &Type changed to MeshVS_EntityType &OutValue
[INFO ]  Enum passed by reference: MeshVS_EntityType & Type changed to MeshVS_EntityType &OutValue
[INFO ]  Enum passed by reference: MeshVS_EntityType & Type changed to MeshVS_EntityType &OutValue
[INFO ]  Enum passed by reference: MeshVS_EntityType &Type changed to MeshVS_EntityType &OutValue
[INFO ]  Enum passed by reference: MeshVS_EntityType & Type changed to MeshVS_EntityType &OutValue
[INFO ]  Enum passed by reference: MeshVS_EntityType & Type changed to MeshVS_EntityType &OutValue
[WARNI]      [TypeHint] Skipping type double &, should contain _
[WARNI]      [TypeHint] Skipping type int &, should contain _
[WARNI]      [TypeHint] Skipping type double &, should contain _
[INFO ]  Class: MeshVS_Drawer
[WARNI]      [TypeHint] Skipping type double &, should contain _
[WARNI]      [TypeHint] Skipping type int &, should contain _
[INFO ]  Class: MeshVS_DummySensitiveEntity
[INFO ]  Class: MeshVS_Mesh
[WARNI]      [TypeHint] Skipping type NCollection_DataMap<int,, seems to be a template
[WARNI]      [TypeHint] Skip type NCollection_Sequence<opencascade::handle<SelectMgr_EntityOwner>>, because of trailing :
[INFO ]  Class: MeshVS_MeshEntityOwner
[INFO ]  Class: MeshVS_MeshOwner
[INFO ]  Class: MeshVS_PrsBuilder
[INFO ]      Class MeshVS_PrsBuilder is abstract, using %nodefaultctor.
[INFO ]  Class: MeshVS_SensitiveFace
[INFO ]  Class: MeshVS_SensitiveMesh
[INFO ]  Class: MeshVS_SensitivePolyhedron
[WARNI]      [TypeHint] Skipping type NCollection_HArray1<TColStd_SequenceOfInteger, seems to be a template
[INFO ]  Class: MeshVS_SensitiveQuad
[INFO ]      [TypeHint] More than 1 constructor, @overload decorator needed.
[INFO ]  Class: MeshVS_SensitiveSegment
[INFO ]  Class: MeshVS_SymmetricPairHasher
[INFO ]      operand () cannot be wrapped
[INFO ]      operand () cannot be wrapped
[INFO ]  Class: MeshVS_Tool
[INFO ]  Class: MeshVS_TwoColors
[INFO ]  Class: MeshVS_TwoNodes
[INFO ]      hash<MeshVS_TwoColors> skipped because it is a class template
[INFO ]      hash<MeshVS_TwoNodes> skipped because it is a class template
[INFO ]  Class: MeshVS_DataSource3D
[WARNI]      [TypeHint] Skipping type NCollection_HArray1<TColStd_SequenceOfInteger, seems to be a template
[WARNI]      [TypeHint] Skipping type NCollection_HArray1<TColStd_SequenceOfInteger, seems to be a template
[WARNI]      [TypeHint] Skipping type NCollection_HArray1<TColStd_SequenceOfInteger, seems to be a template
[WARNI]      [TypeHint] Skipping type NCollection_HArray1<TColStd_SequenceOfInteger, seems to be a template
[INFO ]  Class: MeshVS_DeformedDataSource
[WARNI]      [TypeHint] Skipping type int &, should contain _
[INFO ]  Enum passed by reference: MeshVS_EntityType &Type changed to MeshVS_EntityType &OutValue
[INFO ]  Enum passed by reference: MeshVS_EntityType & Type changed to MeshVS_EntityType &OutValue
[WARNI]      [TypeHint] Skipping type int &, should contain _
[INFO ]  Enum passed by reference: MeshVS_EntityType &Type changed to MeshVS_EntityType &OutValue
[INFO ]  Enum passed by reference: MeshVS_EntityType & Type changed to MeshVS_EntityType &OutValue
[INFO ]  Enum passed by reference: MeshVS_EntityType & Type changed to MeshVS_EntityType &OutValue
[WARNI]      [TypeHint] Skipping type int &, should contain _
[WARNI]      [TypeHint] Skipping type NCollection_DataMap<int,, seems to be a template
[WARNI]      [TypeHint] Skipping type NCollection_DataMap<int,, seems to be a template
[INFO ]  Class: MeshVS_ElementalColorPrsBuilder
[WARNI]      [TypeHint] Skipping type NCollection_DataMap<int,, seems to be a template
[WARNI]      [TypeHint] Skipping type NCollection_DataMap<int,, seems to be a template
[WARNI]      [TypeHint] Skipping type NCollection_DataMap<int,, seems to be a template
[WARNI]      [TypeHint] Skipping type NCollection_DataMap<int,, seems to be a template
[INFO ]  Class: MeshVS_MeshPrsBuilder
[WARNI]      [TypeHint] Skipping type NCollection_HArray1<TColStd_SequenceOfInteger, seems to be a template
[WARNI]      [TypeHint] Skipping type NCollection_HArray1<TColStd_SequenceOfInteger, seems to be a template
[INFO ]  Class: MeshVS_NodalColorPrsBuilder
[WARNI]      [TypeHint] Skipping type NCollection_HArray1<TColStd_SequenceOfInteger, seems to be a template
[WARNI]      [TypeHint] Skipping type NCollection_Sequence<Quantity_Color>, seems to be a template
[WARNI]      [TypeHint] Skipping type NCollection_DataMap<int,, seems to be a template
[WARNI]      [TypeHint] Skipping type NCollection_Sequence<Quantity_Color>, seems to be a template
[WARNI]      [TypeHint] Skipping type NCollection_DataMap<int,, seems to be a template
[INFO ]  Class: MeshVS_TextPrsBuilder
[WARNI]      [TypeHint] Skipping type NCollection_DataMap<int,, seems to be a template
[WARNI]      [TypeHint] Skipping type NCollection_DataMap<int,, seems to be a template
[INFO ]  Class: MeshVS_VectorPrsBuilder
[WARNI]      [TypeHint] Skipping type double &, should contain _
[WARNI]      [TypeHint] Skipping type NCollection_DataMap<int,, seems to be a template
[WARNI]      [TypeHint] Skipping type NCollection_DataMap<int,, seems to be a template
[WARNI]      [TypeHint] Skipping type static double, should contain _
[INFO ]  Processing toolkit TKBinXCAF ===
[INFO ]  ## Processing module BinMXCAFDoc
[INFO ]  Class: BinMXCAFDoc
[INFO ]  Class: BinMXCAFDoc_AssemblyItemRefDriver
[INFO ]  Class: BinMXCAFDoc_CentroidDriver
[INFO ]  Class: BinMXCAFDoc_ColorDriver
[INFO ]  Class: BinMXCAFDoc_DatumDriver
[INFO ]  Class: BinMXCAFDoc_DimTolDriver
[INFO ]  Class: BinMXCAFDoc_GraphNodeDriver
[INFO ]  Class: BinMXCAFDoc_LengthUnitDriver
[INFO ]  Class: BinMXCAFDoc_LocationDriver
[INFO ]  Class: BinMXCAFDoc_MaterialDriver
[INFO ]  Class: BinMXCAFDoc_NoteDriver
[INFO ]  Class: BinMXCAFDoc_VisMaterialDriver
[INFO ]  Class: BinMXCAFDoc_VisMaterialToolDriver
[INFO ]  Class: BinMXCAFDoc_NoteBinDataDriver
[INFO ]  Class: BinMXCAFDoc_NoteCommentDriver
[INFO ]  ## Processing module BinXCAFDrivers
[INFO ]  Class: BinXCAFDrivers
[INFO ]  Class: BinXCAFDrivers_DocumentRetrievalDriver
[INFO ]  Class: BinXCAFDrivers_DocumentStorageDriver
[INFO ]  Processing toolkit TKIGES ===
[INFO ]  ## Processing module IGESControl
[INFO ]  Class: IGESControl_ActorWrite
[INFO ]  Class: IGESControl_AlgoContainer
[INFO ]  Class: IGESControl_Controller
[INFO ]  Class: IGESControl_IGESBoundary
[INFO ]      [TypeHint] More than 1 constructor, @overload decorator needed.
[INFO ]  Class: IGESControl_Reader
[INFO ]      [TypeHint] More than 1 constructor, @overload decorator needed.
[INFO ]  Class: IGESControl_ToolContainer
[INFO ]  Class: IGESControl_Writer
[INFO ]      [TypeHint] More than 1 constructor, @overload decorator needed.
[WARNI]      [TypeHint] Skip type XSAlgo_ShapeProcessor::ParameterMap, because of trailing :
[WARNI]      [TypeHint] Skipping type const ShapeProcess::OperationsFlags &, should contain _
[WARNI]      [TypeHint] Skip type XSAlgo_ShapeProcessor::ParameterMap, because of trailing :
[WARNI]      [TypeHint] Skip type XSAlgo_ShapeProcessor::ParameterMap, because of trailing :
[WARNI]      [TypeHint] Skip type XSAlgo_ShapeProcessor::ParameterMap, because of trailing :
[WARNI]      [TypeHint] Skipping type const ShapeProcess::OperationsFlags &, should contain _
[INFO ]  ## Processing module IGESData
[INFO ]  Enum: IGESData_DefList
[INFO ]  Enum: IGESData_DefType
[INFO ]  Enum: IGESData_ReadStage
[INFO ]  Enum: IGESData_Status
[WARNI]      [TypeHint] Skipping type opencascade::handle, should contain _
[WARNI]      [TypeHint] Skipping type opencascade::handle, should contain _
[INFO ]  Class: IGESData
[INFO ]  Class: IGESData_BasicEditor
[INFO ]      [TypeHint] More than 1 constructor, @overload decorator needed.
[WARNI]      [TypeHint] Skipping type static double, should contain _
[INFO ]  Class: IGESData_DefSwitch
[INFO ]  Class: IGESData_DirChecker
[INFO ]      [TypeHint] More than 1 constructor, @overload decorator needed.
[INFO ]  Class: IGESData_DirPart
[WARNI]      [TypeHint] Skipping type int &, should contain _
[INFO ]  Class: IGESData_FileRecognizer
[INFO ]      Class IGESData_FileRecognizer is abstract, using %nodefaultctor.
[INFO ]  Class: IGESData_GeneralModule
[INFO ]      Class IGESData_GeneralModule is abstract, using %nodefaultctor.
[INFO ]  Class: IGESData_GlobalNodeOfSpecificLib
[INFO ]  Class: IGESData_GlobalNodeOfWriterLib
[INFO ]  Class: IGESData_GlobalSection
[WARNI]      [TypeHint] Skipping type char, should contain _
[WARNI]      [TypeHint] Skipping type char, should contain _
[WARNI]      [TypeHint] Skipping type const char, should contain _
[WARNI]      [TypeHint] Skipping type const char, should contain _
[INFO ]  Class: IGESData_IGESDumper
[INFO ]  Class: IGESData_IGESEntity
[INFO ]  Class: IGESData_IGESModel
[INFO ]  Class: IGESData_IGESReaderData
[WARNI]      [TypeHint] Skipping type int &, should contain _
[INFO ]  Class: IGESData_IGESReaderTool
[INFO ]  Class: IGESData_IGESType
[INFO ]      [TypeHint] More than 1 constructor, @overload decorator needed.
[INFO ]  Class: IGESData_IGESWriter
[INFO ]      explicitly excluded method IGESData_IGESWriter::589866becf20444d499fd338a7ad9f08
[INFO ]      explicitly excluded method IGESData_IGESWriter::1b26e87909d2e56aede53edb1d52c382
[INFO ]      explicitly excluded method IGESData_IGESWriter::50f4a4df3ed56bf404f3ec4db55009c7
[INFO ]      explicitly excluded method IGESData_IGESWriter::170d69197d09d8804ca151f2a11497a4
[INFO ]      explicitly excluded method IGESData_IGESWriter::7079b5ac83318434aab3e8cdd5e6ad5c
[INFO ]      explicitly excluded method IGESData_IGESWriter::54f24415f8fed6da601139a5a471b407
[INFO ]      explicitly excluded method IGESData_IGESWriter::f448a83aaba93961554144bc00673627
[INFO ]      [TypeHint] More than 1 constructor, @overload decorator needed.
[WARNI]      [TypeHint] Skipping type int &, should contain _
[INFO ]  Class: IGESData_NodeOfSpecificLib
[INFO ]  Class: IGESData_NodeOfWriterLib
[INFO ]  Class: IGESData_ParamCursor
[INFO ]      [TypeHint] More than 1 constructor, @overload decorator needed.
[INFO ]  Class: IGESData_ParamReader
[INFO ]      explicitly excluded method IGESData_ParamReader::f029d9f677d08c2a3bc0d1629c247231
[INFO ]      explicitly excluded method IGESData_ParamReader::1135fb0fb2cdcdc4ee6d41616512ac82
[INFO ]      explicitly excluded method IGESData_ParamReader::29c43adc5d697c9bd9fc8d4457ed9a1a
[INFO ]      explicitly excluded method IGESData_ParamReader::e69d03f2ed98cf34a9dba0bf6e11f14f
[INFO ]      explicitly excluded method IGESData_ParamReader::ab0db781502db96fa80996ed82d8d542
[INFO ]      explicitly excluded method IGESData_ParamReader::251f5eb9d4eb2a8cb2637455f8d32eb8
[WARNI]      [TypeHint] Skip type NCollection_HArray1<opencascade::handle<IGESData_IGESEntity, because of trailing :
[WARNI]      [TypeHint] Skip type NCollection_HArray1<opencascade::handle<IGESData_IGESEntity, because of trailing :
[WARNI]      [TypeHint] Skipping type int &, should contain _
[WARNI]      [TypeHint] Skipping type int &, should contain _
[WARNI]      [TypeHint] Skipping type double &, should contain _
[WARNI]      [TypeHint] Skipping type double &, should contain _
[WARNI]      [TypeHint] Skipping type int &, should contain _
[WARNI]      [TypeHint] Skipping type int &, should contain _
[WARNI]      [TypeHint] Skipping type double &, should contain _
[WARNI]      [TypeHint] Skipping type double &, should contain _
[INFO ]  Class: IGESData_Protocol
[INFO ]  Class: IGESData_ReadWriteModule
[INFO ]      Class IGESData_ReadWriteModule is abstract, using %nodefaultctor.
[INFO ]  Class: IGESData_SpecificLib
[INFO ]      [TypeHint] More than 1 constructor, @overload decorator needed.
[WARNI]      [TypeHint] Skipping type int &, should contain _
[INFO ]  Class: IGESData_SpecificModule
[INFO ]      Class IGESData_SpecificModule is abstract, using %nodefaultctor.
[INFO ]  Class: IGESData_ToolLocation
[INFO ]  Class: IGESData_WriterLib
[INFO ]      [TypeHint] More than 1 constructor, @overload decorator needed.
[WARNI]      [TypeHint] Skipping type int &, should contain _
[INFO ]  Class: IGESData_ColorEntity
[INFO ]  Class: IGESData_DefaultGeneral
[INFO ]  Class: IGESData_DefaultSpecific
[INFO ]  Class: IGESData_FileProtocol
[INFO ]  Class: IGESData_LabelDisplayEntity
[INFO ]  Class: IGESData_LevelListEntity
[INFO ]      Class IGESData_LevelListEntity is abstract, using %nodefaultctor.
[INFO ]  Class: IGESData_LineFontEntity
[INFO ]  Class: IGESData_NameEntity
[INFO ]      Class IGESData_NameEntity is abstract, using %nodefaultctor.
[INFO ]  Class: IGESData_SingleParentEntity
[INFO ]      Class IGESData_SingleParentEntity is abstract, using %nodefaultctor.
[INFO ]  Class: IGESData_TransfEntity
[INFO ]      Class IGESData_TransfEntity is abstract, using %nodefaultctor.
[INFO ]  Class: IGESData_UndefinedEntity
[INFO ]  Class: IGESData_ViewKindEntity
[INFO ]      Class IGESData_ViewKindEntity is abstract, using %nodefaultctor.
[INFO ]  Class: IGESData_FreeFormatEntity
[WARNI]      [TypeHint] Skip type NCollection_HArray1<opencascade::handle<IGESData_IGESEntity, because of trailing :
[INFO ]  ## Processing module IGESToBRep
[INFO ]  Class: IGESToBRep
[INFO ]  Class: IGESToBRep_Actor
[INFO ]  Class: IGESToBRep_AlgoContainer
[INFO ]  Class: IGESToBRep_CurveAndSurface
[INFO ]      [TypeHint] More than 1 constructor, @overload decorator needed.
[INFO ]  Class: IGESToBRep_IGESBoundary
[INFO ]      [TypeHint] More than 1 constructor, @overload decorator needed.
[WARNI]      [TypeHint] Skip type NCollection_HArray1<opencascade::handle<IGESData_IGESEntity, because of trailing :
[WARNI]      [TypeHint] Skip type NCollection_HArray1<opencascade::handle<IGESData_IGESEntity, because of trailing :
[INFO ]  Class: IGESToBRep_Reader
[WARNI]      [TypeHint] Skip type XSAlgo_ShapeProcessor::ParameterMap, because of trailing :
[WARNI]      [TypeHint] Skipping type const ShapeProcess::OperationsFlags &, should contain _
[WARNI]      [TypeHint] Skip type XSAlgo_ShapeProcessor::ParameterMap, because of trailing :
[WARNI]      [TypeHint] Skip type XSAlgo_ShapeProcessor::ParameterMap, because of trailing :
[WARNI]      [TypeHint] Skip type XSAlgo_ShapeProcessor::ParameterMap, because of trailing :
[WARNI]      [TypeHint] Skipping type const ShapeProcess::OperationsFlags &, should contain _
[INFO ]  Class: IGESToBRep_ToolContainer
[INFO ]  Class: IGESToBRep_BRepEntity
[INFO ]      [TypeHint] More than 1 constructor, @overload decorator needed.
[WARNI]      [TypeHint] Skipping unknown type IGESSolid_EdgeList, IGESSolid not in module list
[WARNI]      [TypeHint] Skipping unknown type IGESSolid_Face, IGESSolid not in module list
[WARNI]      [TypeHint] Skipping unknown type IGESSolid_Loop, IGESSolid not in module list
[WARNI]      [TypeHint] Skipping unknown type IGESSolid_ManifoldSolid, IGESSolid not in module list
[WARNI]      [TypeHint] Skipping unknown type IGESSolid_Shell, IGESSolid not in module list
[WARNI]      [TypeHint] Skipping unknown type IGESSolid_VertexList, IGESSolid not in module list
[INFO ]  Class: IGESToBRep_BasicCurve
[INFO ]      [TypeHint] More than 1 constructor, @overload decorator needed.
[WARNI]      [TypeHint] Skipping unknown type IGESGeom_BSplineCurve, IGESGeom not in module list
[WARNI]      [TypeHint] Skipping unknown type IGESGeom_CircularArc, IGESGeom not in module list
[WARNI]      [TypeHint] Skipping unknown type IGESGeom_ConicArc, IGESGeom not in module list
[WARNI]      [TypeHint] Skipping unknown type IGESGeom_CopiousData, IGESGeom not in module list
[WARNI]      [TypeHint] Skipping unknown type IGESGeom_Line, IGESGeom not in module list
[WARNI]      [TypeHint] Skipping unknown type IGESGeom_SplineCurve, IGESGeom not in module list
[WARNI]      [TypeHint] Skipping unknown type IGESGeom_BSplineCurve, IGESGeom not in module list
[WARNI]      [TypeHint] Skipping unknown type IGESGeom_CircularArc, IGESGeom not in module list
[WARNI]      [TypeHint] Skipping unknown type IGESGeom_ConicArc, IGESGeom not in module list
[WARNI]      [TypeHint] Skipping unknown type IGESGeom_CopiousData, IGESGeom not in module list
[WARNI]      [TypeHint] Skipping unknown type IGESGeom_Line, IGESGeom not in module list
[WARNI]      [TypeHint] Skipping unknown type IGESGeom_SplineCurve, IGESGeom not in module list
[WARNI]      [TypeHint] Skipping unknown type IGESGeom_TransformationMatrix, IGESGeom not in module list
[INFO ]  Class: IGESToBRep_BasicSurface
[INFO ]      [TypeHint] More than 1 constructor, @overload decorator needed.
[WARNI]      [TypeHint] Skipping unknown type IGESGeom_BSplineSurface, IGESGeom not in module list
[WARNI]      [TypeHint] Skipping unknown type IGESSolid_PlaneSurface, IGESSolid not in module list
[WARNI]      [TypeHint] Skipping unknown type IGESSolid_ConicalSurface, IGESSolid not in module list
[WARNI]      [TypeHint] Skipping unknown type IGESSolid_CylindricalSurface, IGESSolid not in module list
[WARNI]      [TypeHint] Skipping unknown type IGESSolid_SphericalSurface, IGESSolid not in module list
[WARNI]      [TypeHint] Skipping unknown type IGESGeom_SplineSurface, IGESGeom not in module list
[WARNI]      [TypeHint] Skipping unknown type IGESSolid_ToroidalSurface, IGESSolid not in module list
[INFO ]  Class: IGESToBRep_TopoCurve
[INFO ]      [TypeHint] More than 1 constructor, @overload decorator needed.
[WARNI]      [TypeHint] Skipping unknown type IGESGeom_CompositeCurve, IGESGeom not in module list
[WARNI]      [TypeHint] Skipping unknown type IGESGeom_OffsetCurve, IGESGeom not in module list
[WARNI]      [TypeHint] Skipping unknown type IGESGeom_Point, IGESGeom not in module list
[WARNI]      [TypeHint] Skipping unknown type IGESGeom_Boundary, IGESGeom not in module list
[WARNI]      [TypeHint] Skipping unknown type IGESGeom_Boundary, IGESGeom not in module list
[WARNI]      [TypeHint] Skipping unknown type IGESGeom_CompositeCurve, IGESGeom not in module list
[WARNI]      [TypeHint] Skipping unknown type IGESGeom_CurveOnSurface, IGESGeom not in module list
[WARNI]      [TypeHint] Skipping unknown type IGESGeom_CurveOnSurface, IGESGeom not in module list
[WARNI]      [TypeHint] Skipping unknown type IGESGeom_OffsetCurve, IGESGeom not in module list
[WARNI]      [TypeHint] Skipping unknown type IGESGeom_Point, IGESGeom not in module list
[INFO ]  Class: IGESToBRep_TopoSurface
[INFO ]      explicitly excluded method IGESToBRep_TopoSurface::657812ceea990db15bb85a8826a3ccc8
[INFO ]      [TypeHint] More than 1 constructor, @overload decorator needed.
[WARNI]      [TypeHint] Skipping type double &, should contain _
[WARNI]      [TypeHint] Skipping unknown type IGESGeom_BoundedSurface, IGESGeom not in module list
[WARNI]      [TypeHint] Skipping unknown type IGESGeom_OffsetSurface, IGESGeom not in module list
[WARNI]      [TypeHint] Skipping unknown type IGESBasic_SingleParent, IGESBasic not in module list
[WARNI]      [TypeHint] Skipping unknown type IGESGeom_Plane, IGESGeom not in module list
[WARNI]      [TypeHint] Skipping unknown type IGESGeom_RuledSurface, IGESGeom not in module list
[WARNI]      [TypeHint] Skipping unknown type IGESGeom_SurfaceOfRevolution, IGESGeom not in module list
[WARNI]      [TypeHint] Skipping unknown type IGESGeom_TabulatedCylinder, IGESGeom not in module list
[WARNI]      [TypeHint] Skipping unknown type IGESGeom_TrimmedSurface, IGESGeom not in module list
[INFO ]  Processing toolkit TKRWMesh ===
[INFO ]  ## Processing module RWGltf
[INFO ]  Enum: RWGltf_GltfAccessorCompType
[INFO ]  Enum: RWGltf_GltfAccessorLayout
[INFO ]  Enum: RWGltf_GltfAlphaMode
[INFO ]  Enum: RWGltf_GltfArrayType
[INFO ]  Enum: RWGltf_GltfBufferViewTarget
[INFO ]  Skipping Enum: ShapeMapGroup
[INFO ]  Enum: RWGltf_GltfPrimitiveMode
[INFO ]  Enum: RWGltf_GltfRootElement
[INFO ]  Enum: RWGltf_WriterTrsfFormat
[INFO ]  Enum: 
[INFO ]  Class: RWGltf_CafReader
[INFO ]  Class: RWGltf_CafWriter
[INFO ]      Wrap nested class RWGltf_CafWriter::Mesh
[INFO ]      Wrap nested class RWGltf_CafWriter::RWGltf_StyledShape
[INFO ]      Wrap nested class RWGltf_CafWriter::Hasher
[INFO ]  Class: RWGltf_DracoParameters
[INFO ]  Class: RWGltf_GltfAccessor
[INFO ]  Class: RWGltf_GltfBufferView
[INFO ]  Class: RWGltf_GltfFace
[INFO ]  Class: RWGltf_GltfLatePrimitiveArray
[WARNI]      [TypeHint] Skipping type NCollection_Sequence<RWGltf_GltfPrimArrayData>, seems to be a template
[INFO ]  Class: RWGltf_GltfMaterialMap
[WARNI]      [TypeHint] Skipping type int &, should contain _
[INFO ]  Class: RWGltf_GltfOStreamWriter
[WARNI]      [TypeHint] Skipping type rapidjson::OStreamWrapper &, should contain _
[INFO ]  Class: RWGltf_GltfPrimArrayData
[INFO ]      [TypeHint] More than 1 constructor, @overload decorator needed.
[INFO ]  Class: RWGltf_GltfSceneNodeMap
[INFO ]  Class: RWGltf_MaterialCommon
[INFO ]  Class: RWGltf_MaterialMetallicRoughness
[INFO ]  Class: RWGltf_TriangulationReader
[INFO ]  ## Processing module RWMesh
[INFO ]  Enum: RWMesh_CafReaderStatusEx
[INFO ]  Enum: RWMesh_CoordinateSystem
[INFO ]  Enum: RWMesh_NameFormat
[INFO ]  Class: RWMesh
[INFO ]  Class: RWMesh_CafReader
[INFO ]      Class RWMesh_CafReader is abstract, using %nodefaultctor.
[INFO ]      Wrap nested class RWMesh_CafReader::CafDocumentTools
[INFO ]      Constructor skipped for abstract class RWMesh_CafReader
[INFO ]  Class: RWMesh_CoordinateSystemConverter
[INFO ]  Class: RWMesh_MaterialMap
[INFO ]      Class RWMesh_MaterialMap is abstract, using %nodefaultctor.
[INFO ]      Constructor skipped for abstract class RWMesh_MaterialMap
[INFO ]  Class: RWMesh_NodeAttributes
[INFO ]  Class: RWMesh_ShapeIterator
[INFO ]      Class RWMesh_ShapeIterator is abstract, using %nodefaultctor.
[INFO ]  Class: RWMesh_TriangulationReader
[INFO ]      Class RWMesh_TriangulationReader is abstract, using %nodefaultctor.
[INFO ]      Wrap nested class RWMesh_TriangulationReader::LoadingStatistic
[INFO ]      Constructor skipped for abstract class RWMesh_TriangulationReader
[INFO ]  Class: RWMesh_TriangulationSource
[WARNI]      [TypeHint] Skipping type int &, should contain _
[INFO ]  Class: RWMesh_EdgeIterator
[INFO ]      [TypeHint] More than 1 constructor, @overload decorator needed.
[INFO ]  Class: RWMesh_FaceIterator
[INFO ]      [TypeHint] More than 1 constructor, @overload decorator needed.
[INFO ]  Class: RWMesh_VertexIterator
[INFO ]      [TypeHint] More than 1 constructor, @overload decorator needed.
[WARNI]      [TypeHint] param name missing or '&', skip method type hint
[INFO ]  ## Processing module RWObj
[INFO ]  Enum: RWObj_SubMeshReason
[INFO ]  Class: RWObj
[INFO ]  Class: RWObj_CafWriter
[INFO ]  Class: RWObj_IShapeReceiver
[INFO ]      Class RWObj_IShapeReceiver is abstract, using %nodefaultctor.
[INFO ]  Class: RWObj_Material
[INFO ]  Class: RWObj_ObjMaterialMap
[INFO ]  Class: RWObj_ObjWriterContext
[WARNI]      [TypeHint] Skipping type NCollection_Vec4<int>, seems to be a template
[WARNI]      [TypeHint] Skipping type NCollection_Vec3<int>, seems to be a template
[INFO ]  Class: RWObj_Reader
[INFO ]      Class RWObj_Reader is abstract, using %nodefaultctor.
[INFO ]      Wrap nested class RWObj_Reader::ObjVec3iHasher
[INFO ]      Wrap nested class RWObj_Reader::VectorOfVertices
[INFO ]      Constructor skipped for abstract class RWObj_Reader
[WARNI]      [TypeHint] Skipping unknown type size_t, size not in module list
[WARNI]      [TypeHint] Skipping unknown type size_t, size not in module list
[INFO ]  Class: RWObj_SubMesh
[INFO ]  Class: RWObj_CafReader
[INFO ]  Class: RWObj_TriangulationReader
[INFO ]  ## Processing module RWPly
[INFO ]  Class: RWPly_CafWriter
[INFO ]  Class: RWPly_PlyWriterContext
[INFO ]      explicitly excluded method RWPly_PlyWriterContext::8602e84f6acfb0cc325e9d67eb1ded24
[WARNI]      [TypeHint] Skipping type NCollection_Vec4<int>, seems to be a template
[WARNI]      [TypeHint] Skipping type NCollection_Vec3<int>, seems to be a template
[WARNI]      [TypeHint] Skipping type NCollection_Vec4<uint8_t>, seems to be a template
[INFO ]  Processing toolkit TKSTEP ===
[INFO ]  ## Processing module GeomToStep
[INFO ]  Class: GeomToStep_Root
[INFO ]  Class: GeomToStep_MakeAxis1Placement
[INFO ]      [TypeHint] More than 1 constructor, @overload decorator needed.
[INFO ]  Class: GeomToStep_MakeAxis2Placement2d
[INFO ]      [TypeHint] More than 1 constructor, @overload decorator needed.
[INFO ]  Class: GeomToStep_MakeAxis2Placement3d
[INFO ]      [TypeHint] More than 1 constructor, @overload decorator needed.
[INFO ]  Class: GeomToStep_MakeBSplineCurveWithKnots
[INFO ]      [TypeHint] More than 1 constructor, @overload decorator needed.
[INFO ]  Class: GeomToStep_MakeBSplineCurveWithKnotsAndRationalBSplineCurve
[INFO ]      [TypeHint] More than 1 constructor, @overload decorator needed.
[INFO ]  Class: GeomToStep_MakeBSplineSurfaceWithKnots
[INFO ]  Class: GeomToStep_MakeBSplineSurfaceWithKnotsAndRationalBSplineSurface
[INFO ]  Class: GeomToStep_MakeBoundedCurve
[INFO ]      [TypeHint] More than 1 constructor, @overload decorator needed.
[INFO ]  Class: GeomToStep_MakeBoundedSurface
[INFO ]  Class: GeomToStep_MakeCartesianPoint
[INFO ]      [TypeHint] More than 1 constructor, @overload decorator needed.
[INFO ]  Class: GeomToStep_MakeCartesianTransformationOperator
[INFO ]  Class: GeomToStep_MakeCircle
[INFO ]      [TypeHint] More than 1 constructor, @overload decorator needed.
[INFO ]  Class: GeomToStep_MakeConic
[INFO ]      [TypeHint] More than 1 constructor, @overload decorator needed.
[INFO ]  Class: GeomToStep_MakeConicalSurface
[INFO ]  Class: GeomToStep_MakeCurve
[INFO ]      [TypeHint] More than 1 constructor, @overload decorator needed.
[INFO ]  Class: GeomToStep_MakeCylindricalSurface
[INFO ]  Class: GeomToStep_MakeDirection
[INFO ]      [TypeHint] More than 1 constructor, @overload decorator needed.
[INFO ]  Class: GeomToStep_MakeElementarySurface
[INFO ]  Class: GeomToStep_MakeEllipse
[INFO ]      [TypeHint] More than 1 constructor, @overload decorator needed.
[INFO ]  Class: GeomToStep_MakeHyperbola
[INFO ]      [TypeHint] More than 1 constructor, @overload decorator needed.
[INFO ]  Class: GeomToStep_MakeLine
[INFO ]      [TypeHint] More than 1 constructor, @overload decorator needed.
[INFO ]  Class: GeomToStep_MakeParabola
[INFO ]      [TypeHint] More than 1 constructor, @overload decorator needed.
[INFO ]  Class: GeomToStep_MakePlane
[INFO ]      [TypeHint] More than 1 constructor, @overload decorator needed.
[INFO ]  Class: GeomToStep_MakePolyline
[INFO ]      [TypeHint] More than 1 constructor, @overload decorator needed.
[INFO ]  Class: GeomToStep_MakeRectangularTrimmedSurface
[INFO ]  Class: GeomToStep_MakeSphericalSurface
[INFO ]  Class: GeomToStep_MakeSurface
[INFO ]  Class: GeomToStep_MakeSurfaceOfLinearExtrusion
[INFO ]  Class: GeomToStep_MakeSurfaceOfRevolution
[INFO ]  Class: GeomToStep_MakeSweptSurface
[INFO ]  Class: GeomToStep_MakeToroidalSurface
[INFO ]  Class: GeomToStep_MakeVector
[INFO ]      [TypeHint] More than 1 constructor, @overload decorator needed.
[INFO ]  ## Processing module RWStepAP203
[WARNI]  No file for module RWStepAP203. Please check that the module name is part of occt.
[INFO ]  ## Processing module RWStepAP214
[WARNI]  No file for module RWStepAP214. Please check that the module name is part of occt.
[INFO ]  ## Processing module RWStepAP242
[WARNI]  No file for module RWStepAP242. Please check that the module name is part of occt.
[INFO ]  ## Processing module STEPConstruct
[WARNI]      [TypeHint] Skip type TCollection_AsciiString,opencascade::handle, because of trailing :
[WARNI]      [TypeHint] Skip type gp_Pnt,opencascade::handle, because of trailing :
[INFO ]  Class: STEPConstruct
[INFO ]  Class: STEPConstruct_AP203Context
[INFO ]  Class: STEPConstruct_Assembly
[INFO ]  Class: STEPConstruct_ContextTool
[INFO ]      [TypeHint] More than 1 constructor, @overload decorator needed.
[INFO ]  Class: STEPConstruct_Part
[INFO ]  Class: STEPConstruct_RenderingProperties
[INFO ]      [TypeHint] More than 1 constructor, @overload decorator needed.
[INFO ]  Class: STEPConstruct_Tool
[INFO ]      [TypeHint] More than 1 constructor, @overload decorator needed.
[INFO ]  Class: STEPConstruct_UnitContext
[WARNI]      [TypeHint] Skipping type static double, should contain _
[INFO ]  Class: STEPConstruct_ExternRefs
[INFO ]      [TypeHint] More than 1 constructor, @overload decorator needed.
[INFO ]  Class: STEPConstruct_Styles
[INFO ]      [TypeHint] More than 1 constructor, @overload decorator needed.
[WARNI]      [TypeHint] Skipping type NCollection_DataMap<TCollection_AsciiString,, seems to be a template
[INFO ]  Class: STEPConstruct_ValidationProps
[INFO ]      [TypeHint] More than 1 constructor, @overload decorator needed.
[WARNI]      [TypeHint] Skipping type double &, should contain _
[INFO ]  ## Processing module STEPControl
[INFO ]  Enum: STEPControl_StepModelType
[INFO ]  Class: STEPControl_ActorRead
[INFO ]  Class: STEPControl_ActorWrite
[INFO ]  Class: STEPControl_Controller
[INFO ]  Class: STEPControl_Reader
[INFO ]      explicitly excluded method STEPControl_Reader::375c18315782813f2bf585453ffed5c3
[INFO ]      [TypeHint] More than 1 constructor, @overload decorator needed.
[WARNI]      [TypeHint] Skipping unknown type DESTEP_Parameters, DESTEP not in module list
[INFO ]  Class: STEPControl_Writer
[INFO ]      [TypeHint] More than 1 constructor, @overload decorator needed.
[WARNI]      [TypeHint] Skip type XSAlgo_ShapeProcessor::ParameterMap, because of trailing :
[WARNI]      [TypeHint] Skip type XSAlgo_ShapeProcessor::ProcessingFlags, because of trailing :
[WARNI]      [TypeHint] Skip type XSAlgo_ShapeProcessor::ParameterMap, because of trailing :
[WARNI]      [TypeHint] Skip type XSAlgo_ShapeProcessor::ParameterMap, because of trailing :
[WARNI]      [TypeHint] Skip type XSAlgo_ShapeProcessor::ParameterMap, because of trailing :
[WARNI]      [TypeHint] Skipping type const ShapeProcess::OperationsFlags &, should contain _
[WARNI]      [TypeHint] Skipping unknown type DESTEP_Parameters, DESTEP not in module list
[INFO ]  ## Processing module STEPEdit
[INFO ]  Class: STEPEdit
[INFO ]  Class: STEPEdit_EditContext
[INFO ]  Class: STEPEdit_EditSDR
[INFO ]  ## Processing module STEPSelections
[WARNI]      [TypeHint] Skipping type opencascade::handle, should contain _
[WARNI]      [TypeHint] Skipping type opencascade::handle, should contain _
[WARNI]      [TypeHint] Skipping type opencascade::handle, should contain _
[INFO ]  Class: STEPSelections_AssemblyComponent
[INFO ]      [TypeHint] More than 1 constructor, @overload decorator needed.
[WARNI]      [TypeHint] Skip type NCollection_HSequence<opencascade::handle<STEPSelections_AssemblyLink, because of trailing :
[WARNI]      [TypeHint] Skip type NCollection_HSequence<opencascade::handle<STEPSelections_AssemblyLink, because of trailing :
[WARNI]      [TypeHint] Skip type NCollection_HSequence<opencascade::handle<STEPSelections_AssemblyLink, because of trailing :
[INFO ]  Class: STEPSelections_AssemblyExplorer
[INFO ]  Class: STEPSelections_AssemblyLink
[INFO ]      [TypeHint] More than 1 constructor, @overload decorator needed.
[INFO ]  Class: STEPSelections_Counter
[INFO ]      explicitly excluded method STEPSelections_Counter::f213fcc626f9ae7aea496c430dfef691
[INFO ]      explicitly excluded method STEPSelections_Counter::eb310f663164d6d1e80346bd46815398
[INFO ]  Class: STEPSelections_SelectAssembly
[INFO ]  Class: STEPSelections_SelectDerived
[INFO ]  Class: STEPSelections_SelectFaces
[INFO ]  Class: STEPSelections_SelectForTransfer
[INFO ]      [TypeHint] More than 1 constructor, @overload decorator needed.
[INFO ]  Class: STEPSelections_SelectGSCurves
[INFO ]  Class: STEPSelections_SelectInstances
[INFO ]  ## Processing module StepAP203
[INFO ]  Class: StepAP203_ApprovedItem
[INFO ]  Class: StepAP203_CcDesignApproval
[WARNI]      [TypeHint] Skipping type NCollection_HArray1<StepAP203_ApprovedItem, seems to be a template
[WARNI]      [TypeHint] Skipping type NCollection_HArray1<StepAP203_ApprovedItem, seems to be a template
[WARNI]      [TypeHint] Skipping type NCollection_HArray1<StepAP203_ApprovedItem, seems to be a template
[INFO ]  Class: StepAP203_CcDesignCertification
[WARNI]      [TypeHint] Skipping type NCollection_HArray1<StepAP203_CertifiedItem, seems to be a template
[WARNI]      [TypeHint] Skipping type NCollection_HArray1<StepAP203_CertifiedItem, seems to be a template
[WARNI]      [TypeHint] Skipping type NCollection_HArray1<StepAP203_CertifiedItem, seems to be a template
[INFO ]  Class: StepAP203_CcDesignContract
[WARNI]      [TypeHint] Skipping type NCollection_HArray1<StepAP203_ContractedItem, seems to be a template
[WARNI]      [TypeHint] Skipping type NCollection_HArray1<StepAP203_ContractedItem, seems to be a template
[WARNI]      [TypeHint] Skipping type NCollection_HArray1<StepAP203_ContractedItem, seems to be a template
[INFO ]  Class: StepAP203_CcDesignDateAndTimeAssignment
[WARNI]      [TypeHint] Skipping type NCollection_HArray1<StepAP203_DateTimeItem, seems to be a template
[WARNI]      [TypeHint] Skipping type NCollection_HArray1<StepAP203_DateTimeItem, seems to be a template
[WARNI]      [TypeHint] Skipping type NCollection_HArray1<StepAP203_DateTimeItem, seems to be a template
[INFO ]  Class: StepAP203_CcDesignPersonAndOrganizationAssignment
[WARNI]      [TypeHint] Skipping type NCollection_HArray1<StepAP203_PersonOrganizationItem, seems to be a template
[WARNI]      [TypeHint] Skipping type NCollection_HArray1<StepAP203_PersonOrganizationItem, seems to be a template
[WARNI]      [TypeHint] Skipping type NCollection_HArray1<StepAP203_PersonOrganizationItem, seems to be a template
[INFO ]  Class: StepAP203_CcDesignSecurityClassification
[WARNI]      [TypeHint] Skipping type NCollection_HArray1<StepAP203_ClassifiedItem, seems to be a template
[WARNI]      [TypeHint] Skipping type NCollection_HArray1<StepAP203_ClassifiedItem, seems to be a template
[WARNI]      [TypeHint] Skipping type NCollection_HArray1<StepAP203_ClassifiedItem, seems to be a template
[INFO ]  Class: StepAP203_CcDesignSpecificationReference
[WARNI]      [TypeHint] Skipping type NCollection_HArray1<StepAP203_SpecifiedItem, seems to be a template
[WARNI]      [TypeHint] Skipping type NCollection_HArray1<StepAP203_SpecifiedItem, seems to be a template
[WARNI]      [TypeHint] Skipping type NCollection_HArray1<StepAP203_SpecifiedItem, seems to be a template
[INFO ]  Class: StepAP203_CertifiedItem
[INFO ]  Class: StepAP203_Change
[WARNI]      [TypeHint] Skipping type NCollection_HArray1<StepAP203_WorkItem, seems to be a template
[WARNI]      [TypeHint] Skipping type NCollection_HArray1<StepAP203_WorkItem, seems to be a template
[WARNI]      [TypeHint] Skipping type NCollection_HArray1<StepAP203_WorkItem, seems to be a template
[INFO ]  Class: StepAP203_ChangeRequest
[WARNI]      [TypeHint] Skipping type NCollection_HArray1<StepAP203_ChangeRequestItem, seems to be a template
[WARNI]      [TypeHint] Skipping type NCollection_HArray1<StepAP203_ChangeRequestItem, seems to be a template
[WARNI]      [TypeHint] Skipping type NCollection_HArray1<StepAP203_ChangeRequestItem, seems to be a template
[INFO ]  Class: StepAP203_ChangeRequestItem
[INFO ]  Class: StepAP203_ClassifiedItem
[INFO ]  Class: StepAP203_ContractedItem
[INFO ]  Class: StepAP203_DateTimeItem
[INFO ]  Class: StepAP203_PersonOrganizationItem
[INFO ]  Class: StepAP203_SpecifiedItem
[INFO ]  Class: StepAP203_StartRequest
[WARNI]      [TypeHint] Skipping type NCollection_HArray1<StepAP203_StartRequestItem, seems to be a template
[WARNI]      [TypeHint] Skipping type NCollection_HArray1<StepAP203_StartRequestItem, seems to be a template
[WARNI]      [TypeHint] Skipping type NCollection_HArray1<StepAP203_StartRequestItem, seems to be a template
[INFO ]  Class: StepAP203_StartRequestItem
[INFO ]  Class: StepAP203_StartWork
[WARNI]      [TypeHint] Skipping type NCollection_HArray1<StepAP203_WorkItem, seems to be a template
[WARNI]      [TypeHint] Skipping type NCollection_HArray1<StepAP203_WorkItem, seems to be a template
[WARNI]      [TypeHint] Skipping type NCollection_HArray1<StepAP203_WorkItem, seems to be a template
[INFO ]  Class: StepAP203_WorkItem
[INFO ]  ## Processing module StepAP209
[INFO ]  Class: StepAP209_Construct
[INFO ]      [TypeHint] More than 1 constructor, @overload decorator needed.
[WARNI]      [TypeHint] Skip type NCollection_HSequence<opencascade::handle<StepElement_CurveElementSectionDefinition, because of trailing :
[WARNI]      [TypeHint] Skip type NCollection_HSequence<opencascade::handle<StepFEA_ElementGeometricRelationship, because of trailing :
[WARNI]      [TypeHint] Skip type NCollection_HSequence<opencascade::handle<StepElement_ElementMaterial, because of trailing :
[WARNI]      [TypeHint] Skip type NCollection_HSequence<opencascade::handle<StepFEA_ElementRepresentation, because of trailing :
[WARNI]      [TypeHint] Skip type NCollection_HSequence<opencascade::handle<StepFEA_ElementRepresentation, because of trailing :
[WARNI]      [TypeHint] Skip type NCollection_HSequence<opencascade::handle<StepFEA_ElementRepresentation, because of trailing :
[INFO ]  ## Processing module StepAP214
[INFO ]  Class: StepAP214
[INFO ]  Class: StepAP214_AppliedApprovalAssignment
[WARNI]      [TypeHint] Skipping type NCollection_HArray1<StepAP214_ApprovalItem, seems to be a template
[WARNI]      [TypeHint] Skipping type NCollection_HArray1<StepAP214_ApprovalItem, seems to be a template
[WARNI]      [TypeHint] Skipping type NCollection_HArray1<StepAP214_ApprovalItem, seems to be a template
[INFO ]  Class: StepAP214_AppliedDateAndTimeAssignment
[WARNI]      [TypeHint] Skipping type NCollection_HArray1<StepAP214_DateAndTimeItem, seems to be a template
[WARNI]      [TypeHint] Skipping type NCollection_HArray1<StepAP214_DateAndTimeItem, seems to be a template
[WARNI]      [TypeHint] Skipping type NCollection_HArray1<StepAP214_DateAndTimeItem, seems to be a template
[INFO ]  Class: StepAP214_AppliedDateAssignment
[WARNI]      [TypeHint] Skipping type NCollection_HArray1<StepAP214_DateItem, seems to be a template
[WARNI]      [TypeHint] Skipping type NCollection_HArray1<StepAP214_DateItem, seems to be a template
[WARNI]      [TypeHint] Skipping type NCollection_HArray1<StepAP214_DateItem, seems to be a template
[INFO ]  Class: StepAP214_AppliedDocumentReference
[WARNI]      [TypeHint] Skipping type NCollection_HArray1<StepAP214_DocumentReferenceItem, seems to be a template
[WARNI]      [TypeHint] Skipping type NCollection_HArray1<StepAP214_DocumentReferenceItem, seems to be a template
[WARNI]      [TypeHint] Skipping type NCollection_HArray1<StepAP214_DocumentReferenceItem, seems to be a template
[INFO ]  Class: StepAP214_AppliedExternalIdentificationAssignment
[WARNI]      [TypeHint] Skipping type NCollection_HArray1<StepAP214_ExternalIdentificationItem, seems to be a template
[WARNI]      [TypeHint] Skipping type NCollection_HArray1<StepAP214_ExternalIdentificationItem, seems to be a template
[WARNI]      [TypeHint] Skipping type NCollection_HArray1<StepAP214_ExternalIdentificationItem, seems to be a template
[INFO ]  Class: StepAP214_AppliedGroupAssignment
[WARNI]      [TypeHint] Skipping type NCollection_HArray1<StepAP214_GroupItem, seems to be a template
[WARNI]      [TypeHint] Skipping type NCollection_HArray1<StepAP214_GroupItem, seems to be a template
[WARNI]      [TypeHint] Skipping type NCollection_HArray1<StepAP214_GroupItem, seems to be a template
[INFO ]  Class: StepAP214_AppliedOrganizationAssignment
[WARNI]      [TypeHint] Skipping type NCollection_HArray1<StepAP214_OrganizationItem, seems to be a template
[WARNI]      [TypeHint] Skipping type NCollection_HArray1<StepAP214_OrganizationItem, seems to be a template
[WARNI]      [TypeHint] Skipping type NCollection_HArray1<StepAP214_OrganizationItem, seems to be a template
[INFO ]  Class: StepAP214_AppliedPersonAndOrganizationAssignment
[WARNI]      [TypeHint] Skipping type NCollection_HArray1<StepAP214_PersonAndOrganizationItem, seems to be a template
[WARNI]      [TypeHint] Skipping type NCollection_HArray1<StepAP214_PersonAndOrganizationItem, seems to be a template
[WARNI]      [TypeHint] Skipping type NCollection_HArray1<StepAP214_PersonAndOrganizationItem, seems to be a template
[INFO ]  Class: StepAP214_AppliedPresentedItem
[WARNI]      [TypeHint] Skipping type NCollection_HArray1<StepAP214_PresentedItemSelect, seems to be a template
[WARNI]      [TypeHint] Skipping type NCollection_HArray1<StepAP214_PresentedItemSelect, seems to be a template
[WARNI]      [TypeHint] Skipping type NCollection_HArray1<StepAP214_PresentedItemSelect, seems to be a template
[INFO ]  Class: StepAP214_AppliedSecurityClassificationAssignment
[WARNI]      [TypeHint] Skipping type NCollection_HArray1<StepAP214_SecurityClassificationItem, seems to be a template
[WARNI]      [TypeHint] Skipping type NCollection_HArray1<StepAP214_SecurityClassificationItem, seems to be a template
[WARNI]      [TypeHint] Skipping type NCollection_HArray1<StepAP214_SecurityClassificationItem, seems to be a template
[INFO ]  Class: StepAP214_ApprovalItem
[INFO ]  Class: StepAP214_AutoDesignActualDateAndTimeAssignment
[WARNI]      [TypeHint] Skipping type NCollection_HArray1<StepAP214_AutoDesignDateAndTimeItem, seems to be a template
[WARNI]      [TypeHint] Skipping type NCollection_HArray1<StepAP214_AutoDesignDateAndTimeItem, seems to be a template
[WARNI]      [TypeHint] Skipping type NCollection_HArray1<StepAP214_AutoDesignDateAndTimeItem, seems to be a template
[INFO ]  Class: StepAP214_AutoDesignActualDateAssignment
[WARNI]      [TypeHint] Skipping type NCollection_HArray1<StepAP214_AutoDesignDatedItem, seems to be a template
[WARNI]      [TypeHint] Skipping type NCollection_HArray1<StepAP214_AutoDesignDatedItem, seems to be a template
[WARNI]      [TypeHint] Skipping type NCollection_HArray1<StepAP214_AutoDesignDatedItem, seems to be a template
[INFO ]  Class: StepAP214_AutoDesignApprovalAssignment
[WARNI]      [TypeHint] Skipping type NCollection_HArray1<StepAP214_AutoDesignGeneralOrgItem, seems to be a template
[WARNI]      [TypeHint] Skipping type NCollection_HArray1<StepAP214_AutoDesignGeneralOrgItem, seems to be a template
[WARNI]      [TypeHint] Skipping type NCollection_HArray1<StepAP214_AutoDesignGeneralOrgItem, seems to be a template
[INFO ]  Class: StepAP214_AutoDesignDateAndPersonAssignment
[WARNI]      [TypeHint] Skipping type NCollection_HArray1<StepAP214_AutoDesignDateAndPersonItem, seems to be a template
[WARNI]      [TypeHint] Skipping type NCollection_HArray1<StepAP214_AutoDesignDateAndPersonItem, seems to be a template
[WARNI]      [TypeHint] Skipping type NCollection_HArray1<StepAP214_AutoDesignDateAndPersonItem, seems to be a template
[INFO ]  Class: StepAP214_AutoDesignDateAndPersonItem
[INFO ]  Class: StepAP214_AutoDesignDateAndTimeItem
[INFO ]  Class: StepAP214_AutoDesignDatedItem
[INFO ]  Class: StepAP214_AutoDesignDocumentReference
[WARNI]      [TypeHint] Skipping type NCollection_HArray1<StepAP214_AutoDesignReferencingItem, seems to be a template
[WARNI]      [TypeHint] Skipping type NCollection_HArray1<StepAP214_AutoDesignReferencingItem, seems to be a template
[WARNI]      [TypeHint] Skipping type NCollection_HArray1<StepAP214_AutoDesignReferencingItem, seems to be a template
[INFO ]  Class: StepAP214_AutoDesignGeneralOrgItem
[INFO ]  Class: StepAP214_AutoDesignGroupAssignment
[WARNI]      [TypeHint] Skipping type NCollection_HArray1<StepAP214_AutoDesignGroupedItem, seems to be a template
[WARNI]      [TypeHint] Skipping type NCollection_HArray1<StepAP214_AutoDesignGroupedItem, seems to be a template
[WARNI]      [TypeHint] Skipping type NCollection_HArray1<StepAP214_AutoDesignGroupedItem, seems to be a template
[INFO ]  Class: StepAP214_AutoDesignGroupedItem
[INFO ]  Class: StepAP214_AutoDesignNominalDateAndTimeAssignment
[WARNI]      [TypeHint] Skipping type NCollection_HArray1<StepAP214_AutoDesignDateAndTimeItem, seems to be a template
[WARNI]      [TypeHint] Skipping type NCollection_HArray1<StepAP214_AutoDesignDateAndTimeItem, seems to be a template
[WARNI]      [TypeHint] Skipping type NCollection_HArray1<StepAP214_AutoDesignDateAndTimeItem, seems to be a template
[INFO ]  Class: StepAP214_AutoDesignNominalDateAssignment
[WARNI]      [TypeHint] Skipping type NCollection_HArray1<StepAP214_AutoDesignDatedItem, seems to be a template
[WARNI]      [TypeHint] Skipping type NCollection_HArray1<StepAP214_AutoDesignDatedItem, seems to be a template
[WARNI]      [TypeHint] Skipping type NCollection_HArray1<StepAP214_AutoDesignDatedItem, seems to be a template
[INFO ]  Class: StepAP214_AutoDesignOrganizationAssignment
[WARNI]      [TypeHint] Skipping type NCollection_HArray1<StepAP214_AutoDesignGeneralOrgItem, seems to be a template
[WARNI]      [TypeHint] Skipping type NCollection_HArray1<StepAP214_AutoDesignGeneralOrgItem, seems to be a template
[WARNI]      [TypeHint] Skipping type NCollection_HArray1<StepAP214_AutoDesignGeneralOrgItem, seems to be a template
[INFO ]  Class: StepAP214_AutoDesignPersonAndOrganizationAssignment
[WARNI]      [TypeHint] Skipping type NCollection_HArray1<StepAP214_AutoDesignGeneralOrgItem, seems to be a template
[WARNI]      [TypeHint] Skipping type NCollection_HArray1<StepAP214_AutoDesignGeneralOrgItem, seems to be a template
[WARNI]      [TypeHint] Skipping type NCollection_HArray1<StepAP214_AutoDesignGeneralOrgItem, seems to be a template
[INFO ]  Class: StepAP214_AutoDesignPresentedItem
[WARNI]      [TypeHint] Skipping type NCollection_HArray1<StepAP214_AutoDesignPresentedItemSelect, seems to be a template
[WARNI]      [TypeHint] Skipping type NCollection_HArray1<StepAP214_AutoDesignPresentedItemSelect, seems to be a template
[WARNI]      [TypeHint] Skipping type NCollection_HArray1<StepAP214_AutoDesignPresentedItemSelect, seems to be a template
[INFO ]  Class: StepAP214_AutoDesignPresentedItemSelect
[INFO ]  Class: StepAP214_AutoDesignReferencingItem
[INFO ]  Class: StepAP214_AutoDesignSecurityClassificationAssignment
[WARNI]      [TypeHint] Skip type NCollection_HArray1<opencascade::handle<StepBasic_Approval, because of trailing :
[WARNI]      [TypeHint] Skip type NCollection_HArray1<opencascade::handle<StepBasic_Approval, because of trailing :
[WARNI]      [TypeHint] Skip type NCollection_HArray1<opencascade::handle<StepBasic_Approval, because of trailing :
[INFO ]  Class: StepAP214_Class
[INFO ]  Class: StepAP214_DocumentReferenceItem
[INFO ]  Class: StepAP214_ExternalIdentificationItem
[INFO ]  Class: StepAP214_ExternallyDefinedGeneralProperty
[INFO ]  Class: StepAP214_GroupItem
[INFO ]  Class: StepAP214_PresentedItemSelect
[INFO ]  Class: StepAP214_Protocol
[INFO ]  Class: StepAP214_RepItemGroup
[INFO ]  Class: StepAP214_AutoDesignOrganizationItem
[INFO ]  Class: StepAP214_DateAndTimeItem
[INFO ]  Class: StepAP214_DateItem
[INFO ]  Class: StepAP214_ExternallyDefinedClass
[INFO ]  Class: StepAP214_OrganizationItem
[INFO ]  Class: StepAP214_PersonAndOrganizationItem
[INFO ]  Class: StepAP214_SecurityClassificationItem
[INFO ]  ## Processing module StepAP242
[INFO ]  Class: StepAP242_IdAttribute
[INFO ]  Class: StepAP242_IdAttributeSelect
[INFO ]  Class: StepAP242_ItemIdentifiedRepresentationUsage
[WARNI]      [TypeHint] Skip type NCollection_HArray1<opencascade::handle<StepRepr_RepresentationItem, because of trailing :
[WARNI]      [TypeHint] Skip type NCollection_HArray1<opencascade::handle<StepRepr_RepresentationItem, because of trailing :
[WARNI]      [TypeHint] Skip type NCollection_HArray1<opencascade::handle<StepRepr_RepresentationItem, because of trailing :
[INFO ]  Class: StepAP242_ItemIdentifiedRepresentationUsageDefinition
[INFO ]  Class: StepAP242_DraughtingModelItemAssociation
[INFO ]  Class: StepAP242_GeometricItemSpecificUsage
[INFO ]  ## Processing module StepToGeom
[INFO ]  Class: StepToGeom
[INFO ]  ## Processing module StepToTopoDS
[INFO ]  Enum: StepToTopoDS_BuilderError
[INFO ]  Enum: StepToTopoDS_GeometricToolError
[INFO ]  Enum: StepToTopoDS_TranslateEdgeError
[INFO ]  Enum: StepToTopoDS_TranslateEdgeLoopError
[INFO ]  Enum: StepToTopoDS_TranslateFaceError
[INFO ]  Enum: StepToTopoDS_TranslatePolyLoopError
[INFO ]  Enum: StepToTopoDS_TranslateShellError
[INFO ]  Enum: StepToTopoDS_TranslateSolidError
[INFO ]  Enum: StepToTopoDS_TranslateVertexError
[INFO ]  Enum: StepToTopoDS_TranslateVertexLoopError
[WARNI]      [TypeHint] Skipping type opencascade::handle, should contain _
[WARNI]      [TypeHint] Skipping type opencascade::handle, should contain _
[WARNI]      [TypeHint] Skipping type opencascade::handle, should contain _
[INFO ]  Class: StepToTopoDS
[INFO ]  Class: StepToTopoDS_GeometricTool
[WARNI]      [TypeHint] Skipping type double &, should contain _
[INFO ]  Class: StepToTopoDS_NMTool
[INFO ]      [TypeHint] More than 1 constructor, @overload decorator needed.
[WARNI]      [TypeHint] Skip type NCollection_DataMap<opencascade::handle<StepRepr_RepresentationItem>,, because of trailing :
[WARNI]      [TypeHint] Skip type NCollection_DataMap<opencascade::handle<StepRepr_RepresentationItem>,, because of trailing :
[INFO ]  Class: StepToTopoDS_PointPair
[INFO ]  Class: StepToTopoDS_Root
[INFO ]  Class: StepToTopoDS_Tool
[INFO ]      [TypeHint] More than 1 constructor, @overload decorator needed.
[WARNI]      [TypeHint] Skip type NCollection_DataMap<opencascade::handle<StepShape_TopologicalRepresentationItem>,, because of trailing :
[WARNI]      [TypeHint] Skip type NCollection_DataMap<opencascade::handle<StepShape_TopologicalRepresentationItem>,, because of trailing :
[INFO ]      hash<StepToTopoDS_PointPair> skipped because it is a class template
[INFO ]  Class: StepToTopoDS_MakeTransformed
[INFO ]  Class: StepToTopoDS_TranslateCompositeCurve
[INFO ]      [TypeHint] More than 1 constructor, @overload decorator needed.
[INFO ]  Class: StepToTopoDS_TranslateCurveBoundedSurface
[INFO ]      [TypeHint] More than 1 constructor, @overload decorator needed.
[INFO ]  Class: StepToTopoDS_TranslateEdge
[INFO ]      [TypeHint] More than 1 constructor, @overload decorator needed.
[INFO ]  Class: StepToTopoDS_TranslateEdgeLoop
[INFO ]      [TypeHint] More than 1 constructor, @overload decorator needed.
[INFO ]  Class: StepToTopoDS_TranslateFace
[INFO ]      [TypeHint] More than 1 constructor, @overload decorator needed.
[INFO ]  Class: StepToTopoDS_TranslatePolyLoop
[INFO ]      [TypeHint] More than 1 constructor, @overload decorator needed.
[INFO ]  Class: StepToTopoDS_TranslateShell
[INFO ]  Class: StepToTopoDS_TranslateSolid
[INFO ]  Class: StepToTopoDS_TranslateVertex
[INFO ]      [TypeHint] More than 1 constructor, @overload decorator needed.
[INFO ]  Class: StepToTopoDS_TranslateVertexLoop
[INFO ]      [TypeHint] More than 1 constructor, @overload decorator needed.
[INFO ]  ## Processing module TopoDSToStep
[INFO ]  Enum: TopoDSToStep_BuilderError
[INFO ]  Enum: TopoDSToStep_FacetedError
[INFO ]  Enum: TopoDSToStep_MakeEdgeError
[INFO ]  Enum: TopoDSToStep_MakeFaceError
[INFO ]  Enum: TopoDSToStep_MakeVertexError
[INFO ]  Enum: TopoDSToStep_MakeWireError
[INFO ]  Class: TopoDSToStep
[INFO ]  Class: TopoDSToStep_FacetedTool
[INFO ]  Class: TopoDSToStep_Root
[WARNI]      [TypeHint] Skipping type double &, should contain _
[INFO ]  Class: TopoDSToStep_Tool
[INFO ]      [TypeHint] More than 1 constructor, @overload decorator needed.
[WARNI]      [TypeHint] Skipping type NCollection_DataMap<TopoDS_Shape,, seems to be a template
[WARNI]      [TypeHint] Skipping type NCollection_DataMap<TopoDS_Shape,, seems to be a template
[WARNI]      [TypeHint] Skipping type NCollection_DataMap<TopoDS_Shape,, seems to be a template
[INFO ]  Class: TopoDSToStep_Builder
[INFO ]      [TypeHint] More than 1 constructor, @overload decorator needed.
[INFO ]  Class: TopoDSToStep_MakeBrepWithVoids
[INFO ]  Class: TopoDSToStep_MakeFacetedBrep
[INFO ]      [TypeHint] More than 1 constructor, @overload decorator needed.
[INFO ]  Class: TopoDSToStep_MakeFacetedBrepAndBrepWithVoids
[INFO ]  Class: TopoDSToStep_MakeGeometricCurveSet
[INFO ]  Class: TopoDSToStep_MakeManifoldSolidBrep
[INFO ]      [TypeHint] More than 1 constructor, @overload decorator needed.
[INFO ]  Class: TopoDSToStep_MakeShellBasedSurfaceModel
[INFO ]      [TypeHint] More than 1 constructor, @overload decorator needed.
[INFO ]  Class: TopoDSToStep_MakeStepEdge
[INFO ]      [TypeHint] More than 1 constructor, @overload decorator needed.
[INFO ]  Class: TopoDSToStep_MakeStepFace
[INFO ]      [TypeHint] More than 1 constructor, @overload decorator needed.
[INFO ]  Class: TopoDSToStep_MakeStepVertex
[INFO ]      [TypeHint] More than 1 constructor, @overload decorator needed.
[INFO ]  Class: TopoDSToStep_MakeStepWire
[INFO ]      [TypeHint] More than 1 constructor, @overload decorator needed.
[INFO ]  Class: TopoDSToStep_MakeTessellatedItem
[INFO ]      [TypeHint] More than 1 constructor, @overload decorator needed.
[INFO ]  Class: TopoDSToStep_WireframeBuilder
[INFO ]      [TypeHint] More than 1 constructor, @overload decorator needed.
[WARNI]      [TypeHint] Skipping type NCollection_DataMap<TopoDS_Shape,, seems to be a template
[WARNI]      [TypeHint] Skipping type NCollection_DataMap<TopoDS_Shape,, seems to be a template
[WARNI]      [TypeHint] Skipping type NCollection_DataMap<TopoDS_Shape,, seems to be a template
[INFO ]  Processing toolkit TKSTEP209 ===
[INFO ]  ## Processing module RWStepElement
[WARNI]  No file for module RWStepElement. Please check that the module name is part of occt.
[INFO ]  ## Processing module RWStepFEA
[WARNI]  No file for module RWStepFEA. Please check that the module name is part of occt.
[INFO ]  ## Processing module StepElement
[INFO ]  Enum: StepElement_CurveEdge
[INFO ]  Enum: StepElement_Element2dShape
[INFO ]  Enum: StepElement_ElementOrder
[INFO ]  Enum: StepElement_ElementVolume
[INFO ]  Enum: StepElement_EnumeratedCurveElementFreedom
[INFO ]  Enum: StepElement_EnumeratedCurveElementPurpose
[INFO ]  Enum: StepElement_EnumeratedSurfaceElementPurpose
[INFO ]  Enum: StepElement_EnumeratedVolumeElementPurpose
[INFO ]  Enum: StepElement_UnspecifiedValue
[INFO ]  Enum: StepElement_Volume3dElementShape
[WARNI]      [TypeHint] Skipping type opencascade::handle, should contain _
[WARNI]      [TypeHint] Skipping type opencascade::handle, should contain _
[WARNI]      [TypeHint] Skipping type opencascade::handle, should contain _
[WARNI]      [TypeHint] Skipping type opencascade::handle, should contain _
[WARNI]      [TypeHint] Skipping type opencascade::handle, should contain _
[WARNI]      [TypeHint] Skipping type opencascade::handle, should contain _
[WARNI]      [TypeHint] Skipping type opencascade::handle, should contain _
[WARNI]      [TypeHint] Skipping type opencascade::handle, should contain _
[WARNI]      [TypeHint] Skipping type opencascade::handle, should contain _
[WARNI]      [TypeHint] Skipping type opencascade::handle, should contain _
[WARNI]      [TypeHint] Skipping type opencascade::handle, should contain _
[WARNI]      [TypeHint] Skipping type opencascade::handle, should contain _
[WARNI]      [TypeHint] Skipping type opencascade::handle, should contain _
[WARNI]      [TypeHint] Skipping type opencascade::handle, should contain _
[WARNI]      [TypeHint] Skipping type opencascade::handle, should contain _
[WARNI]      [TypeHint] Skipping type opencascade::handle, should contain _
[WARNI]      [TypeHint] Skipping type opencascade::handle, should contain _
[WARNI]      [TypeHint] Skipping type opencascade::handle, should contain _
[INFO ]  Class: StepElement_AnalysisItemWithinRepresentation
[INFO ]  Class: StepElement_CurveElementEndReleasePacket
[INFO ]  Class: StepElement_CurveElementFreedom
[INFO ]  Class: StepElement_CurveElementFreedomMember
[INFO ]  Class: StepElement_CurveElementPurpose
[INFO ]  Class: StepElement_CurveElementPurposeMember
[INFO ]  Class: StepElement_CurveElementSectionDefinition
[INFO ]  Class: StepElement_ElementAspect
[INFO ]  Class: StepElement_ElementAspectMember
[INFO ]  Class: StepElement_ElementDescriptor
[INFO ]  Class: StepElement_ElementMaterial
[WARNI]      [TypeHint] Skip type NCollection_HArray1<opencascade::handle<StepRepr_MaterialPropertyRepresentation, because of trailing :
[WARNI]      [TypeHint] Skip type NCollection_HArray1<opencascade::handle<StepRepr_MaterialPropertyRepresentation, because of trailing :
[WARNI]      [TypeHint] Skip type NCollection_HArray1<opencascade::handle<StepRepr_MaterialPropertyRepresentation, because of trailing :
[INFO ]  Class: StepElement_MeasureOrUnspecifiedValue
[INFO ]  Class: StepElement_MeasureOrUnspecifiedValueMember
[INFO ]  Class: StepElement_SurfaceElementProperty
[INFO ]  Class: StepElement_SurfaceElementPurpose
[INFO ]  Class: StepElement_SurfaceElementPurposeMember
[INFO ]  Class: StepElement_SurfaceSection
[INFO ]  Class: StepElement_SurfaceSectionField
[INFO ]  Class: StepElement_VolumeElementPurpose
[INFO ]  Class: StepElement_VolumeElementPurposeMember
[INFO ]  Class: StepElement_Curve3dElementDescriptor
[WARNI]      [TypeHint] Skip type NCollection_HArray1<opencascade::handle<NCollection_HSequence<opencascade::handle<StepElement_CurveElementPurposeMember, because of trailing :
[WARNI]      [TypeHint] Skip type NCollection_HArray1<opencascade::handle<NCollection_HSequence<opencascade::handle<StepElement_CurveElementPurposeMember, because of trailing :
[WARNI]      [TypeHint] Skip type NCollection_HArray1<opencascade::handle<NCollection_HSequence<opencascade::handle<StepElement_CurveElementPurposeMember, because of trailing :
[INFO ]  Class: StepElement_CurveElementSectionDerivedDefinitions
[WARNI]      [TypeHint] Skipping type NCollection_HArray1<StepElement_MeasureOrUnspecifiedValue, seems to be a template
[WARNI]      [TypeHint] Skipping type NCollection_HArray1<StepElement_MeasureOrUnspecifiedValue, seems to be a template
[WARNI]      [TypeHint] Skipping type NCollection_HArray1<StepElement_MeasureOrUnspecifiedValue, seems to be a template
[WARNI]      [TypeHint] Skipping type NCollection_HArray1<StepElement_MeasureOrUnspecifiedValue, seems to be a template
[WARNI]      [TypeHint] Skipping type NCollection_HArray1<StepElement_MeasureOrUnspecifiedValue, seems to be a template
[WARNI]      [TypeHint] Skipping type NCollection_HArray1<StepElement_MeasureOrUnspecifiedValue, seems to be a template
[WARNI]      [TypeHint] Skipping type NCollection_HArray1<StepElement_MeasureOrUnspecifiedValue, seems to be a template
[WARNI]      [TypeHint] Skipping type NCollection_HArray1<StepElement_MeasureOrUnspecifiedValue, seems to be a template
[WARNI]      [TypeHint] Skipping type NCollection_HArray1<StepElement_MeasureOrUnspecifiedValue, seems to be a template
[INFO ]  Class: StepElement_Surface3dElementDescriptor
[WARNI]      [TypeHint] Skip type NCollection_HArray1<opencascade::handle<NCollection_HSequence<opencascade::handle<StepElement_SurfaceElementPurposeMember, because of trailing :
[WARNI]      [TypeHint] Skip type NCollection_HArray1<opencascade::handle<NCollection_HSequence<opencascade::handle<StepElement_SurfaceElementPurposeMember, because of trailing :
[WARNI]      [TypeHint] Skip type NCollection_HArray1<opencascade::handle<NCollection_HSequence<opencascade::handle<StepElement_SurfaceElementPurposeMember, because of trailing :
[INFO ]  Class: StepElement_SurfaceSectionFieldConstant
[INFO ]  Class: StepElement_SurfaceSectionFieldVarying
[WARNI]      [TypeHint] Skip type NCollection_HArray1<opencascade::handle<StepElement_SurfaceSection, because of trailing :
[WARNI]      [TypeHint] Skip type NCollection_HArray1<opencascade::handle<StepElement_SurfaceSection, because of trailing :
[WARNI]      [TypeHint] Skip type NCollection_HArray1<opencascade::handle<StepElement_SurfaceSection, because of trailing :
[INFO ]  Class: StepElement_UniformSurfaceSection
[INFO ]  Class: StepElement_Volume3dElementDescriptor
[WARNI]      [TypeHint] Skip type NCollection_HArray1<opencascade::handle<StepElement_VolumeElementPurposeMember, because of trailing :
[WARNI]      [TypeHint] Skip type NCollection_HArray1<opencascade::handle<StepElement_VolumeElementPurposeMember, because of trailing :
[WARNI]      [TypeHint] Skip type NCollection_HArray1<opencascade::handle<StepElement_VolumeElementPurposeMember, because of trailing :
[INFO ]  ## Processing module StepFEA
[INFO ]  Enum: StepFEA_CoordinateSystemType
[INFO ]  Enum: StepFEA_CurveEdge
[INFO ]  Enum: StepFEA_ElementVolume
[INFO ]  Enum: StepFEA_EnumeratedDegreeOfFreedom
[INFO ]  Enum: StepFEA_UnspecifiedValue
[WARNI]      [TypeHint] Skipping type opencascade::handle, should contain _
[WARNI]      [TypeHint] Skipping type opencascade::handle, should contain _
[WARNI]      [TypeHint] Skipping type opencascade::handle, should contain _
[WARNI]      [TypeHint] Skipping type opencascade::handle, should contain _
[WARNI]      [TypeHint] Skipping type opencascade::handle, should contain _
[WARNI]      [TypeHint] Skipping type opencascade::handle, should contain _
[WARNI]      [TypeHint] Skipping type opencascade::handle, should contain _
[WARNI]      [TypeHint] Skipping type opencascade::handle, should contain _
[WARNI]      [TypeHint] Skipping type opencascade::handle, should contain _
[WARNI]      [TypeHint] Skipping type opencascade::handle, should contain _
[WARNI]      [TypeHint] Skipping type opencascade::handle, should contain _
[WARNI]      [TypeHint] Skipping type opencascade::handle, should contain _
[WARNI]      [TypeHint] Skipping type opencascade::handle, should contain _
[WARNI]      [TypeHint] Skipping type opencascade::handle, should contain _
[WARNI]      [TypeHint] Skipping type opencascade::handle, should contain _
[WARNI]      [TypeHint] Skipping type opencascade::handle, should contain _
[WARNI]      [TypeHint] Skipping type opencascade::handle, should contain _
[WARNI]      [TypeHint] Skipping type opencascade::handle, should contain _
[INFO ]  Class: StepFEA_Curve3dElementProperty
[WARNI]      [TypeHint] Skip type NCollection_HArray1<opencascade::handle<StepFEA_CurveElementEndOffset, because of trailing :
[WARNI]      [TypeHint] Skip type NCollection_HArray1<opencascade::handle<StepFEA_CurveElementEndRelease, because of trailing :
[WARNI]      [TypeHint] Skip type NCollection_HArray1<opencascade::handle<StepFEA_CurveElementInterval, because of trailing :
[WARNI]      [TypeHint] Skip type NCollection_HArray1<opencascade::handle<StepFEA_CurveElementInterval, because of trailing :
[WARNI]      [TypeHint] Skip type NCollection_HArray1<opencascade::handle<StepFEA_CurveElementEndOffset, because of trailing :
[WARNI]      [TypeHint] Skip type NCollection_HArray1<opencascade::handle<StepFEA_CurveElementEndRelease, because of trailing :
[WARNI]      [TypeHint] Skip type NCollection_HArray1<opencascade::handle<StepFEA_CurveElementInterval, because of trailing :
[INFO ]  Class: StepFEA_CurveElementEndCoordinateSystem
[INFO ]  Class: StepFEA_CurveElementEndOffset
[INFO ]  Class: StepFEA_CurveElementEndRelease
[WARNI]      [TypeHint] Skip type NCollection_HArray1<opencascade::handle<StepElement_CurveElementEndReleasePacket, because of trailing :
[WARNI]      [TypeHint] Skip type NCollection_HArray1<opencascade::handle<StepElement_CurveElementEndReleasePacket, because of trailing :
[WARNI]      [TypeHint] Skip type NCollection_HArray1<opencascade::handle<StepElement_CurveElementEndReleasePacket, because of trailing :
[INFO ]  Class: StepFEA_CurveElementInterval
[INFO ]  Class: StepFEA_CurveElementLocation
[INFO ]  Class: StepFEA_DegreeOfFreedom
[INFO ]  Class: StepFEA_DegreeOfFreedomMember
[INFO ]  Class: StepFEA_ElementGeometricRelationship
[INFO ]  Class: StepFEA_ElementOrElementGroup
[INFO ]  Class: StepFEA_ElementRepresentation
[WARNI]      [TypeHint] Skip type NCollection_HArray1<opencascade::handle<StepRepr_RepresentationItem, because of trailing :
[WARNI]      [TypeHint] Skip type NCollection_HArray1<opencascade::handle<StepFEA_NodeRepresentation, because of trailing :
[WARNI]      [TypeHint] Skip type NCollection_HArray1<opencascade::handle<StepFEA_NodeRepresentation, because of trailing :
[INFO ]  Class: StepFEA_FeaAxis2Placement3d
[INFO ]  Class: StepFEA_FeaCurveSectionGeometricRelationship
[INFO ]  Class: StepFEA_FeaGroup
[INFO ]  Class: StepFEA_FeaMaterialPropertyRepresentation
[INFO ]  Class: StepFEA_FeaMaterialPropertyRepresentationItem
[INFO ]  Class: StepFEA_FeaModel
[WARNI]      [TypeHint] Skip type NCollection_HArray1<opencascade::handle<StepRepr_RepresentationItem, because of trailing :
[INFO ]  Class: StepFEA_FeaModelDefinition
[INFO ]  Class: StepFEA_FeaParametricPoint
[INFO ]  Class: StepFEA_FeaRepresentationItem
[INFO ]  Class: StepFEA_FeaSurfaceSectionGeometricRelationship
[INFO ]  Class: StepFEA_FreedomAndCoefficient
[INFO ]  Class: StepFEA_FreedomsList
[WARNI]      [TypeHint] Skipping type NCollection_HArray1<StepFEA_DegreeOfFreedom, seems to be a template
[WARNI]      [TypeHint] Skipping type NCollection_HArray1<StepFEA_DegreeOfFreedom, seems to be a template
[WARNI]      [TypeHint] Skipping type NCollection_HArray1<StepFEA_DegreeOfFreedom, seems to be a template
[INFO ]  Class: StepFEA_NodeDefinition
[INFO ]  Class: StepFEA_NodeRepresentation
[WARNI]      [TypeHint] Skip type NCollection_HArray1<opencascade::handle<StepRepr_RepresentationItem, because of trailing :
[INFO ]  Class: StepFEA_NodeSet
[WARNI]      [TypeHint] Skip type NCollection_HArray1<opencascade::handle<StepFEA_NodeRepresentation, because of trailing :
[WARNI]      [TypeHint] Skip type NCollection_HArray1<opencascade::handle<StepFEA_NodeRepresentation, because of trailing :
[WARNI]      [TypeHint] Skip type NCollection_HArray1<opencascade::handle<StepFEA_NodeRepresentation, because of trailing :
[INFO ]  Class: StepFEA_SymmetricTensor22d
[INFO ]  Class: StepFEA_SymmetricTensor23d
[INFO ]  Class: StepFEA_SymmetricTensor23dMember
[INFO ]  Class: StepFEA_SymmetricTensor42d
[INFO ]  Class: StepFEA_SymmetricTensor43d
[INFO ]      explicitly excluded method StepFEA_SymmetricTensor43d::10eaa1c4a2bc30c7ccd4171a96ac1e09
[INFO ]  Class: StepFEA_SymmetricTensor43dMember
[INFO ]  Class: StepFEA_AlignedCurve3dElementCoordinateSystem
[INFO ]  Class: StepFEA_AlignedSurface3dElementCoordinateSystem
[INFO ]  Class: StepFEA_ArbitraryVolume3dElementCoordinateSystem
[INFO ]  Class: StepFEA_ConstantSurface3dElementCoordinateSystem
[INFO ]  Class: StepFEA_Curve3dElementRepresentation
[WARNI]      [TypeHint] Skip type NCollection_HArray1<opencascade::handle<StepRepr_RepresentationItem, because of trailing :
[INFO ]  Class: StepFEA_CurveElementIntervalConstant
[INFO ]  Class: StepFEA_CurveElementIntervalLinearlyVarying
[WARNI]      [TypeHint] Skip type NCollection_HArray1<opencascade::handle<StepElement_CurveElementSectionDefinition, because of trailing :
[WARNI]      [TypeHint] Skip type NCollection_HArray1<opencascade::handle<StepElement_CurveElementSectionDefinition, because of trailing :
[WARNI]      [TypeHint] Skip type NCollection_HArray1<opencascade::handle<StepElement_CurveElementSectionDefinition, because of trailing :
[INFO ]  Class: StepFEA_DummyNode
[INFO ]  Class: StepFEA_ElementGroup
[WARNI]      [TypeHint] Skip type NCollection_HArray1<opencascade::handle<StepFEA_ElementRepresentation, because of trailing :
[WARNI]      [TypeHint] Skip type NCollection_HArray1<opencascade::handle<StepFEA_ElementRepresentation, because of trailing :
[WARNI]      [TypeHint] Skip type NCollection_HArray1<opencascade::handle<StepFEA_ElementRepresentation, because of trailing :
[INFO ]  Class: StepFEA_FeaAreaDensity
[INFO ]  Class: StepFEA_FeaLinearElasticity
[INFO ]  Class: StepFEA_FeaMassDensity
[INFO ]  Class: StepFEA_FeaModel3d
[INFO ]  Class: StepFEA_FeaMoistureAbsorption
[INFO ]  Class: StepFEA_FeaSecantCoefficientOfLinearThermalExpansion
[INFO ]  Class: StepFEA_FeaShellBendingStiffness
[INFO ]  Class: StepFEA_FeaShellMembraneBendingCouplingStiffness
[INFO ]  Class: StepFEA_FeaShellMembraneStiffness
[INFO ]  Class: StepFEA_FeaShellShearStiffness
[INFO ]  Class: StepFEA_FeaTangentialCoefficientOfLinearThermalExpansion
[INFO ]  Class: StepFEA_GeometricNode
[INFO ]  Class: StepFEA_Node
[INFO ]  Class: StepFEA_NodeGroup
[WARNI]      [TypeHint] Skip type NCollection_HArray1<opencascade::handle<StepFEA_NodeRepresentation, because of trailing :
[WARNI]      [TypeHint] Skip type NCollection_HArray1<opencascade::handle<StepFEA_NodeRepresentation, because of trailing :
[WARNI]      [TypeHint] Skip type NCollection_HArray1<opencascade::handle<StepFEA_NodeRepresentation, because of trailing :
[INFO ]  Class: StepFEA_ParametricCurve3dElementCoordinateDirection
[INFO ]  Class: StepFEA_ParametricCurve3dElementCoordinateSystem
[INFO ]  Class: StepFEA_ParametricSurface3dElementCoordinateSystem
[INFO ]  Class: StepFEA_Surface3dElementRepresentation
[WARNI]      [TypeHint] Skip type NCollection_HArray1<opencascade::handle<StepRepr_RepresentationItem, because of trailing :
[INFO ]  Class: StepFEA_Volume3dElementRepresentation
[WARNI]      [TypeHint] Skip type NCollection_HArray1<opencascade::handle<StepRepr_RepresentationItem, because of trailing :
[INFO ]  Class: StepFEA_NodeWithSolutionCoordinateSystem
[INFO ]  Class: StepFEA_NodeWithVector
[INFO ]  Processing toolkit TKSTEPAttr ===
[INFO ]  ## Processing module RWStepDimTol
[WARNI]  No file for module RWStepDimTol. Please check that the module name is part of occt.
[INFO ]  ## Processing module RWStepKinematics
[WARNI]  No file for module RWStepKinematics. Please check that the module name is part of occt.
[INFO ]  ## Processing module RWStepVisual
[WARNI]  No file for module RWStepVisual. Please check that the module name is part of occt.
[INFO ]  ## Processing module StepDimTol
[INFO ]  Enum: StepDimTol_AreaUnitType
[INFO ]  Enum: StepDimTol_DatumReferenceModifierType
[INFO ]  Enum: StepDimTol_GeometricToleranceModifier
[INFO ]  Enum: StepDimTol_GeometricToleranceType
[INFO ]  Enum: StepDimTol_LimitCondition
[INFO ]  Enum: StepDimTol_SimpleDatumReferenceModifier
[WARNI]      [TypeHint] Skipping type opencascade::handle, should contain _
[WARNI]      [TypeHint] Skipping type opencascade::handle, should contain _
[WARNI]      [TypeHint] Skipping type opencascade::handle, should contain _
[WARNI]      [TypeHint] Skipping type opencascade::handle, should contain _
[WARNI]      [TypeHint] Skipping type opencascade::handle, should contain _
[WARNI]      [TypeHint] Skipping type opencascade::handle, should contain _
[INFO ]  Class: StepDimTol_CommonDatum
[INFO ]  Class: StepDimTol_Datum
[INFO ]  Class: StepDimTol_DatumFeature
[INFO ]  Class: StepDimTol_DatumOrCommonDatum
[WARNI]      [TypeHint] Skip type NCollection_HArray1<opencascade::handle<StepDimTol_DatumReferenceElement, because of trailing :
[INFO ]  Class: StepDimTol_DatumReference
[INFO ]  Class: StepDimTol_DatumReferenceModifier
[INFO ]  Class: StepDimTol_DatumReferenceModifierWithValue
[INFO ]  Class: StepDimTol_DatumSystem
[WARNI]      [TypeHint] Skip type NCollection_HArray1<opencascade::handle<StepDimTol_DatumReferenceCompartment, because of trailing :
[WARNI]      [TypeHint] Skip type NCollection_HArray1<opencascade::handle<StepDimTol_DatumReferenceCompartment, because of trailing :
[WARNI]      [TypeHint] Skip type NCollection_HArray1<opencascade::handle<StepDimTol_DatumReferenceCompartment, because of trailing :
[INFO ]  Class: StepDimTol_DatumSystemOrReference
[INFO ]  Class: StepDimTol_DatumTarget
[INFO ]  Class: StepDimTol_GeneralDatumReference
[WARNI]      [TypeHint] Skipping type NCollection_HArray1<StepDimTol_DatumReferenceModifier, seems to be a template
[WARNI]      [TypeHint] Skipping type NCollection_HArray1<StepDimTol_DatumReferenceModifier, seems to be a template
[WARNI]      [TypeHint] Skipping type NCollection_HArray1<StepDimTol_DatumReferenceModifier, seems to be a template
[INFO ]  Class: StepDimTol_GeometricTolerance
[INFO ]  Class: StepDimTol_GeometricToleranceRelationship
[INFO ]  Class: StepDimTol_GeometricToleranceTarget
[INFO ]  Class: StepDimTol_RunoutZoneOrientation
[INFO ]  Class: StepDimTol_ShapeToleranceSelect
[INFO ]  Class: StepDimTol_SimpleDatumReferenceModifierMember
[INFO ]  Class: StepDimTol_ToleranceZone
[WARNI]      [TypeHint] Skipping type NCollection_HArray1<StepDimTol_ToleranceZoneTarget, seems to be a template
[WARNI]      [TypeHint] Skipping type NCollection_HArray1<StepDimTol_ToleranceZoneTarget, seems to be a template
[WARNI]      [TypeHint] Skipping type NCollection_HArray1<StepDimTol_ToleranceZoneTarget, seems to be a template
[INFO ]  Class: StepDimTol_ToleranceZoneDefinition
[WARNI]      [TypeHint] Skip type NCollection_HArray1<opencascade::handle<StepRepr_ShapeAspect, because of trailing :
[WARNI]      [TypeHint] Skip type NCollection_HArray1<opencascade::handle<StepRepr_ShapeAspect, because of trailing :
[WARNI]      [TypeHint] Skip type NCollection_HArray1<opencascade::handle<StepRepr_ShapeAspect, because of trailing :
[INFO ]  Class: StepDimTol_ToleranceZoneForm
[INFO ]  Class: StepDimTol_ToleranceZoneTarget
[INFO ]  Class: StepDimTol_CylindricityTolerance
[INFO ]  Class: StepDimTol_DatumReferenceCompartment
[INFO ]  Class: StepDimTol_DatumReferenceElement
[INFO ]  Class: StepDimTol_FlatnessTolerance
[INFO ]  Class: StepDimTol_GeoTolAndGeoTolWthDatRef
[INFO ]  Class: StepDimTol_GeoTolAndGeoTolWthDatRefAndGeoTolWthMod
[INFO ]  Class: StepDimTol_GeoTolAndGeoTolWthDatRefAndModGeoTolAndPosTol
[INFO ]  Class: StepDimTol_GeoTolAndGeoTolWthMod
[INFO ]  Class: StepDimTol_GeometricToleranceWithDatumReference
[WARNI]      [TypeHint] Skip type NCollection_HArray1<opencascade::handle<StepDimTol_DatumReference, because of trailing :
[WARNI]      [TypeHint] Skipping type NCollection_HArray1<StepDimTol_DatumSystemOrReference, seems to be a template
[WARNI]      [TypeHint] Skip type NCollection_HArray1<opencascade::handle<StepDimTol_DatumReference, because of trailing :
[WARNI]      [TypeHint] Skipping type NCollection_HArray1<StepDimTol_DatumSystemOrReference, seems to be a template
[WARNI]      [TypeHint] Skip type NCollection_HArray1<opencascade::handle<StepDimTol_DatumReference, because of trailing :
[WARNI]      [TypeHint] Skipping type NCollection_HArray1<StepDimTol_DatumSystemOrReference, seems to be a template
[INFO ]  Class: StepDimTol_GeometricToleranceWithDefinedUnit
[INFO ]  Class: StepDimTol_GeometricToleranceWithModifiers
[WARNI]      [TypeHint] Skipping type NCollection_HArray1<StepDimTol_GeometricToleranceModifier, seems to be a template
[WARNI]      [TypeHint] Skipping type NCollection_HArray1<StepDimTol_GeometricToleranceModifier, seems to be a template
[WARNI]      [TypeHint] Skipping type NCollection_HArray1<StepDimTol_GeometricToleranceModifier, seems to be a template
[INFO ]  Class: StepDimTol_LineProfileTolerance
[INFO ]  Class: StepDimTol_ModifiedGeometricTolerance
[INFO ]  Class: StepDimTol_NonUniformZoneDefinition
[INFO ]  Class: StepDimTol_PlacedDatumTargetFeature
[INFO ]  Class: StepDimTol_PositionTolerance
[INFO ]  Class: StepDimTol_ProjectedZoneDefinition
[WARNI]      [TypeHint] Skip type NCollection_HArray1<opencascade::handle<StepRepr_ShapeAspect, because of trailing :
[INFO ]  Class: StepDimTol_RoundnessTolerance
[INFO ]  Class: StepDimTol_RunoutZoneDefinition
[WARNI]      [TypeHint] Skip type NCollection_HArray1<opencascade::handle<StepRepr_ShapeAspect, because of trailing :
[INFO ]  Class: StepDimTol_StraightnessTolerance
[INFO ]  Class: StepDimTol_SurfaceProfileTolerance
[INFO ]  Class: StepDimTol_UnequallyDisposedGeometricTolerance
[INFO ]  Class: StepDimTol_AngularityTolerance
[INFO ]  Class: StepDimTol_CircularRunoutTolerance
[INFO ]  Class: StepDimTol_CoaxialityTolerance
[INFO ]  Class: StepDimTol_ConcentricityTolerance
[INFO ]  Class: StepDimTol_GeoTolAndGeoTolWthDatRefAndGeoTolWthMaxTol
[INFO ]  Class: StepDimTol_GeoTolAndGeoTolWthDatRefAndUneqDisGeoTol
[INFO ]  Class: StepDimTol_GeoTolAndGeoTolWthMaxTol
[INFO ]  Class: StepDimTol_GeometricToleranceWithDefinedAreaUnit
[INFO ]  Class: StepDimTol_GeometricToleranceWithMaximumTolerance
[WARNI]      [TypeHint] Skipping type NCollection_HArray1<StepDimTol_GeometricToleranceModifier, seems to be a template
[INFO ]  Class: StepDimTol_ParallelismTolerance
[INFO ]  Class: StepDimTol_PerpendicularityTolerance
[INFO ]  Class: StepDimTol_SymmetryTolerance
[INFO ]  Class: StepDimTol_TotalRunoutTolerance
[INFO ]  ## Processing module StepKinematics
[INFO ]  Enum: StepKinematics_ActuatedDirection
[INFO ]  Class: StepKinematics_ContextDependentKinematicLinkRepresentation
[INFO ]  Class: StepKinematics_KinematicJoint
[INFO ]  Class: StepKinematics_KinematicLink
[INFO ]  Class: StepKinematics_KinematicLinkRepresentation
[WARNI]      [TypeHint] Skip type NCollection_HArray1<opencascade::handle<StepRepr_RepresentationItem, because of trailing :
[INFO ]  Class: StepKinematics_KinematicLinkRepresentationAssociation
[INFO ]  Class: StepKinematics_KinematicPair
[INFO ]  Class: StepKinematics_KinematicPropertyDefinitionRepresentation
[INFO ]  Class: StepKinematics_KinematicTopologyDirectedStructure
[WARNI]      [TypeHint] Skip type NCollection_HArray1<opencascade::handle<StepRepr_RepresentationItem, because of trailing :
[INFO ]  Class: StepKinematics_KinematicTopologyNetworkStructure
[WARNI]      [TypeHint] Skip type NCollection_HArray1<opencascade::handle<StepRepr_RepresentationItem, because of trailing :
[INFO ]  Class: StepKinematics_KinematicTopologyRepresentationSelect
[INFO ]  Class: StepKinematics_KinematicTopologyStructure
[INFO ]  Class: StepKinematics_MechanismRepresentation
[WARNI]      [TypeHint] Skip type NCollection_HArray1<opencascade::handle<StepRepr_RepresentationItem, because of trailing :
[INFO ]  Class: StepKinematics_MechanismStateRepresentation
[WARNI]      [TypeHint] Skip type NCollection_HArray1<opencascade::handle<StepRepr_RepresentationItem, because of trailing :
[INFO ]  Class: StepKinematics_OrientedJoint
[INFO ]  Class: StepKinematics_PairRepresentationRelationship
[INFO ]  Class: StepKinematics_PairValue
[INFO ]  Class: StepKinematics_ProductDefinitionKinematics
[INFO ]  Class: StepKinematics_ProductDefinitionRelationshipKinematics
[INFO ]  Class: StepKinematics_RigidPlacement
[INFO ]  Class: StepKinematics_RotationAboutDirection
[INFO ]  Class: StepKinematics_SpatialRotation
[INFO ]  Class: StepKinematics_SphericalPairSelect
[INFO ]  Class: StepKinematics_ActuatedKinPairAndOrderKinPair
[INFO ]  Class: StepKinematics_ActuatedKinematicPair
[INFO ]  Class: StepKinematics_CylindricalPairValue
[INFO ]  Class: StepKinematics_GearPairValue
[INFO ]  Class: StepKinematics_HighOrderKinematicPair
[INFO ]  Class: StepKinematics_KinematicPropertyMechanismRepresentation
[INFO ]  Class: StepKinematics_LinearFlexibleLinkRepresentation
[INFO ]  Class: StepKinematics_LowOrderKinematicPair
[INFO ]  Class: StepKinematics_LowOrderKinematicPairValue
[INFO ]  Class: StepKinematics_LowOrderKinematicPairWithMotionCoupling
[INFO ]  Class: StepKinematics_PlanarPairValue
[INFO ]  Class: StepKinematics_PointOnPlanarCurvePairValue
[INFO ]  Class: StepKinematics_PointOnSurfacePairValue
[INFO ]  Class: StepKinematics_PrismaticPairValue
[INFO ]  Class: StepKinematics_RackAndPinionPairValue
[INFO ]  Class: StepKinematics_RevolutePairValue
[INFO ]  Class: StepKinematics_RigidLinkRepresentation
[INFO ]  Class: StepKinematics_RollingCurvePairValue
[INFO ]  Class: StepKinematics_RollingSurfacePairValue
[INFO ]  Class: StepKinematics_ScrewPairValue
[INFO ]  Class: StepKinematics_SlidingCurvePairValue
[INFO ]  Class: StepKinematics_SlidingSurfacePairValue
[INFO ]  Class: StepKinematics_SphericalPairValue
[INFO ]  Class: StepKinematics_UnconstrainedPairValue
[INFO ]  Class: StepKinematics_UniversalPairValue
[INFO ]  Class: StepKinematics_CylindricalPair
[INFO ]  Class: StepKinematics_FullyConstrainedPair
[INFO ]  Class: StepKinematics_GearPair
[INFO ]  Class: StepKinematics_LinearFlexibleAndPinionPair
[INFO ]  Class: StepKinematics_LinearFlexibleAndPlanarCurvePair
[INFO ]  Class: StepKinematics_LowOrderKinematicPairWithRange
[INFO ]  Class: StepKinematics_PlanarCurvePair
[INFO ]  Class: StepKinematics_PlanarPair
[INFO ]  Class: StepKinematics_PointOnPlanarCurvePair
[INFO ]  Class: StepKinematics_PointOnSurfacePair
[INFO ]  Class: StepKinematics_PrismaticPair
[INFO ]  Class: StepKinematics_RackAndPinionPair
[INFO ]  Class: StepKinematics_RevolutePair
[INFO ]  Class: StepKinematics_ScrewPair
[INFO ]  Class: StepKinematics_SphericalPair
[INFO ]  Class: StepKinematics_SphericalPairWithPin
[INFO ]  Class: StepKinematics_SurfacePair
[INFO ]  Class: StepKinematics_UnconstrainedPair
[INFO ]  Class: StepKinematics_UniversalPair
[INFO ]  Class: StepKinematics_CylindricalPairWithRange
[INFO ]  Class: StepKinematics_GearPairWithRange
[INFO ]  Class: StepKinematics_HomokineticPair
[INFO ]  Class: StepKinematics_PlanarCurvePairRange
[INFO ]  Class: StepKinematics_PlanarPairWithRange
[INFO ]  Class: StepKinematics_PointOnPlanarCurvePairWithRange
[INFO ]  Class: StepKinematics_PointOnSurfacePairWithRange
[INFO ]  Class: StepKinematics_PrismaticPairWithRange
[INFO ]  Class: StepKinematics_RackAndPinionPairWithRange
[INFO ]  Class: StepKinematics_RevolutePairWithRange
[INFO ]  Class: StepKinematics_RollingCurvePair
[INFO ]  Class: StepKinematics_RollingSurfacePair
[INFO ]  Class: StepKinematics_ScrewPairWithRange
[INFO ]  Class: StepKinematics_SlidingCurvePair
[INFO ]  Class: StepKinematics_SlidingSurfacePair
[INFO ]  Class: StepKinematics_SphericalPairWithPinAndRange
[INFO ]  Class: StepKinematics_SphericalPairWithRange
[INFO ]  Class: StepKinematics_SurfacePairWithRange
[INFO ]  Class: StepKinematics_UniversalPairWithRange
[INFO ]  ## Processing module StepVisual
[INFO ]  Enum: StepVisual_CentralOrParallel
[INFO ]  Enum: StepVisual_MarkerType
[INFO ]  Enum: StepVisual_NullStyle
[INFO ]  Enum: StepVisual_ShadingSurfaceMethod
[INFO ]  Enum: StepVisual_SurfaceSide
[INFO ]  Enum: StepVisual_TextPath
[WARNI]      [TypeHint] Skipping type opencascade::handle, should contain _
[WARNI]      [TypeHint] Skipping type opencascade::handle, should contain _
[WARNI]      [TypeHint] Skipping type opencascade::handle, should contain _
[WARNI]      [TypeHint] Skipping type opencascade::handle, should contain _
[WARNI]      [TypeHint] Skipping type opencascade::handle, should contain _
[WARNI]      [TypeHint] Skipping type opencascade::handle, should contain _
[INFO ]  Class: StepVisual_AnnotationFillArea
[INFO ]  Class: StepVisual_AnnotationPlaneElement
[INFO ]  Class: StepVisual_AnnotationText
[INFO ]  Class: StepVisual_AreaInSet
[INFO ]  Class: StepVisual_AreaOrView
[INFO ]  Class: StepVisual_BoxCharacteristicSelect
[INFO ]  Class: StepVisual_CameraImage
[INFO ]  Class: StepVisual_CameraModel
[INFO ]  Class: StepVisual_CameraModelD3MultiClippingInterectionSelect
[INFO ]  Class: StepVisual_CameraModelD3MultiClippingIntersection
[WARNI]      [TypeHint] Skipping type NCollection_HArray1<StepVisual_CameraModelD3MultiClippingInterectionSelect, seems to be a template
[WARNI]      [TypeHint] Skipping type NCollection_HArray1<StepVisual_CameraModelD3MultiClippingInterectionSelect, seems to be a template
[WARNI]      [TypeHint] Skipping type NCollection_HArray1<StepVisual_CameraModelD3MultiClippingInterectionSelect, seems to be a template
[INFO ]  Class: StepVisual_CameraModelD3MultiClippingUnion
[WARNI]      [TypeHint] Skipping type NCollection_HArray1<StepVisual_CameraModelD3MultiClippingUnionSelect, seems to be a template
[WARNI]      [TypeHint] Skipping type NCollection_HArray1<StepVisual_CameraModelD3MultiClippingUnionSelect, seems to be a template
[WARNI]      [TypeHint] Skipping type NCollection_HArray1<StepVisual_CameraModelD3MultiClippingUnionSelect, seems to be a template
[INFO ]  Class: StepVisual_CameraModelD3MultiClippingUnionSelect
[INFO ]  Class: StepVisual_CameraUsage
[INFO ]  Class: StepVisual_Colour
[INFO ]  Class: StepVisual_CompositeText
[WARNI]      [TypeHint] Skipping type NCollection_HArray1<StepVisual_TextOrCharacter, seems to be a template
[WARNI]      [TypeHint] Skipping type NCollection_HArray1<StepVisual_TextOrCharacter, seems to be a template
[WARNI]      [TypeHint] Skipping type NCollection_HArray1<StepVisual_TextOrCharacter, seems to be a template
[INFO ]  Class: StepVisual_CurveStyle
[INFO ]  Class: StepVisual_CurveStyleFont
[WARNI]      [TypeHint] Skip type NCollection_HArray1<opencascade::handle<StepVisual_CurveStyleFontPattern, because of trailing :
[WARNI]      [TypeHint] Skip type NCollection_HArray1<opencascade::handle<StepVisual_CurveStyleFontPattern, because of trailing :
[WARNI]      [TypeHint] Skip type NCollection_HArray1<opencascade::handle<StepVisual_CurveStyleFontPattern, because of trailing :
[INFO ]  Class: StepVisual_CurveStyleFontPattern
[INFO ]  Class: StepVisual_CurveStyleFontSelect
[INFO ]  Class: StepVisual_DirectionCountSelect
[INFO ]  Class: StepVisual_DraughtingCallout
[WARNI]      [TypeHint] Skipping type NCollection_HArray1<StepVisual_DraughtingCalloutElement, seems to be a template
[WARNI]      [TypeHint] Skipping type NCollection_HArray1<StepVisual_DraughtingCalloutElement, seems to be a template
[WARNI]      [TypeHint] Skipping type NCollection_HArray1<StepVisual_DraughtingCalloutElement, seems to be a template
[INFO ]  Class: StepVisual_DraughtingCalloutElement
[INFO ]  Class: StepVisual_DraughtingModel
[INFO ]  Class: StepVisual_EdgeOrCurve
[INFO ]  Class: StepVisual_ExternallyDefinedCurveFont
[INFO ]  Class: StepVisual_ExternallyDefinedTextFont
[INFO ]  Class: StepVisual_FaceOrSurface
[INFO ]  Class: StepVisual_FillAreaStyle
[WARNI]      [TypeHint] Skipping type NCollection_HArray1<StepVisual_FillStyleSelect, seems to be a template
[WARNI]      [TypeHint] Skipping type NCollection_HArray1<StepVisual_FillStyleSelect, seems to be a template
[WARNI]      [TypeHint] Skipping type NCollection_HArray1<StepVisual_FillStyleSelect, seems to be a template
[INFO ]  Class: StepVisual_FillAreaStyleColour
[INFO ]  Class: StepVisual_FillStyleSelect
[INFO ]  Class: StepVisual_FontSelect
[INFO ]  Class: StepVisual_Invisibility
[WARNI]      [TypeHint] Skipping type NCollection_HArray1<StepVisual_InvisibleItem, seems to be a template
[WARNI]      [TypeHint] Skipping type NCollection_HArray1<StepVisual_InvisibleItem, seems to be a template
[WARNI]      [TypeHint] Skipping type NCollection_HArray1<StepVisual_InvisibleItem, seems to be a template
[INFO ]  Class: StepVisual_InvisibilityContext
[INFO ]  Class: StepVisual_InvisibleItem
[INFO ]  Class: StepVisual_LayeredItem
[INFO ]  Class: StepVisual_MarkerMember
[INFO ]  Class: StepVisual_MarkerSelect
[INFO ]  Class: StepVisual_NullStyleMember
[INFO ]  Class: StepVisual_PathOrCompositeCurve
[INFO ]  Class: StepVisual_PlanarExtent
[INFO ]  Class: StepVisual_PointStyle
[INFO ]  Class: StepVisual_PreDefinedItem
[INFO ]  Class: StepVisual_PresentationLayerAssignment
[WARNI]      [TypeHint] Skipping type NCollection_HArray1<StepVisual_LayeredItem, seems to be a template
[WARNI]      [TypeHint] Skipping type NCollection_HArray1<StepVisual_LayeredItem, seems to be a template
[WARNI]      [TypeHint] Skipping type NCollection_HArray1<StepVisual_LayeredItem, seems to be a template
[INFO ]  Class: StepVisual_PresentationLayerUsage
[INFO ]  Class: StepVisual_PresentationRepresentation
[INFO ]  Class: StepVisual_PresentationRepresentationSelect
[INFO ]  Class: StepVisual_PresentationSet
[INFO ]  Class: StepVisual_PresentationSize
[INFO ]  Class: StepVisual_PresentationSizeAssignmentSelect
[INFO ]  Class: StepVisual_PresentationStyleAssignment
[WARNI]      [TypeHint] Skipping type NCollection_HArray1<StepVisual_PresentationStyleSelect, seems to be a template
[WARNI]      [TypeHint] Skipping type NCollection_HArray1<StepVisual_PresentationStyleSelect, seems to be a template
[WARNI]      [TypeHint] Skipping type NCollection_HArray1<StepVisual_PresentationStyleSelect, seems to be a template
[INFO ]  Class: StepVisual_PresentationStyleSelect
[INFO ]  Class: StepVisual_PresentedItem
[INFO ]  Class: StepVisual_PresentedItemRepresentation
[INFO ]  Class: StepVisual_RenderingPropertiesSelect
[INFO ]  Class: StepVisual_StyleContextSelect
[INFO ]  Class: StepVisual_StyledItem
[WARNI]      [TypeHint] Skip type NCollection_HArray1<opencascade::handle<StepVisual_PresentationStyleAssignment, because of trailing :
[WARNI]      [TypeHint] Skip type NCollection_HArray1<opencascade::handle<StepVisual_PresentationStyleAssignment, because of trailing :
[WARNI]      [TypeHint] Skip type NCollection_HArray1<opencascade::handle<StepVisual_PresentationStyleAssignment, because of trailing :
[INFO ]  Class: StepVisual_StyledItemTarget
[INFO ]  Class: StepVisual_SurfaceSideStyle
[WARNI]      [TypeHint] Skipping type NCollection_HArray1<StepVisual_SurfaceStyleElementSelect, seems to be a template
[WARNI]      [TypeHint] Skipping type NCollection_HArray1<StepVisual_SurfaceStyleElementSelect, seems to be a template
[WARNI]      [TypeHint] Skipping type NCollection_HArray1<StepVisual_SurfaceStyleElementSelect, seems to be a template
[INFO ]  Class: StepVisual_SurfaceStyleBoundary
[INFO ]  Class: StepVisual_SurfaceStyleControlGrid
[INFO ]  Class: StepVisual_SurfaceStyleElementSelect
[INFO ]  Class: StepVisual_SurfaceStyleFillArea
[INFO ]  Class: StepVisual_SurfaceStyleParameterLine
[WARNI]      [TypeHint] Skipping type NCollection_HArray1<StepVisual_DirectionCountSelect, seems to be a template
[WARNI]      [TypeHint] Skipping type NCollection_HArray1<StepVisual_DirectionCountSelect, seems to be a template
[WARNI]      [TypeHint] Skipping type NCollection_HArray1<StepVisual_DirectionCountSelect, seems to be a template
[INFO ]  Class: StepVisual_SurfaceStyleReflectanceAmbient
[INFO ]  Class: StepVisual_SurfaceStyleRendering
[INFO ]  Class: StepVisual_SurfaceStyleSegmentationCurve
[INFO ]  Class: StepVisual_SurfaceStyleSilhouette
[INFO ]  Class: StepVisual_SurfaceStyleTransparent
[INFO ]  Class: StepVisual_SurfaceStyleUsage
[INFO ]  Class: StepVisual_Template
[INFO ]  Class: StepVisual_TemplateInstance
[INFO ]  Class: StepVisual_TessellatedEdgeOrVertex
[INFO ]  Class: StepVisual_TessellatedItem
[INFO ]  Class: StepVisual_TessellatedShapeRepresentation
[INFO ]  Class: StepVisual_TextLiteral
[INFO ]  Class: StepVisual_TextOrCharacter
[INFO ]  Class: StepVisual_TextStyle
[INFO ]  Class: StepVisual_TextStyleForDefinedFont
[INFO ]  Class: StepVisual_ViewVolume
[INFO ]  Class: StepVisual_AnnotationOccurrence
[INFO ]  Class: StepVisual_BackgroundColour
[INFO ]  Class: StepVisual_CameraImage2dWithScale
[INFO ]  Class: StepVisual_CameraImage3dWithScale
[INFO ]  Class: StepVisual_CameraModelD2
[INFO ]  Class: StepVisual_CameraModelD3
[INFO ]  Class: StepVisual_CharacterizedObjAndRepresentationAndDraughtingModel
[INFO ]  Class: StepVisual_ColourSpecification
[INFO ]  Class: StepVisual_CompositeTextWithExtent
[WARNI]      [TypeHint] Skipping type NCollection_HArray1<StepVisual_TextOrCharacter, seems to be a template
[INFO ]  Class: StepVisual_ContextDependentInvisibility
[WARNI]      [TypeHint] Skipping type NCollection_HArray1<StepVisual_InvisibleItem, seems to be a template
[INFO ]  Class: StepVisual_CoordinatesList
[INFO ]  Class: StepVisual_MechanicalDesignGeometricPresentationRepresentation
[INFO ]  Class: StepVisual_OverRidingStyledItem
[WARNI]      [TypeHint] Skip type NCollection_HArray1<opencascade::handle<StepVisual_PresentationStyleAssignment, because of trailing :
[INFO ]  Class: StepVisual_PlanarBox
[INFO ]  Class: StepVisual_PreDefinedColour
[INFO ]  Class: StepVisual_PreDefinedCurveFont
[INFO ]  Class: StepVisual_PreDefinedTextFont
[INFO ]  Class: StepVisual_PresentationArea
[INFO ]  Class: StepVisual_PresentationStyleByContext
[WARNI]      [TypeHint] Skipping type NCollection_HArray1<StepVisual_PresentationStyleSelect, seems to be a template
[INFO ]  Class: StepVisual_PresentationView
[INFO ]  Class: StepVisual_RepositionedTessellatedItem
[INFO ]  Class: StepVisual_SurfaceStyleReflectanceAmbientDiffuse
[INFO ]  Class: StepVisual_SurfaceStyleRenderingWithProperties
[WARNI]      [TypeHint] Skipping type NCollection_HArray1<StepVisual_RenderingPropertiesSelect, seems to be a template
[WARNI]      [TypeHint] Skipping type NCollection_HArray1<StepVisual_RenderingPropertiesSelect, seems to be a template
[WARNI]      [TypeHint] Skipping type NCollection_HArray1<StepVisual_RenderingPropertiesSelect, seems to be a template
[INFO ]  Class: StepVisual_TessellatedAnnotationOccurrence
[INFO ]  Class: StepVisual_TessellatedCurveSet
[WARNI]      [TypeHint] Skip type NCollection_Handle<NCollection_DynamicArray<opencascade::handle<TColStd_HSequenceOfInteger>>>, because of trailing :
[WARNI]      [TypeHint] Skip type NCollection_Handle<NCollection_DynamicArray<opencascade::handle<TColStd_HSequenceOfInteger>, because of trailing :
[INFO ]  Class: StepVisual_TessellatedGeometricSet
[WARNI]      [TypeHint] Skip type NCollection_Handle<NCollection_Array1<opencascade::handle<StepVisual_TessellatedItem>>, because of trailing :
[WARNI]      [TypeHint] Skip type NCollection_Handle<NCollection_Array1<opencascade::handle<StepVisual_TessellatedItem>>>, because of trailing :
[INFO ]  Class: StepVisual_TessellatedPointSet
[INFO ]  Class: StepVisual_TessellatedShapeRepresentationWithAccuracyParameters
[WARNI]      [TypeHint] Skip type NCollection_HArray1<opencascade::handle<StepRepr_RepresentationItem, because of trailing :
[WARNI]      [TypeHint] Skipping type const double &, should contain _
[INFO ]  Class: StepVisual_TessellatedShell
[WARNI]      [TypeHint] Skip type NCollection_HArray1<opencascade::handle<StepVisual_TessellatedStructuredItem, because of trailing :
[WARNI]      [TypeHint] Skip type NCollection_HArray1<opencascade::handle<StepVisual_TessellatedStructuredItem, because of trailing :
[WARNI]      [TypeHint] Skip type NCollection_HArray1<opencascade::handle<StepVisual_TessellatedStructuredItem, because of trailing :
[INFO ]  Class: StepVisual_TessellatedSolid
[WARNI]      [TypeHint] Skip type NCollection_HArray1<opencascade::handle<StepVisual_TessellatedStructuredItem, because of trailing :
[WARNI]      [TypeHint] Skip type NCollection_HArray1<opencascade::handle<StepVisual_TessellatedStructuredItem, because of trailing :
[WARNI]      [TypeHint] Skip type NCollection_HArray1<opencascade::handle<StepVisual_TessellatedStructuredItem, because of trailing :
[INFO ]  Class: StepVisual_TessellatedStructuredItem
[INFO ]  Class: StepVisual_TessellatedSurfaceSet
[INFO ]  Class: StepVisual_TessellatedWire
[WARNI]      [TypeHint] Skipping type NCollection_HArray1<StepVisual_TessellatedEdgeOrVertex, seems to be a template
[WARNI]      [TypeHint] Skipping type NCollection_HArray1<StepVisual_TessellatedEdgeOrVertex, seems to be a template
[WARNI]      [TypeHint] Skipping type NCollection_HArray1<StepVisual_TessellatedEdgeOrVertex, seems to be a template
[INFO ]  Class: StepVisual_TextStyleWithBoxCharacteristics
[WARNI]      [TypeHint] Skipping type NCollection_HArray1<StepVisual_BoxCharacteristicSelect, seems to be a template
[WARNI]      [TypeHint] Skipping type NCollection_HArray1<StepVisual_BoxCharacteristicSelect, seems to be a template
[WARNI]      [TypeHint] Skipping type NCollection_HArray1<StepVisual_BoxCharacteristicSelect, seems to be a template
[INFO ]  Class: StepVisual_AnnotationCurveOccurrence
[INFO ]  Class: StepVisual_AnnotationFillAreaOccurrence
[WARNI]      [TypeHint] Skip type NCollection_HArray1<opencascade::handle<StepVisual_PresentationStyleAssignment, because of trailing :
[INFO ]  Class: StepVisual_AnnotationPlane
[WARNI]      [TypeHint] Skipping type NCollection_HArray1<StepVisual_AnnotationPlaneElement, seems to be a template
[WARNI]      [TypeHint] Skip type NCollection_HArray1<opencascade::handle<StepVisual_PresentationStyleAssignment, because of trailing :
[WARNI]      [TypeHint] Skipping type NCollection_HArray1<StepVisual_AnnotationPlaneElement, seems to be a template
[INFO ]  Class: StepVisual_AnnotationTextOccurrence
[INFO ]  Class: StepVisual_CameraModelD3MultiClipping
[WARNI]      [TypeHint] Skipping type NCollection_HArray1<StepVisual_CameraModelD3MultiClippingInterectionSelect, seems to be a template
[WARNI]      [TypeHint] Skipping type NCollection_HArray1<StepVisual_CameraModelD3MultiClippingInterectionSelect, seems to be a template
[WARNI]      [TypeHint] Skipping type NCollection_HArray1<StepVisual_CameraModelD3MultiClippingInterectionSelect, seems to be a template
[INFO ]  Class: StepVisual_ColourRgb
[INFO ]  Class: StepVisual_ComplexTriangulatedSurfaceSet
[INFO ]  Class: StepVisual_ContextDependentOverRidingStyledItem
[WARNI]      [TypeHint] Skip type NCollection_HArray1<opencascade::handle<StepVisual_PresentationStyleAssignment, because of trailing :
[WARNI]      [TypeHint] Skipping type NCollection_HArray1<StepVisual_StyleContextSelect, seems to be a template
[WARNI]      [TypeHint] Skipping type NCollection_HArray1<StepVisual_StyleContextSelect, seems to be a template
[INFO ]  Class: StepVisual_DraughtingAnnotationOccurrence
[INFO ]  Class: StepVisual_DraughtingPreDefinedColour
[INFO ]  Class: StepVisual_DraughtingPreDefinedCurveFont
[INFO ]  Class: StepVisual_MechanicalDesignGeometricPresentationArea
[INFO ]  Class: StepVisual_RepositionedTessellatedGeometricSet
[WARNI]      [TypeHint] Skip type NCollection_Handle<NCollection_Array1<opencascade::handle<StepVisual_TessellatedItem>>, because of trailing :
[INFO ]  Class: StepVisual_SurfaceStyleReflectanceAmbientDiffuseSpecular
[INFO ]  Class: StepVisual_TessellatedEdge
[INFO ]  Class: StepVisual_TessellatedFace
[INFO ]  Class: StepVisual_TessellatedVertex
[INFO ]  Class: StepVisual_TriangulatedSurfaceSet
[INFO ]  Class: StepVisual_AnnotationCurveOccurrenceAndGeomReprItem
[INFO ]  Class: StepVisual_ComplexTriangulatedFace
[INFO ]  Class: StepVisual_CubicBezierTessellatedEdge
[INFO ]  Class: StepVisual_CubicBezierTriangulatedFace
[INFO ]  Class: StepVisual_TessellatedConnectingEdge
[INFO ]  Class: StepVisual_TriangulatedFace
[INFO ]  Processing toolkit TKSTEPBase ===
[INFO ]  ## Processing module RWStepBasic
[WARNI]  No file for module RWStepBasic. Please check that the module name is part of occt.
[INFO ]  ## Processing module RWStepGeom
[WARNI]  No file for module RWStepGeom. Please check that the module name is part of occt.
[INFO ]  ## Processing module RWStepRepr
[WARNI]  No file for module RWStepRepr. Please check that the module name is part of occt.
[INFO ]  ## Processing module RWStepShape
[WARNI]  No file for module RWStepShape. Please check that the module name is part of occt.
[INFO ]  ## Processing module StepBasic
[INFO ]  Enum: StepBasic_AheadOrBehind
[INFO ]  Enum: StepBasic_SiPrefix
[INFO ]  Enum: StepBasic_SiUnitName
[INFO ]  Enum: StepBasic_Source
[WARNI]      [TypeHint] Skipping type opencascade::handle, should contain _
[WARNI]      [TypeHint] Skipping type opencascade::handle, should contain _
[WARNI]      [TypeHint] Skipping type opencascade::handle, should contain _
[WARNI]      [TypeHint] Skipping type opencascade::handle, should contain _
[WARNI]      [TypeHint] Skipping type opencascade::handle, should contain _
[WARNI]      [TypeHint] Skipping type opencascade::handle, should contain _
[WARNI]      [TypeHint] Skipping type opencascade::handle, should contain _
[WARNI]      [TypeHint] Skipping type opencascade::handle, should contain _
[WARNI]      [TypeHint] Skipping type opencascade::handle, should contain _
[WARNI]      [TypeHint] Skipping type opencascade::handle, should contain _
[WARNI]      [TypeHint] Skipping type opencascade::handle, should contain _
[WARNI]      [TypeHint] Skipping type opencascade::handle, should contain _
[WARNI]      [TypeHint] Skipping type opencascade::handle, should contain _
[WARNI]      [TypeHint] Skipping type opencascade::handle, should contain _
[WARNI]      [TypeHint] Skipping type opencascade::handle, should contain _
[WARNI]      [TypeHint] Skipping type opencascade::handle, should contain _
[WARNI]      [TypeHint] Skipping type opencascade::handle, should contain _
[WARNI]      [TypeHint] Skipping type opencascade::handle, should contain _
[WARNI]      [TypeHint] Skipping type opencascade::handle, should contain _
[WARNI]      [TypeHint] Skipping type opencascade::handle, should contain _
[INFO ]  Class: StepBasic_Action
[INFO ]  Class: StepBasic_ActionAssignment
[INFO ]  Class: StepBasic_ActionMethod
[INFO ]  Class: StepBasic_ActionRequestAssignment
[INFO ]  Class: StepBasic_ActionRequestSolution
[INFO ]  Class: StepBasic_Address
[INFO ]  Class: StepBasic_ApplicationContext
[INFO ]  Class: StepBasic_ApplicationContextElement
[INFO ]  Class: StepBasic_ApplicationProtocolDefinition
[INFO ]  Class: StepBasic_Approval
[INFO ]  Class: StepBasic_ApprovalAssignment
[INFO ]  Class: StepBasic_ApprovalDateTime
[INFO ]  Class: StepBasic_ApprovalPersonOrganization
[INFO ]  Class: StepBasic_ApprovalRelationship
[INFO ]  Class: StepBasic_ApprovalRole
[INFO ]  Class: StepBasic_ApprovalStatus
[INFO ]  Class: StepBasic_Certification
[INFO ]  Class: StepBasic_CertificationAssignment
[INFO ]  Class: StepBasic_CertificationType
[INFO ]  Class: StepBasic_CharacterizedObject
[INFO ]  Class: StepBasic_Contract
[INFO ]  Class: StepBasic_ContractAssignment
[INFO ]  Class: StepBasic_ContractType
[INFO ]  Class: StepBasic_CoordinatedUniversalTimeOffset
[INFO ]  Class: StepBasic_Date
[INFO ]  Class: StepBasic_DateAndTime
[INFO ]  Class: StepBasic_DateAndTimeAssignment
[INFO ]  Class: StepBasic_DateAssignment
[INFO ]  Class: StepBasic_DateRole
[INFO ]  Class: StepBasic_DateTimeRole
[INFO ]  Class: StepBasic_DateTimeSelect
[INFO ]  Class: StepBasic_DerivedUnit
[WARNI]      [TypeHint] Skip type NCollection_HArray1<opencascade::handle<StepBasic_DerivedUnitElement, because of trailing :
[WARNI]      [TypeHint] Skip type NCollection_HArray1<opencascade::handle<StepBasic_DerivedUnitElement, because of trailing :
[WARNI]      [TypeHint] Skip type NCollection_HArray1<opencascade::handle<StepBasic_DerivedUnitElement, because of trailing :
[INFO ]  Class: StepBasic_DerivedUnitElement
[INFO ]  Class: StepBasic_DimensionalExponents
[INFO ]  Class: StepBasic_Document
[INFO ]  Class: StepBasic_DocumentProductAssociation
[INFO ]  Class: StepBasic_DocumentReference
[INFO ]  Class: StepBasic_DocumentRelationship
[INFO ]  Class: StepBasic_DocumentRepresentationType
[INFO ]  Class: StepBasic_DocumentType
[INFO ]  Class: StepBasic_DocumentUsageConstraint
[INFO ]  Class: StepBasic_Effectivity
[INFO ]  Class: StepBasic_EffectivityAssignment
[INFO ]  Class: StepBasic_EulerAngles
[INFO ]  Class: StepBasic_ExternalSource
[INFO ]  Class: StepBasic_ExternallyDefinedItem
[INFO ]  Class: StepBasic_GeneralProperty
[INFO ]  Class: StepBasic_GeneralPropertyRelationship
[INFO ]  Class: StepBasic_Group
[INFO ]  Class: StepBasic_GroupAssignment
[INFO ]  Class: StepBasic_GroupRelationship
[INFO ]  Class: StepBasic_IdentificationAssignment
[INFO ]  Class: StepBasic_IdentificationRole
[INFO ]  Class: StepBasic_LocalTime
[INFO ]  Class: StepBasic_MeasureValueMember
[INFO ]  Class: StepBasic_MeasureWithUnit
[INFO ]  Class: StepBasic_NameAssignment
[INFO ]  Class: StepBasic_NamedUnit
[INFO ]  Class: StepBasic_ObjectRole
[INFO ]  Class: StepBasic_Organization
[INFO ]  Class: StepBasic_OrganizationAssignment
[INFO ]  Class: StepBasic_OrganizationRole
[INFO ]  Class: StepBasic_Person
[INFO ]  Class: StepBasic_PersonAndOrganization
[INFO ]  Class: StepBasic_PersonAndOrganizationAssignment
[INFO ]  Class: StepBasic_PersonAndOrganizationRole
[INFO ]  Class: StepBasic_PersonOrganizationSelect
[INFO ]  Class: StepBasic_Product
[WARNI]      [TypeHint] Skip type NCollection_HArray1<opencascade::handle<StepBasic_ProductContext, because of trailing :
[WARNI]      [TypeHint] Skip type NCollection_HArray1<opencascade::handle<StepBasic_ProductContext, because of trailing :
[WARNI]      [TypeHint] Skip type NCollection_HArray1<opencascade::handle<StepBasic_ProductContext, because of trailing :
[INFO ]  Class: StepBasic_ProductCategory
[INFO ]  Class: StepBasic_ProductCategoryRelationship
[INFO ]  Class: StepBasic_ProductDefinition
[INFO ]  Class: StepBasic_ProductDefinitionFormation
[INFO ]  Class: StepBasic_ProductDefinitionFormationRelationship
[INFO ]  Class: StepBasic_ProductDefinitionOrReference
[INFO ]  Class: StepBasic_ProductDefinitionReference
[INFO ]  Class: StepBasic_ProductDefinitionRelationship
[INFO ]  Class: StepBasic_ProductOrFormationOrDefinition
[INFO ]  Class: StepBasic_RoleAssociation
[INFO ]  Class: StepBasic_RoleSelect
[INFO ]  Class: StepBasic_SecurityClassification
[INFO ]  Class: StepBasic_SecurityClassificationAssignment
[INFO ]  Class: StepBasic_SecurityClassificationLevel
[INFO ]  Class: StepBasic_SizeMember
[INFO ]  Class: StepBasic_SizeSelect
[INFO ]  Class: StepBasic_SourceItem
[INFO ]  Class: StepBasic_Unit
[INFO ]  Class: StepBasic_VersionedActionRequest
[INFO ]  Class: StepBasic_AreaUnit
[INFO ]  Class: StepBasic_CalendarDate
[INFO ]  Class: StepBasic_ConversionBasedUnit
[INFO ]  Class: StepBasic_DigitalDocument
[INFO ]  Class: StepBasic_DocumentFile
[INFO ]  Class: StepBasic_DocumentProductEquivalence
[INFO ]  Class: StepBasic_ExternalIdentificationAssignment
[INFO ]  Class: StepBasic_LengthMeasureWithUnit
[INFO ]  Class: StepBasic_LengthUnit
[INFO ]  Class: StepBasic_MassMeasureWithUnit
[INFO ]  Class: StepBasic_MassUnit
[INFO ]  Class: StepBasic_OrdinalDate
[INFO ]  Class: StepBasic_OrganizationalAddress
[WARNI]      [TypeHint] Skip type NCollection_HArray1<opencascade::handle<StepBasic_Organization, because of trailing :
[WARNI]      [TypeHint] Skip type NCollection_HArray1<opencascade::handle<StepBasic_Organization, because of trailing :
[WARNI]      [TypeHint] Skip type NCollection_HArray1<opencascade::handle<StepBasic_Organization, because of trailing :
[INFO ]  Class: StepBasic_PersonalAddress
[WARNI]      [TypeHint] Skip type NCollection_HArray1<opencascade::handle<StepBasic_Person, because of trailing :
[WARNI]      [TypeHint] Skip type NCollection_HArray1<opencascade::handle<StepBasic_Person, because of trailing :
[WARNI]      [TypeHint] Skip type NCollection_HArray1<opencascade::handle<StepBasic_Person, because of trailing :
[INFO ]  Class: StepBasic_PhysicallyModeledProductDefinition
[INFO ]  Class: StepBasic_PlaneAngleMeasureWithUnit
[INFO ]  Class: StepBasic_PlaneAngleUnit
[INFO ]  Class: StepBasic_ProductConceptContext
[INFO ]  Class: StepBasic_ProductContext
[INFO ]  Class: StepBasic_ProductDefinitionContext
[INFO ]  Class: StepBasic_ProductDefinitionEffectivity
[INFO ]  Class: StepBasic_ProductDefinitionFormationWithSpecifiedSource
[INFO ]  Class: StepBasic_ProductDefinitionReferenceWithLocalRepresentation
[INFO ]  Class: StepBasic_ProductDefinitionWithAssociatedDocuments
[WARNI]      [TypeHint] Skip type NCollection_HArray1<opencascade::handle<StepBasic_Document, because of trailing :
[WARNI]      [TypeHint] Skip type NCollection_HArray1<opencascade::handle<StepBasic_Document, because of trailing :
[WARNI]      [TypeHint] Skip type NCollection_HArray1<opencascade::handle<StepBasic_Document, because of trailing :
[INFO ]  Class: StepBasic_ProductRelatedProductCategory
[WARNI]      [TypeHint] Skip type NCollection_HArray1<opencascade::handle<StepBasic_Product, because of trailing :
[WARNI]      [TypeHint] Skip type NCollection_HArray1<opencascade::handle<StepBasic_Product, because of trailing :
[WARNI]      [TypeHint] Skip type NCollection_HArray1<opencascade::handle<StepBasic_Product, because of trailing :
[INFO ]  Class: StepBasic_RatioMeasureWithUnit
[INFO ]  Class: StepBasic_RatioUnit
[INFO ]  Class: StepBasic_SiUnit
[INFO ]  Class: StepBasic_SolidAngleMeasureWithUnit
[INFO ]  Class: StepBasic_SolidAngleUnit
[INFO ]  Class: StepBasic_ThermodynamicTemperatureUnit
[INFO ]  Class: StepBasic_TimeMeasureWithUnit
[INFO ]  Class: StepBasic_TimeUnit
[INFO ]  Class: StepBasic_UncertaintyMeasureWithUnit
[INFO ]  Class: StepBasic_VolumeUnit
[INFO ]  Class: StepBasic_WeekOfYearAndDayDate
[INFO ]  Class: StepBasic_ConversionBasedUnitAndAreaUnit
[INFO ]  Class: StepBasic_ConversionBasedUnitAndLengthUnit
[INFO ]  Class: StepBasic_ConversionBasedUnitAndMassUnit
[INFO ]  Class: StepBasic_ConversionBasedUnitAndPlaneAngleUnit
[INFO ]  Class: StepBasic_ConversionBasedUnitAndRatioUnit
[INFO ]  Class: StepBasic_ConversionBasedUnitAndSolidAngleUnit
[INFO ]  Class: StepBasic_ConversionBasedUnitAndTimeUnit
[INFO ]  Class: StepBasic_ConversionBasedUnitAndVolumeUnit
[INFO ]  Class: StepBasic_DesignContext
[INFO ]  Class: StepBasic_MechanicalContext
[INFO ]  Class: StepBasic_ProductType
[INFO ]  Class: StepBasic_SiUnitAndAreaUnit
[INFO ]  Class: StepBasic_SiUnitAndLengthUnit
[INFO ]  Class: StepBasic_SiUnitAndMassUnit
[INFO ]  Class: StepBasic_SiUnitAndPlaneAngleUnit
[INFO ]  Class: StepBasic_SiUnitAndRatioUnit
[INFO ]  Class: StepBasic_SiUnitAndSolidAngleUnit
[INFO ]  Class: StepBasic_SiUnitAndThermodynamicTemperatureUnit
[INFO ]  Class: StepBasic_SiUnitAndTimeUnit
[INFO ]  Class: StepBasic_SiUnitAndVolumeUnit
[INFO ]  ## Processing module StepGeom
[INFO ]  Enum: StepGeom_BSplineCurveForm
[INFO ]  Enum: StepGeom_BSplineSurfaceForm
[INFO ]  Enum: StepGeom_KnotType
[INFO ]  Enum: StepGeom_PreferredSurfaceCurveRepresentation
[INFO ]  Enum: StepGeom_TransitionCode
[INFO ]  Enum: StepGeom_TrimmingPreference
[WARNI]      [TypeHint] Skipping type opencascade::handle, should contain _
[WARNI]      [TypeHint] Skipping type opencascade::handle, should contain _
[WARNI]      [TypeHint] Skipping type opencascade::handle, should contain _
[WARNI]      [TypeHint] Skipping type opencascade::handle, should contain _
[WARNI]      [TypeHint] Skipping type opencascade::handle, should contain _
[WARNI]      [TypeHint] Skipping type opencascade::handle, should contain _
[WARNI]      [TypeHint] Skipping type opencascade::handle, should contain _
[WARNI]      [TypeHint] Skipping type opencascade::handle, should contain _
[WARNI]      [TypeHint] Skipping type opencascade::handle, should contain _
[WARNI]      [TypeHint] Skipping type opencascade::handle, should contain _
[INFO ]  Class: StepGeom_Axis2Placement
[INFO ]  Class: StepGeom_CompositeCurveSegment
[INFO ]  Class: StepGeom_CurveOnSurface
[INFO ]  Class: StepGeom_GeomRepContextAndGlobUnitAssCtxAndGlobUncertaintyAssCtx
[WARNI]      [TypeHint] Skip type NCollection_HArray1<opencascade::handle<StepBasic_NamedUnit, because of trailing :
[WARNI]      [TypeHint] Skip type NCollection_HArray1<opencascade::handle<StepBasic_UncertaintyMeasureWithUnit, because of trailing :
[WARNI]      [TypeHint] Skip type NCollection_HArray1<opencascade::handle<StepBasic_NamedUnit, because of trailing :
[WARNI]      [TypeHint] Skip type NCollection_HArray1<opencascade::handle<StepBasic_UncertaintyMeasureWithUnit, because of trailing :
[WARNI]      [TypeHint] Skip type NCollection_HArray1<opencascade::handle<StepBasic_NamedUnit, because of trailing :
[INFO ]  Class: StepGeom_GeometricRepresentationContext
[INFO ]  Class: StepGeom_GeometricRepresentationContextAndGlobalUnitAssignedContext
[WARNI]      [TypeHint] Skip type NCollection_HArray1<opencascade::handle<StepBasic_NamedUnit, because of trailing :
[WARNI]      [TypeHint] Skip type NCollection_HArray1<opencascade::handle<StepBasic_NamedUnit, because of trailing :
[WARNI]      [TypeHint] Skip type NCollection_HArray1<opencascade::handle<StepBasic_NamedUnit, because of trailing :
[INFO ]  Class: StepGeom_GeometricRepresentationContextAndParametricRepresentationContext
[INFO ]  Class: StepGeom_GeometricRepresentationItem
[INFO ]  Class: StepGeom_PcurveOrSurface
[INFO ]  Class: StepGeom_SurfaceBoundary
[INFO ]  Class: StepGeom_SurfacePatch
[INFO ]  Class: StepGeom_TrimmingMember
[INFO ]  Class: StepGeom_TrimmingSelect
[INFO ]  Class: StepGeom_VectorOrDirection
[INFO ]  Class: StepGeom_CartesianTransformationOperator
[INFO ]  Class: StepGeom_Curve
[INFO ]  Class: StepGeom_Direction
[WARNI]      [TypeHint] Skipping type const std::array<double, 3> &, should contain _
[WARNI]      [TypeHint] Skipping type const std::array<double, 3> &, should contain _
[INFO ]  Class: StepGeom_Placement
[INFO ]  Class: StepGeom_Point
[INFO ]  Class: StepGeom_ReparametrisedCompositeCurveSegment
[INFO ]  Class: StepGeom_SuParameters
[INFO ]  Class: StepGeom_Surface
[INFO ]  Class: StepGeom_Vector
[INFO ]  Class: StepGeom_Axis1Placement
[INFO ]  Class: StepGeom_Axis2Placement2d
[INFO ]  Class: StepGeom_Axis2Placement3d
[INFO ]  Class: StepGeom_BoundedCurve
[INFO ]  Class: StepGeom_BoundedSurface
[INFO ]  Class: StepGeom_CartesianPoint
[WARNI]      [TypeHint] Skipping type const std::array<double, 3> &, should contain _
[WARNI]      [TypeHint] Skipping type const std::array<double, 3> &, should contain _
[INFO ]  Class: StepGeom_CartesianTransformationOperator2d
[INFO ]  Class: StepGeom_CartesianTransformationOperator3d
[INFO ]  Class: StepGeom_Conic
[INFO ]  Class: StepGeom_CurveReplica
[INFO ]  Class: StepGeom_DegeneratePcurve
[INFO ]  Class: StepGeom_ElementarySurface
[INFO ]  Class: StepGeom_Line
[INFO ]  Class: StepGeom_OffsetCurve3d
[INFO ]  Class: StepGeom_OffsetSurface
[INFO ]  Class: StepGeom_OrientedSurface
[INFO ]  Class: StepGeom_Pcurve
[INFO ]  Class: StepGeom_PointOnCurve
[INFO ]  Class: StepGeom_PointOnSurface
[INFO ]  Class: StepGeom_PointReplica
[INFO ]  Class: StepGeom_SurfaceCurve
[WARNI]      [TypeHint] Skipping type NCollection_HArray1<StepGeom_PcurveOrSurface, seems to be a template
[WARNI]      [TypeHint] Skipping type NCollection_HArray1<StepGeom_PcurveOrSurface, seems to be a template
[WARNI]      [TypeHint] Skipping type NCollection_HArray1<StepGeom_PcurveOrSurface, seems to be a template
[INFO ]  Class: StepGeom_SurfaceReplica
[INFO ]  Class: StepGeom_SweptSurface
[INFO ]  Class: StepGeom_BSplineCurve
[WARNI]      [TypeHint] Skip type NCollection_HArray1<opencascade::handle<StepGeom_CartesianPoint, because of trailing :
[WARNI]      [TypeHint] Skip type NCollection_HArray1<opencascade::handle<StepGeom_CartesianPoint, because of trailing :
[WARNI]      [TypeHint] Skip type NCollection_HArray1<opencascade::handle<StepGeom_CartesianPoint, because of trailing :
[INFO ]  Class: StepGeom_BSplineSurface
[WARNI]      [TypeHint] Skip type NCollection_HArray2<opencascade::handle<StepGeom_CartesianPoint, because of trailing :
[WARNI]      [TypeHint] Skip type NCollection_HArray2<opencascade::handle<StepGeom_CartesianPoint, because of trailing :
[WARNI]      [TypeHint] Skip type NCollection_HArray2<opencascade::handle<StepGeom_CartesianPoint, because of trailing :
[INFO ]  Class: StepGeom_Circle
[INFO ]  Class: StepGeom_CompositeCurve
[WARNI]      [TypeHint] Skip type NCollection_HArray1<opencascade::handle<StepGeom_CompositeCurveSegment, because of trailing :
[WARNI]      [TypeHint] Skip type NCollection_HArray1<opencascade::handle<StepGeom_CompositeCurveSegment, because of trailing :
[WARNI]      [TypeHint] Skip type NCollection_HArray1<opencascade::handle<StepGeom_CompositeCurveSegment, because of trailing :
[INFO ]  Class: StepGeom_ConicalSurface
[INFO ]  Class: StepGeom_CurveBoundedSurface
[WARNI]      [TypeHint] Skipping type NCollection_HArray1<StepGeom_SurfaceBoundary, seems to be a template
[WARNI]      [TypeHint] Skipping type NCollection_HArray1<StepGeom_SurfaceBoundary, seems to be a template
[WARNI]      [TypeHint] Skipping type NCollection_HArray1<StepGeom_SurfaceBoundary, seems to be a template
[INFO ]  Class: StepGeom_CylindricalSurface
[INFO ]  Class: StepGeom_Ellipse
[INFO ]  Class: StepGeom_EvaluatedDegeneratePcurve
[INFO ]  Class: StepGeom_Hyperbola
[INFO ]  Class: StepGeom_IntersectionCurve
[INFO ]  Class: StepGeom_Parabola
[INFO ]  Class: StepGeom_Plane
[INFO ]  Class: StepGeom_Polyline
[WARNI]      [TypeHint] Skip type NCollection_HArray1<opencascade::handle<StepGeom_CartesianPoint, because of trailing :
[WARNI]      [TypeHint] Skip type NCollection_HArray1<opencascade::handle<StepGeom_CartesianPoint, because of trailing :
[WARNI]      [TypeHint] Skip type NCollection_HArray1<opencascade::handle<StepGeom_CartesianPoint, because of trailing :
[INFO ]  Class: StepGeom_RectangularCompositeSurface
[WARNI]      [TypeHint] Skip type NCollection_HArray2<opencascade::handle<StepGeom_SurfacePatch, because of trailing :
[WARNI]      [TypeHint] Skip type NCollection_HArray2<opencascade::handle<StepGeom_SurfacePatch, because of trailing :
[WARNI]      [TypeHint] Skip type NCollection_HArray2<opencascade::handle<StepGeom_SurfacePatch, because of trailing :
[INFO ]  Class: StepGeom_RectangularTrimmedSurface
[INFO ]  Class: StepGeom_SeamCurve
[INFO ]  Class: StepGeom_SphericalSurface
[INFO ]  Class: StepGeom_SurfaceCurveAndBoundedCurve
[INFO ]  Class: StepGeom_SurfaceOfLinearExtrusion
[INFO ]  Class: StepGeom_SurfaceOfRevolution
[INFO ]  Class: StepGeom_ToroidalSurface
[INFO ]  Class: StepGeom_TrimmedCurve
[WARNI]      [TypeHint] Skipping type NCollection_HArray1<StepGeom_TrimmingSelect, seems to be a template
[WARNI]      [TypeHint] Skipping type NCollection_HArray1<StepGeom_TrimmingSelect, seems to be a template
[WARNI]      [TypeHint] Skipping type NCollection_HArray1<StepGeom_TrimmingSelect, seems to be a template
[WARNI]      [TypeHint] Skipping type NCollection_HArray1<StepGeom_TrimmingSelect, seems to be a template
[WARNI]      [TypeHint] Skipping type NCollection_HArray1<StepGeom_TrimmingSelect, seems to be a template
[INFO ]  Class: StepGeom_BSplineCurveWithKnots
[WARNI]      [TypeHint] Skip type NCollection_HArray1<opencascade::handle<StepGeom_CartesianPoint, because of trailing :
[INFO ]  Class: StepGeom_BSplineCurveWithKnotsAndRationalBSplineCurve
[WARNI]      [TypeHint] Skip type NCollection_HArray1<opencascade::handle<StepGeom_CartesianPoint, because of trailing :
[WARNI]      [TypeHint] Skip type NCollection_HArray1<opencascade::handle<StepGeom_CartesianPoint, because of trailing :
[INFO ]  Class: StepGeom_BSplineSurfaceWithKnots
[WARNI]      [TypeHint] Skip type NCollection_HArray2<opencascade::handle<StepGeom_CartesianPoint, because of trailing :
[INFO ]  Class: StepGeom_BSplineSurfaceWithKnotsAndRationalBSplineSurface
[WARNI]      [TypeHint] Skip type NCollection_HArray2<opencascade::handle<StepGeom_CartesianPoint, because of trailing :
[WARNI]      [TypeHint] Skip type NCollection_HArray2<opencascade::handle<StepGeom_CartesianPoint, because of trailing :
[INFO ]  Class: StepGeom_BezierCurve
[INFO ]  Class: StepGeom_BezierCurveAndRationalBSplineCurve
[WARNI]      [TypeHint] Skip type NCollection_HArray1<opencascade::handle<StepGeom_CartesianPoint, because of trailing :
[WARNI]      [TypeHint] Skip type NCollection_HArray1<opencascade::handle<StepGeom_CartesianPoint, because of trailing :
[INFO ]  Class: StepGeom_BezierSurface
[INFO ]  Class: StepGeom_BezierSurfaceAndRationalBSplineSurface
[WARNI]      [TypeHint] Skip type NCollection_HArray2<opencascade::handle<StepGeom_CartesianPoint, because of trailing :
[WARNI]      [TypeHint] Skip type NCollection_HArray2<opencascade::handle<StepGeom_CartesianPoint, because of trailing :
[INFO ]  Class: StepGeom_CompositeCurveOnSurface
[INFO ]  Class: StepGeom_DegenerateToroidalSurface
[INFO ]  Class: StepGeom_QuasiUniformCurve
[INFO ]  Class: StepGeom_QuasiUniformCurveAndRationalBSplineCurve
[WARNI]      [TypeHint] Skip type NCollection_HArray1<opencascade::handle<StepGeom_CartesianPoint, because of trailing :
[WARNI]      [TypeHint] Skip type NCollection_HArray1<opencascade::handle<StepGeom_CartesianPoint, because of trailing :
[INFO ]  Class: StepGeom_QuasiUniformSurface
[INFO ]  Class: StepGeom_QuasiUniformSurfaceAndRationalBSplineSurface
[WARNI]      [TypeHint] Skip type NCollection_HArray2<opencascade::handle<StepGeom_CartesianPoint, because of trailing :
[WARNI]      [TypeHint] Skip type NCollection_HArray2<opencascade::handle<StepGeom_CartesianPoint, because of trailing :
[INFO ]  Class: StepGeom_RationalBSplineCurve
[WARNI]      [TypeHint] Skip type NCollection_HArray1<opencascade::handle<StepGeom_CartesianPoint, because of trailing :
[INFO ]  Class: StepGeom_RationalBSplineSurface
[WARNI]      [TypeHint] Skip type NCollection_HArray2<opencascade::handle<StepGeom_CartesianPoint, because of trailing :
[INFO ]  Class: StepGeom_UniformCurve
[INFO ]  Class: StepGeom_UniformCurveAndRationalBSplineCurve
[WARNI]      [TypeHint] Skip type NCollection_HArray1<opencascade::handle<StepGeom_CartesianPoint, because of trailing :
[WARNI]      [TypeHint] Skip type NCollection_HArray1<opencascade::handle<StepGeom_CartesianPoint, because of trailing :
[INFO ]  Class: StepGeom_UniformSurface
[INFO ]  Class: StepGeom_UniformSurfaceAndRationalBSplineSurface
[WARNI]      [TypeHint] Skip type NCollection_HArray2<opencascade::handle<StepGeom_CartesianPoint, because of trailing :
[WARNI]      [TypeHint] Skip type NCollection_HArray2<opencascade::handle<StepGeom_CartesianPoint, because of trailing :
[INFO ]  Class: StepGeom_BoundaryCurve
[INFO ]  Class: StepGeom_OuterBoundaryCurve
[INFO ]  ## Processing module StepRepr
[WARNI]      [TypeHint] Skipping type opencascade::handle, should contain _
[WARNI]      [TypeHint] Skipping type opencascade::handle, should contain _
[WARNI]      [TypeHint] Skipping type opencascade::handle, should contain _
[WARNI]      [TypeHint] Skipping type opencascade::handle, should contain _
[WARNI]      [TypeHint] Skipping type opencascade::handle, should contain _
[WARNI]      [TypeHint] Skipping type opencascade::handle, should contain _
[WARNI]      [TypeHint] Skipping type opencascade::handle, should contain _
[WARNI]      [TypeHint] Skipping type opencascade::handle, should contain _
[WARNI]      [TypeHint] Skipping type opencascade::handle, should contain _
[WARNI]      [TypeHint] Skipping type opencascade::handle, should contain _
[WARNI]      [TypeHint] Skipping type opencascade::handle, should contain _
[WARNI]      [TypeHint] Skipping type opencascade::handle, should contain _
[INFO ]  Class: StepRepr_AssemblyComponentUsageSubstitute
[INFO ]  Class: StepRepr_CharacterizedDefinition
[INFO ]  Class: StepRepr_ConfigurationDesign
[INFO ]  Class: StepRepr_ConfigurationDesignItem
[INFO ]  Class: StepRepr_ConfigurationEffectivity
[INFO ]  Class: StepRepr_ConfigurationItem
[INFO ]  Class: StepRepr_DataEnvironment
[WARNI]      [TypeHint] Skip type NCollection_HArray1<opencascade::handle<StepRepr_PropertyDefinitionRepresentation, because of trailing :
[WARNI]      [TypeHint] Skip type NCollection_HArray1<opencascade::handle<StepRepr_PropertyDefinitionRepresentation, because of trailing :
[WARNI]      [TypeHint] Skip type NCollection_HArray1<opencascade::handle<StepRepr_PropertyDefinitionRepresentation, because of trailing :
[INFO ]  Class: StepRepr_FunctionallyDefinedTransformation
[INFO ]  Class: StepRepr_ItemDefinedTransformation
[INFO ]  Class: StepRepr_MaterialDesignation
[INFO ]  Class: StepRepr_ProductConcept
[INFO ]  Class: StepRepr_ProductDefinitionUsage
[INFO ]  Class: StepRepr_PropertyDefinition
[INFO ]  Class: StepRepr_PropertyDefinitionRelationship
[INFO ]  Class: StepRepr_PropertyDefinitionRepresentation
[INFO ]  Class: StepRepr_Representation
[WARNI]      [TypeHint] Skip type NCollection_HArray1<opencascade::handle<StepRepr_RepresentationItem, because of trailing :
[WARNI]      [TypeHint] Skip type NCollection_HArray1<opencascade::handle<StepRepr_RepresentationItem, because of trailing :
[WARNI]      [TypeHint] Skip type NCollection_HArray1<opencascade::handle<StepRepr_RepresentationItem, because of trailing :
[INFO ]  Class: StepRepr_RepresentationContext
[INFO ]  Class: StepRepr_RepresentationContextReference
[INFO ]  Class: StepRepr_RepresentationItem
[INFO ]  Class: StepRepr_RepresentationMap
[INFO ]  Class: StepRepr_RepresentationOrRepresentationReference
[INFO ]  Class: StepRepr_RepresentationReference
[INFO ]  Class: StepRepr_RepresentationRelationship
[INFO ]  Class: StepRepr_RepresentedDefinition
[INFO ]  Class: StepRepr_ShapeAspect
[INFO ]  Class: StepRepr_ShapeAspectRelationship
[INFO ]  Class: StepRepr_ShapeDefinition
[INFO ]  Class: StepRepr_SuppliedPartRelationship
[INFO ]  Class: StepRepr_Transformation
[INFO ]  Class: StepRepr_AssemblyComponentUsage
[INFO ]  Class: StepRepr_BooleanRepresentationItem
[INFO ]  Class: StepRepr_CharacterizedRepresentation
[WARNI]      [TypeHint] Skip type NCollection_HArray1<opencascade::handle<StepRepr_RepresentationItem, because of trailing :
[INFO ]  Class: StepRepr_CompShAspAndDatumFeatAndShAsp
[INFO ]  Class: StepRepr_CompositeShapeAspect
[INFO ]  Class: StepRepr_CompoundRepresentationItem
[WARNI]      [TypeHint] Skip type NCollection_HArray1<opencascade::handle<StepRepr_RepresentationItem, because of trailing :
[WARNI]      [TypeHint] Skip type NCollection_HArray1<opencascade::handle<StepRepr_RepresentationItem, because of trailing :
[WARNI]      [TypeHint] Skip type NCollection_HArray1<opencascade::handle<StepRepr_RepresentationItem, because of trailing :
[INFO ]  Class: StepRepr_ConstructiveGeometryRepresentation
[INFO ]  Class: StepRepr_ConstructiveGeometryRepresentationRelationship
[INFO ]  Class: StepRepr_DefinitionalRepresentation
[INFO ]  Class: StepRepr_DerivedShapeAspect
[INFO ]  Class: StepRepr_DescriptiveRepresentationItem
[INFO ]  Class: StepRepr_ExternallyDefinedRepresentation
[INFO ]  Class: StepRepr_FeatureForDatumTargetRelationship
[INFO ]  Class: StepRepr_GlobalUncertaintyAssignedContext
[WARNI]      [TypeHint] Skip type NCollection_HArray1<opencascade::handle<StepBasic_UncertaintyMeasureWithUnit, because of trailing :
[WARNI]      [TypeHint] Skip type NCollection_HArray1<opencascade::handle<StepBasic_UncertaintyMeasureWithUnit, because of trailing :
[WARNI]      [TypeHint] Skip type NCollection_HArray1<opencascade::handle<StepBasic_UncertaintyMeasureWithUnit, because of trailing :
[INFO ]  Class: StepRepr_GlobalUnitAssignedContext
[WARNI]      [TypeHint] Skip type NCollection_HArray1<opencascade::handle<StepBasic_NamedUnit, because of trailing :
[WARNI]      [TypeHint] Skip type NCollection_HArray1<opencascade::handle<StepBasic_NamedUnit, because of trailing :
[WARNI]      [TypeHint] Skip type NCollection_HArray1<opencascade::handle<StepBasic_NamedUnit, because of trailing :
[INFO ]  Class: StepRepr_IntegerRepresentationItem
[INFO ]  Class: StepRepr_MakeFromUsageOption
[INFO ]  Class: StepRepr_MappedItem
[INFO ]  Class: StepRepr_MaterialProperty
[INFO ]  Class: StepRepr_MaterialPropertyRepresentation
[INFO ]  Class: StepRepr_MeasureRepresentationItem
[INFO ]  Class: StepRepr_MechanicalDesignAndDraughtingRelationship
[INFO ]  Class: StepRepr_ParametricRepresentationContext
[INFO ]  Class: StepRepr_ProductDefinitionShape
[INFO ]  Class: StepRepr_RealRepresentationItem
[INFO ]  Class: StepRepr_ReprItemAndMeasureWithUnit
[INFO ]  Class: StepRepr_ShapeAspectDerivingRelationship
[INFO ]  Class: StepRepr_ShapeAspectTransition
[INFO ]  Class: StepRepr_ShapeRepresentationRelationship
[INFO ]  Class: StepRepr_StructuralResponseProperty
[INFO ]  Class: StepRepr_StructuralResponsePropertyDefinitionRepresentation
[INFO ]  Class: StepRepr_ValueRepresentationItem
[INFO ]  Class: StepRepr_Apex
[INFO ]  Class: StepRepr_CentreOfSymmetry
[INFO ]  Class: StepRepr_CompGroupShAspAndCompShAspAndDatumFeatAndShAsp
[INFO ]  Class: StepRepr_CompositeGroupShapeAspect
[INFO ]  Class: StepRepr_ContinuosShapeAspect
[INFO ]  Class: StepRepr_Extension
[INFO ]  Class: StepRepr_GeometricAlignment
[INFO ]  Class: StepRepr_NextAssemblyUsageOccurrence
[INFO ]  Class: StepRepr_ParallelOffset
[INFO ]  Class: StepRepr_PerpendicularTo
[INFO ]  Class: StepRepr_PromissoryUsageOccurrence
[INFO ]  Class: StepRepr_QuantifiedAssemblyComponentUsage
[INFO ]  Class: StepRepr_ReprItemAndLengthMeasureWithUnit
[INFO ]  Class: StepRepr_ReprItemAndPlaneAngleMeasureWithUnit
[INFO ]  Class: StepRepr_RepresentationRelationshipWithTransformation
[INFO ]  Class: StepRepr_SpecifiedHigherUsageOccurrence
[INFO ]  Class: StepRepr_Tangent
[INFO ]  Class: StepRepr_ValueRange
[INFO ]  Class: StepRepr_AllAroundShapeAspect
[INFO ]  Class: StepRepr_BetweenShapeAspect
[INFO ]  Class: StepRepr_ReprItemAndLengthMeasureWithUnitAndQRI
[INFO ]  Class: StepRepr_ReprItemAndPlaneAngleMeasureWithUnitAndQRI
[INFO ]  Class: StepRepr_ShapeRepresentationRelationshipWithTransformation
[INFO ]  ## Processing module StepShape
[INFO ]  Enum: StepShape_AngleRelator
[INFO ]  Enum: StepShape_BooleanOperator
[WARNI]      [TypeHint] Skipping type opencascade::handle, should contain _
[WARNI]      [TypeHint] Skipping type opencascade::handle, should contain _
[WARNI]      [TypeHint] Skipping type opencascade::handle, should contain _
[WARNI]      [TypeHint] Skipping type opencascade::handle, should contain _
[WARNI]      [TypeHint] Skipping type opencascade::handle, should contain _
[WARNI]      [TypeHint] Skipping type opencascade::handle, should contain _
[WARNI]      [TypeHint] Skipping type opencascade::handle, should contain _
[WARNI]      [TypeHint] Skipping type opencascade::handle, should contain _
[WARNI]      [TypeHint] Skipping type opencascade::handle, should contain _
[WARNI]      [TypeHint] Skipping type opencascade::handle, should contain _
[WARNI]      [TypeHint] Skipping type opencascade::handle, should contain _
[WARNI]      [TypeHint] Skipping type opencascade::handle, should contain _
[WARNI]      [TypeHint] Skipping type opencascade::handle, should contain _
[WARNI]      [TypeHint] Skipping type opencascade::handle, should contain _
[INFO ]  Class: StepShape_Block
[INFO ]  Class: StepShape_BooleanOperand
[INFO ]  Class: StepShape_BooleanResult
[INFO ]  Class: StepShape_BoxDomain
[INFO ]  Class: StepShape_ConnectedFaceShapeRepresentation
[INFO ]  Class: StepShape_ContextDependentShapeRepresentation
[INFO ]  Class: StepShape_CsgPrimitive
[INFO ]  Class: StepShape_CsgSelect
[INFO ]  Class: StepShape_DefinitionalRepresentationAndShapeRepresentation
[INFO ]  Class: StepShape_DimensionalCharacteristic
[INFO ]  Class: StepShape_DimensionalCharacteristicRepresentation
[INFO ]  Class: StepShape_DimensionalLocation
[INFO ]  Class: StepShape_DimensionalSize
[INFO ]  Class: StepShape_EdgeBasedWireframeModel
[WARNI]      [TypeHint] Skip type NCollection_HArray1<opencascade::handle<StepShape_ConnectedEdgeSet, because of trailing :
[WARNI]      [TypeHint] Skip type NCollection_HArray1<opencascade::handle<StepShape_ConnectedEdgeSet, because of trailing :
[WARNI]      [TypeHint] Skip type NCollection_HArray1<opencascade::handle<StepShape_ConnectedEdgeSet, because of trailing :
[INFO ]  Class: StepShape_FaceBasedSurfaceModel
[WARNI]      [TypeHint] Skip type NCollection_HArray1<opencascade::handle<StepShape_ConnectedFaceSet, because of trailing :
[WARNI]      [TypeHint] Skip type NCollection_HArray1<opencascade::handle<StepShape_ConnectedFaceSet, because of trailing :
[WARNI]      [TypeHint] Skip type NCollection_HArray1<opencascade::handle<StepShape_ConnectedFaceSet, because of trailing :
[INFO ]  Class: StepShape_GeometricSet
[WARNI]      [TypeHint] Skipping type NCollection_HArray1<StepShape_GeometricSetSelect, seems to be a template
[WARNI]      [TypeHint] Skipping type NCollection_HArray1<StepShape_GeometricSetSelect, seems to be a template
[WARNI]      [TypeHint] Skipping type NCollection_HArray1<StepShape_GeometricSetSelect, seems to be a template
[INFO ]  Class: StepShape_GeometricSetSelect
[INFO ]  Class: StepShape_HalfSpaceSolid
[INFO ]  Class: StepShape_LimitsAndFits
[INFO ]  Class: StepShape_MeasureQualification
[WARNI]      [TypeHint] Skipping type NCollection_HArray1<StepShape_ValueQualifier, seems to be a template
[WARNI]      [TypeHint] Skipping type NCollection_HArray1<StepShape_ValueQualifier, seems to be a template
[WARNI]      [TypeHint] Skipping type NCollection_HArray1<StepShape_ValueQualifier, seems to be a template
[INFO ]  Class: StepShape_MeasureRepresentationItemAndQualifiedRepresentationItem
[WARNI]      [TypeHint] Skipping type NCollection_HArray1<StepShape_ValueQualifier, seems to be a template
[WARNI]      [TypeHint] Skipping type NCollection_HArray1<StepShape_ValueQualifier, seems to be a template
[WARNI]      [TypeHint] Skipping type NCollection_HArray1<StepShape_ValueQualifier, seems to be a template
[INFO ]  Class: StepShape_PlusMinusTolerance
[INFO ]  Class: StepShape_PrecisionQualifier
[INFO ]  Class: StepShape_QualifiedRepresentationItem
[WARNI]      [TypeHint] Skipping type NCollection_HArray1<StepShape_ValueQualifier, seems to be a template
[WARNI]      [TypeHint] Skipping type NCollection_HArray1<StepShape_ValueQualifier, seems to be a template
[WARNI]      [TypeHint] Skipping type NCollection_HArray1<StepShape_ValueQualifier, seems to be a template
[INFO ]  Class: StepShape_ReversibleTopologyItem
[INFO ]  Class: StepShape_RightAngularWedge
[INFO ]  Class: StepShape_RightCircularCone
[INFO ]  Class: StepShape_RightCircularCylinder
[INFO ]  Class: StepShape_ShapeDefinitionRepresentation
[INFO ]  Class: StepShape_ShapeDimensionRepresentationItem
[INFO ]  Class: StepShape_ShapeRepresentation
[INFO ]  Class: StepShape_Shell
[INFO ]  Class: StepShape_ShellBasedSurfaceModel
[WARNI]      [TypeHint] Skipping type NCollection_HArray1<StepShape_Shell, seems to be a template
[WARNI]      [TypeHint] Skipping type NCollection_HArray1<StepShape_Shell, seems to be a template
[WARNI]      [TypeHint] Skipping type NCollection_HArray1<StepShape_Shell, seems to be a template
[INFO ]  Class: StepShape_SolidModel
[INFO ]  Class: StepShape_Sphere
[INFO ]  Class: StepShape_SurfaceModel
[INFO ]  Class: StepShape_ToleranceMethodDefinition
[INFO ]  Class: StepShape_ToleranceValue
[INFO ]  Class: StepShape_TopologicalRepresentationItem
[INFO ]  Class: StepShape_Torus
[INFO ]  Class: StepShape_TypeQualifier
[INFO ]  Class: StepShape_ValueFormatTypeQualifier
[INFO ]  Class: StepShape_ValueQualifier
[INFO ]  Class: StepShape_AdvancedBrepShapeRepresentation
[INFO ]  Class: StepShape_AngularLocation
[INFO ]  Class: StepShape_AngularSize
[INFO ]  Class: StepShape_BoxedHalfSpace
[INFO ]  Class: StepShape_CompoundShapeRepresentation
[INFO ]  Class: StepShape_ConnectedEdgeSet
[WARNI]      [TypeHint] Skip type NCollection_HArray1<opencascade::handle<StepShape_Edge, because of trailing :
[WARNI]      [TypeHint] Skip type NCollection_HArray1<opencascade::handle<StepShape_Edge, because of trailing :
[WARNI]      [TypeHint] Skip type NCollection_HArray1<opencascade::handle<StepShape_Edge, because of trailing :
[INFO ]  Class: StepShape_ConnectedFaceSet
[WARNI]      [TypeHint] Skip type NCollection_HArray1<opencascade::handle<StepShape_Face, because of trailing :
[WARNI]      [TypeHint] Skip type NCollection_HArray1<opencascade::handle<StepShape_Face, because of trailing :
[WARNI]      [TypeHint] Skip type NCollection_HArray1<opencascade::handle<StepShape_Face, because of trailing :
[INFO ]  Class: StepShape_CsgShapeRepresentation
[INFO ]  Class: StepShape_CsgSolid
[INFO ]  Class: StepShape_DimensionalLocationWithPath
[INFO ]  Class: StepShape_DimensionalSizeWithPath
[INFO ]  Class: StepShape_DirectedDimensionalLocation
[INFO ]  Class: StepShape_Edge
[INFO ]  Class: StepShape_EdgeBasedWireframeShapeRepresentation
[INFO ]  Class: StepShape_Face
[WARNI]      [TypeHint] Skip type NCollection_HArray1<opencascade::handle<StepShape_FaceBound, because of trailing :
[WARNI]      [TypeHint] Skip type NCollection_HArray1<opencascade::handle<StepShape_FaceBound, because of trailing :
[WARNI]      [TypeHint] Skip type NCollection_HArray1<opencascade::handle<StepShape_FaceBound, because of trailing :
[INFO ]  Class: StepShape_FaceBound
[INFO ]  Class: StepShape_FacetedBrepShapeRepresentation
[INFO ]  Class: StepShape_GeometricCurveSet
[INFO ]  Class: StepShape_GeometricallyBoundedSurfaceShapeRepresentation
[INFO ]  Class: StepShape_GeometricallyBoundedWireframeShapeRepresentation
[INFO ]  Class: StepShape_Loop
[INFO ]  Class: StepShape_LoopAndPath
[WARNI]      [TypeHint] Skip type NCollection_HArray1<opencascade::handle<StepShape_OrientedEdge, because of trailing :
[WARNI]      [TypeHint] Skip type NCollection_HArray1<opencascade::handle<StepShape_OrientedEdge, because of trailing :
[WARNI]      [TypeHint] Skip type NCollection_HArray1<opencascade::handle<StepShape_OrientedEdge, because of trailing :
[INFO ]  Class: StepShape_ManifoldSolidBrep
[INFO ]  Class: StepShape_ManifoldSurfaceShapeRepresentation
[INFO ]  Class: StepShape_NonManifoldSurfaceShapeRepresentation
[INFO ]  Class: StepShape_Path
[WARNI]      [TypeHint] Skip type NCollection_HArray1<opencascade::handle<StepShape_OrientedEdge, because of trailing :
[WARNI]      [TypeHint] Skip type NCollection_HArray1<opencascade::handle<StepShape_OrientedEdge, because of trailing :
[WARNI]      [TypeHint] Skip type NCollection_HArray1<opencascade::handle<StepShape_OrientedEdge, because of trailing :
[INFO ]  Class: StepShape_PointRepresentation
[INFO ]  Class: StepShape_ShapeDimensionRepresentation
[WARNI]      [TypeHint] Skip type NCollection_HArray1<opencascade::handle<StepRepr_RepresentationItem, because of trailing :
[WARNI]      [TypeHint] Skipping type NCollection_HArray1<StepShape_ShapeDimensionRepresentationItem, seems to be a template
[WARNI]      [TypeHint] Skipping type NCollection_HArray1<StepShape_ShapeDimensionRepresentationItem, seems to be a template
[WARNI]      [TypeHint] Skipping type NCollection_HArray1<StepShape_ShapeDimensionRepresentationItem, seems to be a template
[INFO ]  Class: StepShape_ShapeRepresentationWithParameters
[INFO ]  Class: StepShape_SolidReplica
[INFO ]  Class: StepShape_SweptAreaSolid
[INFO ]  Class: StepShape_SweptFaceSolid
[INFO ]  Class: StepShape_TransitionalShapeRepresentation
[INFO ]  Class: StepShape_Vertex
[INFO ]  Class: StepShape_BrepWithVoids
[WARNI]      [TypeHint] Skip type NCollection_HArray1<opencascade::handle<StepShape_OrientedClosedShell, because of trailing :
[WARNI]      [TypeHint] Skip type NCollection_HArray1<opencascade::handle<StepShape_OrientedClosedShell, because of trailing :
[WARNI]      [TypeHint] Skip type NCollection_HArray1<opencascade::handle<StepShape_OrientedClosedShell, because of trailing :
[INFO ]  Class: StepShape_ClosedShell
[INFO ]  Class: StepShape_ConnectedFaceSubSet
[WARNI]      [TypeHint] Skip type NCollection_HArray1<opencascade::handle<StepShape_Face, because of trailing :
[INFO ]  Class: StepShape_EdgeCurve
[INFO ]  Class: StepShape_EdgeLoop
[WARNI]      [TypeHint] Skip type NCollection_HArray1<opencascade::handle<StepShape_OrientedEdge, because of trailing :
[WARNI]      [TypeHint] Skip type NCollection_HArray1<opencascade::handle<StepShape_OrientedEdge, because of trailing :
[WARNI]      [TypeHint] Skip type NCollection_HArray1<opencascade::handle<StepShape_OrientedEdge, because of trailing :
[INFO ]  Class: StepShape_ExtrudedAreaSolid
[INFO ]  Class: StepShape_ExtrudedFaceSolid
[INFO ]  Class: StepShape_FaceOuterBound
[INFO ]  Class: StepShape_FaceSurface
[WARNI]      [TypeHint] Skip type NCollection_HArray1<opencascade::handle<StepShape_FaceBound, because of trailing :
[INFO ]  Class: StepShape_FacetedBrep
[INFO ]  Class: StepShape_FacetedBrepAndBrepWithVoids
[WARNI]      [TypeHint] Skip type NCollection_HArray1<opencascade::handle<StepShape_OrientedClosedShell, because of trailing :
[WARNI]      [TypeHint] Skip type NCollection_HArray1<opencascade::handle<StepShape_OrientedClosedShell, because of trailing :
[WARNI]      [TypeHint] Skip type NCollection_HArray1<opencascade::handle<StepShape_OrientedClosedShell, because of trailing :
[INFO ]  Class: StepShape_OpenShell
[INFO ]  Class: StepShape_OrientedEdge
[INFO ]  Class: StepShape_OrientedFace
[WARNI]      [TypeHint] Skip type NCollection_HArray1<opencascade::handle<StepShape_FaceBound, because of trailing :
[WARNI]      [TypeHint] Skip type NCollection_HArray1<opencascade::handle<StepShape_FaceBound, because of trailing :
[INFO ]  Class: StepShape_OrientedPath
[WARNI]      [TypeHint] Skip type NCollection_HArray1<opencascade::handle<StepShape_OrientedEdge, because of trailing :
[WARNI]      [TypeHint] Skip type NCollection_HArray1<opencascade::handle<StepShape_OrientedEdge, because of trailing :
[INFO ]  Class: StepShape_PolyLoop
[WARNI]      [TypeHint] Skip type NCollection_HArray1<opencascade::handle<StepGeom_CartesianPoint, because of trailing :
[WARNI]      [TypeHint] Skip type NCollection_HArray1<opencascade::handle<StepGeom_CartesianPoint, because of trailing :
[WARNI]      [TypeHint] Skip type NCollection_HArray1<opencascade::handle<StepGeom_CartesianPoint, because of trailing :
[INFO ]  Class: StepShape_RevolvedAreaSolid
[INFO ]  Class: StepShape_RevolvedFaceSolid
[INFO ]  Class: StepShape_Subedge
[INFO ]  Class: StepShape_Subface
[WARNI]      [TypeHint] Skip type NCollection_HArray1<opencascade::handle<StepShape_FaceBound, because of trailing :
[INFO ]  Class: StepShape_VertexLoop
[INFO ]  Class: StepShape_VertexPoint
[INFO ]  Class: StepShape_AdvancedFace
[INFO ]  Class: StepShape_OrientedClosedShell
[WARNI]      [TypeHint] Skip type NCollection_HArray1<opencascade::handle<StepShape_Face, because of trailing :
[WARNI]      [TypeHint] Skip type NCollection_HArray1<opencascade::handle<StepShape_Face, because of trailing :
[INFO ]  Class: StepShape_OrientedOpenShell
[WARNI]      [TypeHint] Skip type NCollection_HArray1<opencascade::handle<StepShape_Face, because of trailing :
[WARNI]      [TypeHint] Skip type NCollection_HArray1<opencascade::handle<StepShape_Face, because of trailing :
[INFO ]  Class: StepShape_SeamEdge
[INFO ]  Processing toolkit TKSTL ===
[INFO ]  ## Processing module RWStl
[INFO ]  Class: RWStl
[WARNI]      [TypeHint] Skip type NCollection_Sequence<opencascade::handle<Poly_Triangulation>>, because of trailing :
[INFO ]  ## Processing module StlAPI
[INFO ]  Class: StlAPI
[INFO ]  Class: StlAPI_Reader
[INFO ]  Class: StlAPI_Writer
[INFO ]  Processing toolkit TKVRML ===
[INFO ]  ## Processing module Vrml
[INFO ]  Enum: Vrml_AsciiTextJustification
[INFO ]  Enum: Vrml_ConeParts
[INFO ]  Enum: Vrml_CylinderParts
[INFO ]  Enum: Vrml_FaceType
[INFO ]  Enum: Vrml_FontStyleFamily
[INFO ]  Enum: Vrml_FontStyleStyle
[INFO ]  Enum: Vrml_MaterialBindingAndNormalBinding
[INFO ]  Enum: Vrml_SFImageNumber
[INFO ]  Enum: Vrml_SeparatorRenderCulling
[INFO ]  Enum: Vrml_ShapeType
[INFO ]  Enum: Vrml_Texture2Wrap
[INFO ]  Enum: Vrml_VertexOrdering
[INFO ]  Enum: Vrml_WWWAnchorMap
[INFO ]  Class: Vrml
[INFO ]  Class: Vrml_AsciiText
[INFO ]      [TypeHint] More than 1 constructor, @overload decorator needed.
[INFO ]  Class: Vrml_Cone
[INFO ]  Class: Vrml_Coordinate3
[INFO ]      [TypeHint] More than 1 constructor, @overload decorator needed.
[INFO ]  Class: Vrml_Cube
[INFO ]  Class: Vrml_Cylinder
[INFO ]  Class: Vrml_DirectionalLight
[INFO ]      [TypeHint] More than 1 constructor, @overload decorator needed.
[INFO ]  Class: Vrml_FontStyle
[INFO ]  Class: Vrml_Group
[INFO ]  Class: Vrml_IndexedFaceSet
[INFO ]      [TypeHint] More than 1 constructor, @overload decorator needed.
[INFO ]  Class: Vrml_IndexedLineSet
[INFO ]      [TypeHint] More than 1 constructor, @overload decorator needed.
[INFO ]  Class: Vrml_Info
[INFO ]  Class: Vrml_Instancing
[INFO ]  Class: Vrml_LOD
[INFO ]      [TypeHint] More than 1 constructor, @overload decorator needed.
[INFO ]  Class: Vrml_Material
[INFO ]      [TypeHint] More than 1 constructor, @overload decorator needed.
[INFO ]  Class: Vrml_MaterialBinding
[INFO ]      [TypeHint] More than 1 constructor, @overload decorator needed.
[INFO ]  Class: Vrml_MatrixTransform
[INFO ]      [TypeHint] More than 1 constructor, @overload decorator needed.
[INFO ]  Class: Vrml_Normal
[INFO ]      [TypeHint] More than 1 constructor, @overload decorator needed.
[INFO ]  Class: Vrml_NormalBinding
[INFO ]      [TypeHint] More than 1 constructor, @overload decorator needed.
[INFO ]  Class: Vrml_OrthographicCamera
[INFO ]      [TypeHint] More than 1 constructor, @overload decorator needed.
[INFO ]  Class: Vrml_PerspectiveCamera
[INFO ]      [TypeHint] More than 1 constructor, @overload decorator needed.
[INFO ]  Class: Vrml_PointLight
[INFO ]      [TypeHint] More than 1 constructor, @overload decorator needed.
[INFO ]  Class: Vrml_PointSet
[INFO ]  Class: Vrml_Rotation
[INFO ]      [TypeHint] More than 1 constructor, @overload decorator needed.
[INFO ]  Class: Vrml_SFImage
[INFO ]      [TypeHint] More than 1 constructor, @overload decorator needed.
[INFO ]  Class: Vrml_SFRotation
[INFO ]      [TypeHint] More than 1 constructor, @overload decorator needed.
[INFO ]  Class: Vrml_Scale
[INFO ]      [TypeHint] More than 1 constructor, @overload decorator needed.
[INFO ]  Class: Vrml_Separator
[INFO ]      [TypeHint] More than 1 constructor, @overload decorator needed.
[INFO ]  Class: Vrml_ShapeHints
[INFO ]  Class: Vrml_Sphere
[INFO ]  Class: Vrml_SpotLight
[INFO ]      [TypeHint] More than 1 constructor, @overload decorator needed.
[INFO ]  Class: Vrml_Switch
[INFO ]  Class: Vrml_Texture2
[INFO ]      [TypeHint] More than 1 constructor, @overload decorator needed.
[INFO ]  Class: Vrml_Texture2Transform
[INFO ]      [TypeHint] More than 1 constructor, @overload decorator needed.
[INFO ]  Class: Vrml_TextureCoordinate2
[INFO ]      [TypeHint] More than 1 constructor, @overload decorator needed.
[INFO ]  Class: Vrml_Transform
[INFO ]      [TypeHint] More than 1 constructor, @overload decorator needed.
[INFO ]  Class: Vrml_TransformSeparator
[INFO ]  Class: Vrml_Translation
[INFO ]      [TypeHint] More than 1 constructor, @overload decorator needed.
[INFO ]  Class: Vrml_WWWAnchor
[INFO ]  Class: Vrml_WWWInline
[INFO ]      [TypeHint] More than 1 constructor, @overload decorator needed.
[INFO ]  ## Processing module VrmlAPI
[INFO ]  Enum: VrmlAPI_RepresentationOfShape
[INFO ]  Class: VrmlAPI
[INFO ]  Class: VrmlAPI_CafReader
[INFO ]  Class: VrmlAPI_Writer
[INFO ]  ## Processing module VrmlConverter
[INFO ]  Enum: VrmlConverter_TypeOfCamera
[INFO ]  Enum: VrmlConverter_TypeOfLight
[INFO ]  Class: VrmlConverter_Curve
[INFO ]  Class: VrmlConverter_DeflectionCurve
[INFO ]  Class: VrmlConverter_Drawer
[INFO ]  Class: VrmlConverter_HLRShape
[INFO ]  Class: VrmlConverter_LineAspect
[INFO ]      [TypeHint] More than 1 constructor, @overload decorator needed.
[INFO ]  Class: VrmlConverter_PointAspect
[INFO ]      [TypeHint] More than 1 constructor, @overload decorator needed.
[INFO ]  Class: VrmlConverter_Projector
[INFO ]  Class: VrmlConverter_ShadedShape
[INFO ]  Class: VrmlConverter_ShadingAspect
[INFO ]  Class: VrmlConverter_WFDeflectionRestrictedFace
[INFO ]  Class: VrmlConverter_WFDeflectionShape
[INFO ]  Class: VrmlConverter_WFRestrictedFace
[INFO ]  Class: VrmlConverter_WFShape
[INFO ]  Class: VrmlConverter_IsoAspect
[INFO ]      [TypeHint] More than 1 constructor, @overload decorator needed.
[INFO ]  ## Processing module VrmlData
[INFO ]  Enum: VrmlData_ErrorStatus
[WARNI]  This template type cannot be handled: NCollection_DataMap<opencascade::handle<TopoDS_TShape>, opencascade::handle<VrmlData_Appearance>>
[WARNI]      [TypeHint] Skipping type opencascade::handle, should contain _
[WARNI]      [TypeHint] Skipping type opencascade::handle, should contain _
[WARNI]      [TypeHint] Skipping type opencascade::handle, should contain _
[INFO ]  Class: VrmlData_Node
[INFO ]      Class VrmlData_Node is abstract, using %nodefaultctor.
[INFO ]      Constructor skipped for abstract class VrmlData_Node
[WARNI]      [TypeHint] param name missing or '&', skip method type hint
[INFO ]  Enum passed by reference: VrmlData_ErrorStatus &outStat changed to VrmlData_ErrorStatus &OutValue
[INFO ]  Enum passed by reference: VrmlData_ErrorStatus & outStat changed to VrmlData_ErrorStatus &OutValue
[INFO ]  Enum passed by reference: VrmlData_ErrorStatus & outStat changed to VrmlData_ErrorStatus &OutValue
[WARNI]      [TypeHint] Skipping type long &, should contain _
[INFO ]  Class: VrmlData_Scene
[INFO ]      operator<< skipped because invalid name
[INFO ]      operator<< skipped because invalid name
[INFO ]      [TypeHint] More than 1 constructor, @overload decorator needed.
[WARNI]      [TypeHint] param name missing or '&', skip method type hint
[INFO ]      operand TopoDS_Shape cannot be wrapped
[WARNI]      [TypeHint] Skipping type Iterator, should contain _
[WARNI]      [TypeHint] Skip type NCollection_DataMap<opencascade::handle<TopoDS_TShape>,, because of trailing :
[WARNI]      [TypeHint] Skip type NCollection_Map<opencascade::handle<VrmlData_Node>>::Iterator, because of trailing :
[WARNI]      [TypeHint] Skipping unknown type size_t, size not in module list
[WARNI]      [TypeHint] Skipping type double &, should contain _
[WARNI]      [TypeHint] param name missing or '&', skip method type hint
[WARNI]      [TypeHint] Skipping type NCollection_List<TCollection_ExtendedString, seems to be a template
[WARNI]      [TypeHint] Skipping unknown type size_t, size not in module list
[WARNI]      [TypeHint] param name missing or '&', skip method type hint
[INFO ]  Class: VrmlData_ShapeConvert
[INFO ]      Wrap nested class VrmlData_ShapeConvert::ShapeData
[INFO ]      equal_to<opencascade::handle<VrmlData_Node>> skipped because it is a class template
[INFO ]      hash<opencascade::handle<VrmlData_Node>> skipped because it is a class template
[INFO ]  Class: VrmlData_Appearance
[INFO ]      [TypeHint] More than 1 constructor, @overload decorator needed.
[WARNI]      [TypeHint] param name missing or '&', skip method type hint
[INFO ]  Class: VrmlData_Geometry
[INFO ]      Class VrmlData_Geometry is abstract, using %nodefaultctor.
[INFO ]      Constructor skipped for abstract class VrmlData_Geometry
[INFO ]      Constructor skipped for abstract class VrmlData_Geometry
[INFO ]  Class: VrmlData_Group
[INFO ]      [TypeHint] More than 1 constructor, @overload decorator needed.
[WARNI]      [TypeHint] Skipping type Iterator, should contain _
[WARNI]      [TypeHint] Skip type NCollection_DataMap<opencascade::handle<TopoDS_TShape>,, because of trailing :
[INFO ]  Class: VrmlData_Material
[INFO ]      [TypeHint] More than 1 constructor, @overload decorator needed.
[INFO ]  Class: VrmlData_ShapeNode
[INFO ]      [TypeHint] More than 1 constructor, @overload decorator needed.
[INFO ]  Class: VrmlData_TextureCoordinate
[INFO ]      [TypeHint] More than 1 constructor, @overload decorator needed.
[WARNI]      [TypeHint] Skipping unknown type size_t, size not in module list
[WARNI]      [TypeHint] Skipping unknown type size_t, size not in module list
[WARNI]      [TypeHint] Skipping unknown type size_t, size not in module list
[WARNI]      [TypeHint] Skipping unknown type size_t, size not in module list
[INFO ]  Class: VrmlData_UnknownNode
[INFO ]      [TypeHint] More than 1 constructor, @overload decorator needed.
[INFO ]  Class: VrmlData_WorldInfo
[INFO ]      [TypeHint] More than 1 constructor, @overload decorator needed.
[INFO ]  Class: VrmlData_Box
[INFO ]      [TypeHint] More than 1 constructor, @overload decorator needed.
[INFO ]  Class: VrmlData_Color
[INFO ]      [TypeHint] More than 1 constructor, @overload decorator needed.
[WARNI]      [TypeHint] Skipping unknown type size_t, size not in module list
[WARNI]      [TypeHint] Skipping unknown type size_t, size not in module list
[INFO ]  Class: VrmlData_Cone
[INFO ]      [TypeHint] More than 1 constructor, @overload decorator needed.
[INFO ]  Class: VrmlData_Coordinate
[INFO ]      [TypeHint] More than 1 constructor, @overload decorator needed.
[WARNI]      [TypeHint] Skipping unknown type size_t, size not in module list
[INFO ]  Class: VrmlData_Cylinder
[INFO ]      [TypeHint] More than 1 constructor, @overload decorator needed.
[INFO ]  Class: VrmlData_ImageTexture
[INFO ]      [TypeHint] More than 1 constructor, @overload decorator needed.
[INFO ]  Class: VrmlData_IndexedLineSet
[INFO ]      [TypeHint] More than 1 constructor, @overload decorator needed.
[WARNI]      [TypeHint] Skipping unknown type size_t, size not in module list
[WARNI]      [TypeHint] Skipping unknown type size_t, size not in module list
[WARNI]      [TypeHint] Skipping unknown type size_t, size not in module list
[WARNI]      [TypeHint] Skipping unknown type size_t, size not in module list
[INFO ]  Class: VrmlData_Normal
[INFO ]      [TypeHint] More than 1 constructor, @overload decorator needed.
[WARNI]      [TypeHint] Skipping unknown type size_t, size not in module list
[INFO ]  Class: VrmlData_Sphere
[INFO ]      [TypeHint] More than 1 constructor, @overload decorator needed.
[INFO ]  Class: VrmlData_IndexedFaceSet
[INFO ]      explicitly excluded method VrmlData_IndexedFaceSet::584d2e88be1e8efe72e095d0b0f760ea
[INFO ]      [TypeHint] More than 1 constructor, @overload decorator needed.
[WARNI]      [TypeHint] Skipping unknown type size_t, size not in module list
[WARNI]      [TypeHint] Skipping unknown type size_t, size not in module list
[WARNI]      [TypeHint] Skipping unknown type size_t, size not in module list
[WARNI]      [TypeHint] Skipping unknown type size_t, size not in module list
[WARNI]      [TypeHint] Skipping unknown type size_t, size not in module list
[WARNI]      [TypeHint] Skipping unknown type size_t, size not in module list
[WARNI]      [TypeHint] Skipping unknown type size_t, size not in module list
[WARNI]      [TypeHint] Skipping unknown type size_t, size not in module list
[INFO ]  Processing toolkit TKXCAF ===
[INFO ]  ## Processing module XCAFApp
[INFO ]  Class: XCAFApp_Application
[INFO ]  ## Processing module XCAFDimTolObjects
[INFO ]  Enum: XCAFDimTolObjects_AngularQualifier
[INFO ]  Enum: XCAFDimTolObjects_DatumModifWithValue
[INFO ]  Enum: XCAFDimTolObjects_DatumSingleModif
[INFO ]  Enum: XCAFDimTolObjects_DatumTargetType
[INFO ]  Enum: XCAFDimTolObjects_DimensionFormVariance
[INFO ]  Enum: XCAFDimTolObjects_DimensionGrade
[INFO ]  Enum: XCAFDimTolObjects_DimensionModif
[INFO ]  Enum: XCAFDimTolObjects_DimensionQualifier
[INFO ]  Enum: XCAFDimTolObjects_DimensionType
[INFO ]  Enum: XCAFDimTolObjects_GeomToleranceMatReqModif
[INFO ]  Enum: XCAFDimTolObjects_GeomToleranceModif
[INFO ]  Enum: XCAFDimTolObjects_GeomToleranceType
[INFO ]  Enum: XCAFDimTolObjects_GeomToleranceTypeValue
[INFO ]  Enum: XCAFDimTolObjects_GeomToleranceZoneModif
[INFO ]  Enum: XCAFDimTolObjects_ToleranceZoneAffectedPlane
[WARNI]  This template type cannot be handled: NCollection_DataMap<opencascade::handle<XCAFDimTolObjects_GeomToleranceObject>, opencascade::handle<XCAFDimTolObjects_DatumObject>>
[WARNI]      [TypeHint] Skipping type opencascade::handle, should contain _
[INFO ]  Class: XCAFDimTolObjects_DatumObject
[INFO ]      [TypeHint] More than 1 constructor, @overload decorator needed.
[INFO ]  Enum passed by reference: XCAFDimTolObjects_DatumModifWithValue &theModifier changed to XCAFDimTolObjects_DatumModifWithValue &OutValue
[INFO ]  Enum passed by reference: XCAFDimTolObjects_DatumModifWithValue & theModifier changed to XCAFDimTolObjects_DatumModifWithValue &OutValue
[INFO ]  Enum passed by reference: XCAFDimTolObjects_DatumModifWithValue & theModifier changed to XCAFDimTolObjects_DatumModifWithValue &OutValue
[WARNI]      [TypeHint] Skipping type double &, should contain _
[WARNI]      [TypeHint] Skipping type NCollection_Sequence<XCAFDimTolObjects_DatumSingleModif, seems to be a template
[WARNI]      [TypeHint] Skipping type NCollection_Sequence<XCAFDimTolObjects_DatumSingleModif>, seems to be a template
[INFO ]  Class: XCAFDimTolObjects_DimensionObject
[INFO ]      [TypeHint] More than 1 constructor, @overload decorator needed.
[INFO ]  Enum passed by reference: XCAFDimTolObjects_DimensionFormVariance &theFormVariance changed to XCAFDimTolObjects_DimensionFormVariance &OutValue
[INFO ]  Enum passed by reference: XCAFDimTolObjects_DimensionGrade &theGrade changed to XCAFDimTolObjects_DimensionGrade &OutValue
[INFO ]  Enum passed by reference: XCAFDimTolObjects_DimensionFormVariance & theFormVariance changed to XCAFDimTolObjects_DimensionFormVariance &OutValue
[INFO ]  Enum passed by reference: XCAFDimTolObjects_DimensionGrade & theGrade changed to XCAFDimTolObjects_DimensionGrade &OutValue
[INFO ]  Enum passed by reference: XCAFDimTolObjects_DimensionFormVariance & theFormVariance changed to XCAFDimTolObjects_DimensionFormVariance &OutValue
[INFO ]  Enum passed by reference: XCAFDimTolObjects_DimensionGrade & theGrade changed to XCAFDimTolObjects_DimensionGrade &OutValue
[WARNI]      [TypeHint] Skipping type NCollection_Sequence<XCAFDimTolObjects_DimensionModif, seems to be a template
[WARNI]      [TypeHint] Skipping type int &, should contain _
[WARNI]      [TypeHint] Skipping type NCollection_Sequence<XCAFDimTolObjects_DimensionModif>, seems to be a template
[INFO ]  Class: XCAFDimTolObjects_GeomToleranceObject
[INFO ]      [TypeHint] More than 1 constructor, @overload decorator needed.
[WARNI]      [TypeHint] Skipping type NCollection_Sequence<XCAFDimTolObjects_GeomToleranceModif, seems to be a template
[WARNI]      [TypeHint] Skipping type NCollection_Sequence<XCAFDimTolObjects_GeomToleranceModif>, seems to be a template
[INFO ]  Class: XCAFDimTolObjects_Tool
[WARNI]      [TypeHint] Skip type NCollection_Sequence<opencascade::handle<XCAFDimTolObjects_DimensionObject>>, because of trailing :
[WARNI]      [TypeHint] Skip type NCollection_Sequence<opencascade::handle<XCAFDimTolObjects_GeomToleranceObject>>, because of trailing :
[WARNI]      [TypeHint] Skip type NCollection_Sequence<opencascade::handle<XCAFDimTolObjects_DimensionObject>>, because of trailing :
[WARNI]      [TypeHint] Skip type NCollection_Sequence<opencascade::handle<XCAFDimTolObjects_GeomToleranceObject>>, because of trailing :
[INFO ]  ## Processing module XCAFDoc
[INFO ]  Enum: XCAFDoc_ColorType
[INFO ]  Class: XCAFDoc
[INFO ]  Class: XCAFDoc_Area
[WARNI]      [TypeHint] Skipping type double &, should contain _
[INFO ]  Class: XCAFDoc_AssemblyGraph
[INFO ]      Wrap nested class XCAFDoc_AssemblyGraph::Iterator
[INFO ]  Enum: NodeType
[INFO ]      [TypeHint] More than 1 constructor, @overload decorator needed.
[WARNI]      [TypeHint] Skipping type const AdjacencyMap &, should contain _
[WARNI]      [TypeHint] Skip type XCAFDoc_AssemblyGraph::NodeType, because of trailing :
[INFO ]  Class: XCAFDoc_AssemblyItemId
[INFO ]      [TypeHint] More than 1 constructor, @overload decorator needed.
[INFO ]  Class: XCAFDoc_AssemblyItemRef
[INFO ]  Class: XCAFDoc_AssemblyIterator
[INFO ]      Wrap nested class XCAFDoc_AssemblyIterator::AuxAssemblyItem
[INFO ]      [TypeHint] More than 1 constructor, @overload decorator needed.
[INFO ]  Class: XCAFDoc_AssemblyTool
[INFO ]  Class: XCAFDoc_Centroid
[INFO ]  Class: XCAFDoc_ClippingPlaneTool
[INFO ]  Class: XCAFDoc_Color
[WARNI]      [TypeHint] Skipping type double &, should contain _
[INFO ]  Class: XCAFDoc_ColorTool
[INFO ]  Class: XCAFDoc_Datum
[INFO ]  Class: XCAFDoc_DimTol
[INFO ]  Class: XCAFDoc_DimTolTool
[WARNI]      [TypeHint] Skipping type int &, should contain _
[WARNI]      [TypeHint] Skipping type NCollection_IndexedDataMap<TDF_Label,, seems to be a template
[WARNI]      [TypeHint] Skipping type NCollection_IndexedDataMap<TDF_Label,, seems to be a template
[INFO ]  Class: XCAFDoc_Dimension
[INFO ]  Class: XCAFDoc_DocumentTool
[WARNI]      [TypeHint] Skipping type double &, should contain _
[WARNI]      [TypeHint] Skipping type double &, should contain _
[INFO ]  Class: XCAFDoc_Editor
[WARNI]      [TypeHint] Skip type NCollection_DataMap<opencascade::handle<XCAFDoc_VisMaterial>,, because of trailing :
[INFO ]  Class: XCAFDoc_GraphNode
[INFO ]  Class: XCAFDoc_LayerTool
[INFO ]  Class: XCAFDoc_LengthUnit
[INFO ]  Class: XCAFDoc_Location
[INFO ]  Class: XCAFDoc_Material
[INFO ]  Class: XCAFDoc_MaterialTool
[WARNI]      [TypeHint] Skipping type static double, should contain _
[WARNI]      [TypeHint] Skipping type double &, should contain _
[INFO ]  Class: XCAFDoc_Note
[INFO ]  Class: XCAFDoc_NotesTool
[INFO ]  Class: XCAFDoc_ShapeMapTool
[INFO ]  Class: XCAFDoc_ShapeTool
[INFO ]  Class: XCAFDoc_View
[INFO ]  Class: XCAFDoc_ViewTool
[INFO ]  Class: XCAFDoc_VisMaterial
[INFO ]  Class: XCAFDoc_VisMaterialCommon
[INFO ]  Class: XCAFDoc_VisMaterialPBR
[INFO ]  Class: XCAFDoc_VisMaterialTool
[WARNI]      [TypeHint] param name missing or '&', skip method type hint
[WARNI]      [TypeHint] param name missing or '&', skip method type hint
[WARNI]      [TypeHint] param name missing or '&', skip method type hint
[INFO ]  Class: XCAFDoc_Volume
[WARNI]      [TypeHint] Skipping type double &, should contain _
[INFO ]      hash<XCAFDoc_AssemblyItemId> skipped because it is a class template
[INFO ]  Class: XCAFDoc_NoteBinData
[INFO ]  Class: XCAFDoc_NoteComment
[INFO ]  Class: XCAFDoc_NoteBalloon
[INFO ]  ## Processing module XCAFNoteObjects
[INFO ]  Class: XCAFNoteObjects_NoteObject
[INFO ]      [TypeHint] More than 1 constructor, @overload decorator needed.
[INFO ]  ## Processing module XCAFPrs
[INFO ]  Enum: 
[WARNI]      [TypeHint] Skip type XCAFPrs_Style,opencascade::handle, because of trailing :
[INFO ]  Class: XCAFPrs
[WARNI]      [TypeHint] Skipping type NCollection_IndexedDataMap<TopoDS_Shape,, seems to be a template
[INFO ]  Class: XCAFPrs_AISObject
[INFO ]  Class: XCAFPrs_DocumentExplorer
[INFO ]      [TypeHint] More than 1 constructor, @overload decorator needed.
[INFO ]  Class: XCAFPrs_DocumentIdIterator
[INFO ]  Class: XCAFPrs_DocumentNode
[INFO ]  Class: XCAFPrs_Driver
[INFO ]  Class: XCAFPrs_Style
[INFO ]  Class: XCAFPrs_Texture
[INFO ]      hash<XCAFPrs_DocumentNode> skipped because it is a class template
[INFO ]      hash<XCAFPrs_Style> skipped because it is a class template
[INFO ]  ## Processing module XCAFView
[INFO ]  Enum: XCAFView_ProjectionType
[INFO ]  Class: XCAFView_Object
[INFO ]      [TypeHint] More than 1 constructor, @overload decorator needed.
[INFO ]  Processing toolkit TKXDEIGES ===
[INFO ]  ## Processing module IGESCAFControl
[INFO ]  Class: IGESCAFControl
[INFO ]  Class: IGESCAFControl_Reader
[INFO ]      [TypeHint] More than 1 constructor, @overload decorator needed.
[INFO ]  Class: IGESCAFControl_Writer
[INFO ]      [TypeHint] More than 1 constructor, @overload decorator needed.
[INFO ]  Processing toolkit TKXDESTEP ===
[INFO ]  ## Processing module STEPCAFControl
[WARNI]  This template type cannot be handled: NCollection_DataMap<opencascade::handle<StepBasic_ProductDefinition>, opencascade::handle<STEPCAFControl_ExternFile>>
[WARNI]  This template type cannot be handled: NCollection_DataMap<opencascade::handle<StepBasic_ProductDefinition>, opencascade::handle<STEPCAFControl_ExternFile>>::Iterator
[WARNI]  This template type cannot be handled: NCollection_DataMap<opencascade::handle<StepShape_ShapeDefinitionRepresentation>, opencascade::handle<STEPCAFControl_ExternFile>>
[WARNI]  This template type cannot be handled: NCollection_DataMap<opencascade::handle<StepShape_ShapeDefinitionRepresentation>, opencascade::handle<STEPCAFControl_ExternFile>>::Iterator
[WARNI]      [TypeHint] Skip type TDF_Label,opencascade::handle, because of trailing :
[WARNI]      [TypeHint] Skipping type opencascade::handle, should contain _
[WARNI]      [TypeHint] Skipping type opencascade::handle, should contain _
[WARNI]      [TypeHint] Skip type TopoDS_Shape,opencascade::handle, because of trailing :
[WARNI]      [TypeHint] Skip type TopoDS_Shape,opencascade::handle, because of trailing :
[INFO ]  Class: STEPCAFControl_ActorWrite
[INFO ]  Class: STEPCAFControl_Controller
[INFO ]  Class: STEPCAFControl_ExternFile
[INFO ]  Class: STEPCAFControl_GDTProperty
[WARNI]      [TypeHint] Skipping type NCollection_HArray1<StepDimTol_DatumReferenceModifier, seems to be a template
[WARNI]      [TypeHint] Skipping type NCollection_Sequence<XCAFDimTolObjects_DatumSingleModif>, seems to be a template
[INFO ]  Enum passed by reference: XCAFDimTolObjects_DatumTargetType &theType changed to XCAFDimTolObjects_DatumTargetType &OutValue
[INFO ]  Enum passed by reference: XCAFDimTolObjects_DatumTargetType & theType changed to XCAFDimTolObjects_DatumTargetType &OutValue
[INFO ]  Enum passed by reference: XCAFDimTolObjects_DatumTargetType & theType changed to XCAFDimTolObjects_DatumTargetType &OutValue
[INFO ]  Enum passed by reference: XCAFDimTolObjects_DimensionFormVariance &theFV changed to XCAFDimTolObjects_DimensionFormVariance &OutValue
[INFO ]  Enum passed by reference: XCAFDimTolObjects_DimensionGrade &theG changed to XCAFDimTolObjects_DimensionGrade &OutValue
[INFO ]  Enum passed by reference: XCAFDimTolObjects_DimensionFormVariance & theFV changed to XCAFDimTolObjects_DimensionFormVariance &OutValue
[INFO ]  Enum passed by reference: XCAFDimTolObjects_DimensionGrade & theG changed to XCAFDimTolObjects_DimensionGrade &OutValue
[INFO ]  Enum passed by reference: XCAFDimTolObjects_DimensionFormVariance & theFV changed to XCAFDimTolObjects_DimensionFormVariance &OutValue
[INFO ]  Enum passed by reference: XCAFDimTolObjects_DimensionGrade & theG changed to XCAFDimTolObjects_DimensionGrade &OutValue
[WARNI]      [TypeHint] Skipping type NCollection_Sequence<XCAFDimTolObjects_DimensionModif>, seems to be a template
[INFO ]  Enum passed by reference: XCAFDimTolObjects_DimensionQualifier &theType changed to XCAFDimTolObjects_DimensionQualifier &OutValue
[INFO ]  Enum passed by reference: XCAFDimTolObjects_DimensionQualifier & theType changed to XCAFDimTolObjects_DimensionQualifier &OutValue
[INFO ]  Enum passed by reference: XCAFDimTolObjects_DimensionQualifier & theType changed to XCAFDimTolObjects_DimensionQualifier &OutValue
[INFO ]  Enum passed by reference: XCAFDimTolObjects_DimensionType &theType changed to XCAFDimTolObjects_DimensionType &OutValue
[INFO ]  Enum passed by reference: XCAFDimTolObjects_DimensionType & theType changed to XCAFDimTolObjects_DimensionType &OutValue
[INFO ]  Enum passed by reference: XCAFDimTolObjects_DimensionType & theType changed to XCAFDimTolObjects_DimensionType &OutValue
[INFO ]  Enum passed by reference: XCAFDimTolObjects_GeomToleranceTypeValue &theType changed to XCAFDimTolObjects_GeomToleranceTypeValue &OutValue
[INFO ]  Enum passed by reference: XCAFDimTolObjects_GeomToleranceTypeValue & theType changed to XCAFDimTolObjects_GeomToleranceTypeValue &OutValue
[INFO ]  Enum passed by reference: XCAFDimTolObjects_GeomToleranceTypeValue & theType changed to XCAFDimTolObjects_GeomToleranceTypeValue &OutValue
[INFO ]  Class: STEPCAFControl_Reader
[INFO ]      [TypeHint] More than 1 constructor, @overload decorator needed.
[WARNI]      [TypeHint] Skipping type NCollection_DataMap<TCollection_AsciiString,, seems to be a template
[WARNI]      [TypeHint] Skipping type NCollection_DataMap<TopoDS_Shape,, seems to be a template
[WARNI]      [TypeHint] Skip type XSAlgo_ShapeProcessor::ParameterMap, because of trailing :
[WARNI]      [TypeHint] Skipping type NCollection_DataMap<TopoDS_Shape,, seems to be a template
[WARNI]      [TypeHint] Skip type XSAlgo_ShapeProcessor::ProcessingFlags, because of trailing :
[WARNI]      [TypeHint] Skipping unknown type DESTEP_Parameters, DESTEP not in module list
[WARNI]      [TypeHint] Skipping unknown type DESTEP_Parameters, DESTEP not in module list
[WARNI]      [TypeHint] Skipping unknown type DESTEP_Parameters, DESTEP not in module list
[WARNI]      [TypeHint] Skip type XSAlgo_ShapeProcessor::ParameterMap, because of trailing :
[WARNI]      [TypeHint] Skip type XSAlgo_ShapeProcessor::ParameterMap, because of trailing :
[WARNI]      [TypeHint] Skip type XSAlgo_ShapeProcessor::ParameterMap, because of trailing :
[WARNI]      [TypeHint] Skipping type const ShapeProcess::OperationsFlags &, should contain _
[INFO ]  Class: STEPCAFControl_Writer
[INFO ]      [TypeHint] More than 1 constructor, @overload decorator needed.
[WARNI]      [TypeHint] Skipping type NCollection_DataMap<TCollection_AsciiString,, seems to be a template
[WARNI]      [TypeHint] Skip type XSAlgo_ShapeProcessor::ParameterMap, because of trailing :
[WARNI]      [TypeHint] Skip type XSAlgo_ShapeProcessor::ProcessingFlags, because of trailing :
[WARNI]      [TypeHint] Skipping unknown type DESTEP_Parameters, DESTEP not in module list
[WARNI]      [TypeHint] Skip type XSAlgo_ShapeProcessor::ParameterMap, because of trailing :
[WARNI]      [TypeHint] Skip type XSAlgo_ShapeProcessor::ParameterMap, because of trailing :
[WARNI]      [TypeHint] Skip type XSAlgo_ShapeProcessor::ParameterMap, because of trailing :
[WARNI]      [TypeHint] Skipping type const ShapeProcess::OperationsFlags &, should contain _
[WARNI]      [TypeHint] Skipping unknown type DESTEP_Parameters, DESTEP not in module list
[WARNI]      [TypeHint] Skipping unknown type DESTEP_Parameters, DESTEP not in module list
[WARNI]      [TypeHint] Skipping unknown type DESTEP_Parameters, DESTEP not in module list
[INFO ]  Processing toolkit TKXSBase ===
[INFO ]  ## Processing module APIHeaderSection
[INFO ]  Class: APIHeaderSection_EditHeader
[INFO ]  Class: APIHeaderSection_MakeHeader
[INFO ]      [TypeHint] More than 1 constructor, @overload decorator needed.
[INFO ]  ## Processing module HeaderSection
[INFO ]  Class: HeaderSection
[INFO ]  Class: HeaderSection_FileDescription
[INFO ]  Class: HeaderSection_FileName
[INFO ]  Class: HeaderSection_FileSchema
[INFO ]  Class: HeaderSection_Protocol
[WARNI]      [TypeHint] param name missing or '&', skip method type hint
[INFO ]  ## Processing module IFSelect
[INFO ]  Enum: IFSelect_EditValue
[INFO ]  Enum: IFSelect_PrintCount
[INFO ]  Enum: IFSelect_PrintFail
[INFO ]  Enum: IFSelect_RemainMode
[INFO ]  Enum: IFSelect_ReturnStatus
[INFO ]  Skip typedef IFSelect_ActFunc because ends with 'Func'
[WARNI]      [TypeHint] Skipping type opencascade::handle, should contain _
[WARNI]      [TypeHint] Skipping type opencascade::handle, should contain _
[WARNI]      [TypeHint] Skipping type opencascade::handle, should contain _
[WARNI]      [TypeHint] Skipping type opencascade::handle, should contain _
[WARNI]      [TypeHint] Skipping type opencascade::handle, should contain _
[WARNI]      [TypeHint] Skipping type opencascade::handle, should contain _
[INFO ]  Class: IFSelect
[INFO ]  Class: IFSelect_Activator
[INFO ]      Class IFSelect_Activator is abstract, using %nodefaultctor.
[WARNI]      [TypeHint] Skipping type int &, should contain _
[INFO ]  Class: IFSelect_AppliedModifiers
[WARNI]      [TypeHint] Skipping type int &, should contain _
[INFO ]  Class: IFSelect_ContextModif
[INFO ]      explicitly excluded method IFSelect_ContextModif::9054e25aca61fc7f2d18aeecf4ba3ccf
[INFO ]      [TypeHint] More than 1 constructor, @overload decorator needed.
[INFO ]  Class: IFSelect_ContextWrite
[INFO ]      [TypeHint] More than 1 constructor, @overload decorator needed.
[INFO ]  Class: IFSelect_Dispatch
[INFO ]      Class IFSelect_Dispatch is abstract, using %nodefaultctor.
[WARNI]      [TypeHint] Skipping type int &, should contain _
[WARNI]      [TypeHint] Skipping unknown type IFGraph_SubPartsIterator, IFGraph not in module list
[INFO ]  Class: IFSelect_EditForm
[INFO ]      explicitly excluded method IFSelect_EditForm::cb21612af5a08603671b1b1bbd570200
[INFO ]      [TypeHint] More than 1 constructor, @overload decorator needed.
[INFO ]  Class: IFSelect_Editor
[INFO ]      Class IFSelect_Editor is abstract, using %nodefaultctor.
[INFO ]  Class: IFSelect_Functions
[INFO ]  Class: IFSelect_GeneralModifier
[INFO ]      Class IFSelect_GeneralModifier is abstract, using %nodefaultctor.
[INFO ]  Class: IFSelect_IntParam
[INFO ]      explicitly excluded method IFSelect_IntParam::9242d38060008b1a62bcc688c10a3faa
[INFO ]  Class: IFSelect_ListEditor
[INFO ]      [TypeHint] More than 1 constructor, @overload decorator needed.
[INFO ]  Class: IFSelect_ModelCopier
[INFO ]  Class: IFSelect_PacketList
[INFO ]  Class: IFSelect_Selection
[INFO ]      Class IFSelect_Selection is abstract, using %nodefaultctor.
[INFO ]  Class: IFSelect_SelectionIterator
[INFO ]      [TypeHint] More than 1 constructor, @overload decorator needed.
[WARNI]      [TypeHint] Skip type NCollection_Sequence<opencascade::handle<IFSelect_Selection>>, because of trailing :
[INFO ]  Class: IFSelect_SessionDumper
[INFO ]      Class IFSelect_SessionDumper is abstract, using %nodefaultctor.
[INFO ]  Class: IFSelect_SessionFile
[INFO ]      [TypeHint] More than 1 constructor, @overload decorator needed.
[WARNI]      [TypeHint] Skipping type const char, should contain _
[INFO ]  Class: IFSelect_ShareOut
[INFO ]  Class: IFSelect_ShareOutResult
[INFO ]      [TypeHint] More than 1 constructor, @overload decorator needed.
[WARNI]      [TypeHint] Skipping type int &, should contain _
[INFO ]  Class: IFSelect_Signature
[WARNI]      [TypeHint] Skipping type int &, should contain _
[INFO ]  Class: IFSelect_SignatureList
[WARNI]      [TypeHint] Skipping type NCollection_IndexedDataMap<TCollection_AsciiString,, seems to be a template
[INFO ]  Class: IFSelect_Transformer
[INFO ]      Class IFSelect_Transformer is abstract, using %nodefaultctor.
[INFO ]  Class: IFSelect_WorkLibrary
[INFO ]      Class IFSelect_WorkLibrary is abstract, using %nodefaultctor.
[WARNI]      [TypeHint] Skipping type int &, should contain _
[INFO ]  Class: IFSelect_WorkSession
[WARNI]      [TypeHint] Skip type NCollection_DynamicArray<opencascade::handle<Standard_Transient>>, because of trailing :
[INFO ]  Class: IFSelect_Act
[INFO ]  Class: IFSelect_BasicDumper
[INFO ]  Class: IFSelect_CheckCounter
[INFO ]  Class: IFSelect_DispGlobal
[WARNI]      [TypeHint] Skipping type int &, should contain _
[WARNI]      [TypeHint] Skipping unknown type IFGraph_SubPartsIterator, IFGraph not in module list
[INFO ]  Class: IFSelect_DispPerCount
[WARNI]      [TypeHint] Skipping type int &, should contain _
[WARNI]      [TypeHint] Skipping unknown type IFGraph_SubPartsIterator, IFGraph not in module list
[INFO ]  Class: IFSelect_DispPerFiles
[WARNI]      [TypeHint] Skipping type int &, should contain _
[WARNI]      [TypeHint] Skipping unknown type IFGraph_SubPartsIterator, IFGraph not in module list
[INFO ]  Class: IFSelect_DispPerOne
[WARNI]      [TypeHint] Skipping type int &, should contain _
[WARNI]      [TypeHint] Skipping unknown type IFGraph_SubPartsIterator, IFGraph not in module list
[INFO ]  Class: IFSelect_DispPerSignature
[WARNI]      [TypeHint] Skipping type int &, should contain _
[WARNI]      [TypeHint] Skipping unknown type IFGraph_SubPartsIterator, IFGraph not in module list
[INFO ]  Class: IFSelect_Modifier
[INFO ]      Class IFSelect_Modifier is abstract, using %nodefaultctor.
[INFO ]  Class: IFSelect_ParamEditor
[INFO ]  Class: IFSelect_SelectBase
[INFO ]  Class: IFSelect_SelectCombine
[INFO ]  Class: IFSelect_SelectControl
[INFO ]  Class: IFSelect_SelectDeduct
[INFO ]  Class: IFSelect_SessionPilot
[INFO ]  Class: IFSelect_SignCategory
[INFO ]  Class: IFSelect_SignCounter
[INFO ]      [TypeHint] More than 1 constructor, @overload decorator needed.
[INFO ]  Class: IFSelect_SignMultiple
[INFO ]  Class: IFSelect_SignType
[INFO ]  Class: IFSelect_SignValidity
[INFO ]  Class: IFSelect_TransformStandard
[INFO ]  Class: IFSelect_GraphCounter
[INFO ]  Class: IFSelect_ModifEditForm
[INFO ]  Class: IFSelect_ModifReorder
[INFO ]  Class: IFSelect_SelectAnyList
[INFO ]      Class IFSelect_SelectAnyList is abstract, using %nodefaultctor.
[INFO ]  Class: IFSelect_SelectDiff
[INFO ]  Class: IFSelect_SelectEntityNumber
[INFO ]  Class: IFSelect_SelectExplore
[INFO ]      Class IFSelect_SelectExplore is abstract, using %nodefaultctor.
[INFO ]  Class: IFSelect_SelectExtract
[INFO ]      Class IFSelect_SelectExtract is abstract, using %nodefaultctor.
[INFO ]  Class: IFSelect_SelectIntersection
[INFO ]  Class: IFSelect_SelectModelEntities
[INFO ]  Class: IFSelect_SelectModelRoots
[INFO ]  Class: IFSelect_SelectPointed
[INFO ]  Class: IFSelect_SelectShared
[INFO ]  Class: IFSelect_SelectSharing
[INFO ]  Class: IFSelect_SelectSuite
[INFO ]  Class: IFSelect_SelectUnion
[INFO ]  Class: IFSelect_SignAncestor
[INFO ]  Class: IFSelect_SelectAnyType
[INFO ]      Class IFSelect_SelectAnyType is abstract, using %nodefaultctor.
[INFO ]  Class: IFSelect_SelectErrorEntities
[INFO ]  Class: IFSelect_SelectFlag
[INFO ]  Class: IFSelect_SelectInList
[INFO ]      Class IFSelect_SelectInList is abstract, using %nodefaultctor.
[INFO ]  Class: IFSelect_SelectRange
[INFO ]  Class: IFSelect_SelectRootComps
[INFO ]  Class: IFSelect_SelectRoots
[INFO ]  Class: IFSelect_SelectSent
[INFO ]  Class: IFSelect_SelectSignature
[INFO ]      [TypeHint] More than 1 constructor, @overload decorator needed.
[INFO ]  Class: IFSelect_SelectSignedShared
[INFO ]  Class: IFSelect_SelectSignedSharing
[INFO ]  Class: IFSelect_SelectUnknownEntities
[INFO ]  Class: IFSelect_SelectIncorrectEntities
[INFO ]  Class: IFSelect_SelectType
[INFO ]      [TypeHint] More than 1 constructor, @overload decorator needed.
[INFO ]  ## Processing module Interface
[INFO ]  Enum: Interface_CheckStatus
[INFO ]  Enum: Interface_DataState
[INFO ]  Enum: Interface_ParamType
[WARNI]      [TypeHint] Skipping type opencascade::handle, should contain _
[WARNI]      [TypeHint] Skipping type opencascade::handle, should contain _
[WARNI]      [TypeHint] Skipping type opencascade::handle, should contain _
[WARNI]      [TypeHint] Skipping type opencascade::handle, should contain _
[WARNI]      [TypeHint] Skipping type opencascade::handle, should contain _
[INFO ]  Class: Interface_BitMap
[INFO ]      [TypeHint] More than 1 constructor, @overload decorator needed.
[INFO ]  Class: Interface_Category
[INFO ]      [TypeHint] More than 1 constructor, @overload decorator needed.
[INFO ]  Class: Interface_Check
[INFO ]      [TypeHint] More than 1 constructor, @overload decorator needed.
[INFO ]  Class: Interface_CheckIterator
[INFO ]      [TypeHint] More than 1 constructor, @overload decorator needed.
[INFO ]  Class: Interface_CheckTool
[INFO ]      [TypeHint] More than 1 constructor, @overload decorator needed.
[INFO ]  Class: Interface_CopyControl
[INFO ]      Class Interface_CopyControl is abstract, using %nodefaultctor.
[INFO ]  Class: Interface_CopyTool
[INFO ]      [TypeHint] More than 1 constructor, @overload decorator needed.
[INFO ]  Class: Interface_EntityCluster
[INFO ]      [TypeHint] More than 1 constructor, @overload decorator needed.
[INFO ]  Class: Interface_EntityIterator
[INFO ]      [TypeHint] More than 1 constructor, @overload decorator needed.
[INFO ]  Class: Interface_EntityList
[INFO ]  Class: Interface_FileParameter
[INFO ]  Class: Interface_FileReaderData
[INFO ]      Class Interface_FileReaderData is abstract, using %nodefaultctor.
[WARNI]      [TypeHint] Skipping type static double, should contain _
[INFO ]  Class: Interface_FileReaderTool
[INFO ]      Class Interface_FileReaderTool is abstract, using %nodefaultctor.
[INFO ]  Class: Interface_FloatWriter
[WARNI]      [TypeHint] Skipping type double &, should contain _
[INFO ]  Class: Interface_GTool
[INFO ]      [TypeHint] More than 1 constructor, @overload decorator needed.
[WARNI]      [TypeHint] Skipping type int &, should contain _
[INFO ]  Class: Interface_GeneralLib
[INFO ]      [TypeHint] More than 1 constructor, @overload decorator needed.
[WARNI]      [TypeHint] Skipping type int &, should contain _
[INFO ]  Class: Interface_GeneralModule
[INFO ]      Class Interface_GeneralModule is abstract, using %nodefaultctor.
[INFO ]  Class: Interface_GlobalNodeOfGeneralLib
[INFO ]  Class: Interface_GlobalNodeOfReaderLib
[INFO ]  Class: Interface_Graph
[INFO ]      [TypeHint] More than 1 constructor, @overload decorator needed.
[INFO ]      operand = cannot be wrapped
[INFO ]  Class: Interface_HGraph
[INFO ]      [TypeHint] More than 1 constructor, @overload decorator needed.
[INFO ]  Class: Interface_IntList
[INFO ]      [TypeHint] More than 1 constructor, @overload decorator needed.
[WARNI]      [TypeHint] Skipping type int &, should contain _
[INFO ]  Class: Interface_IntVal
[WARNI]      [TypeHint] Skipping type int &, should contain _
[INFO ]  Class: Interface_InterfaceModel
[INFO ]      Class Interface_InterfaceModel is abstract, using %nodefaultctor.
[INFO ]  Class: Interface_LineBuffer
[WARNI]      [TypeHint] Skipping type const char, should contain _
[INFO ]  Class: Interface_MSG
[INFO ]      [TypeHint] More than 1 constructor, @overload decorator needed.
[INFO ]      operand constchar* cannot be wrapped
[WARNI]      [TypeHint] Skipping type static double, should contain _
[WARNI]      [TypeHint] Skipping type int &, should contain _
[INFO ]  Class: Interface_NodeOfGeneralLib
[INFO ]  Class: Interface_NodeOfReaderLib
[INFO ]  Class: Interface_ParamList
[INFO ]      operand () cannot be wrapped
[INFO ]      operand () cannot be wrapped
[INFO ]  Class: Interface_ParamSet
[INFO ]  Class: Interface_Protocol
[INFO ]      Class Interface_Protocol is abstract, using %nodefaultctor.
[INFO ]  Class: Interface_ReaderLib
[INFO ]      [TypeHint] More than 1 constructor, @overload decorator needed.
[WARNI]      [TypeHint] Skipping type int &, should contain _
[INFO ]  Class: Interface_ReaderModule
[INFO ]      Class Interface_ReaderModule is abstract, using %nodefaultctor.
[INFO ]  Class: Interface_ReportEntity
[INFO ]      [TypeHint] More than 1 constructor, @overload decorator needed.
[INFO ]  Class: Interface_STAT
[INFO ]      [TypeHint] More than 1 constructor, @overload decorator needed.
[WARNI]      [TypeHint] Skipping type int &, should contain _
[WARNI]      [TypeHint] Skipping type double &, should contain _
[WARNI]      [TypeHint] Skipping type int &, should contain _
[INFO ]      operand = cannot be wrapped
[INFO ]  Class: Interface_ShareFlags
[INFO ]      [TypeHint] More than 1 constructor, @overload decorator needed.
[INFO ]  Class: Interface_ShareTool
[INFO ]      [TypeHint] More than 1 constructor, @overload decorator needed.
[INFO ]  Class: Interface_SignLabel
[INFO ]  Class: Interface_SignType
[INFO ]      Class Interface_SignType is abstract, using %nodefaultctor.
[INFO ]  Class: Interface_TypedValue
[INFO ]  Class: Interface_UndefinedContent
[INFO ]  Enum passed by reference: Interface_ParamType &ptype changed to Interface_ParamType &OutValue
[INFO ]  Enum passed by reference: Interface_ParamType & ptype changed to Interface_ParamType &OutValue
[INFO ]  Enum passed by reference: Interface_ParamType & ptype changed to Interface_ParamType &OutValue
[INFO ]  Class: Interface_CopyMap
[INFO ]  Class: Interface_GraphContent
[INFO ]      [TypeHint] More than 1 constructor, @overload decorator needed.
[INFO ]  Class: Interface_Static
[INFO ]      [TypeHint] More than 1 constructor, @overload decorator needed.
[WARNI]      [TypeHint] Skipping type NCollection_DataMap<TCollection_AsciiString,, seems to be a template
[WARNI]      [TypeHint] Skipping type const char, should contain _
[WARNI]      [TypeHint] Skipping type static double, should contain _
[INFO ]  ## Processing module MoniTool
[INFO ]  Enum: MoniTool_ValueType
[WARNI]      [TypeHint] Skip type TopoDS_Shape,opencascade::handle, because of trailing :
[WARNI]      [TypeHint] Skipping type opencascade::handle, should contain _
[WARNI]      [TypeHint] Skip type TopoDS_Shape,opencascade::handle, because of trailing :
[WARNI]      [TypeHint] Skipping type opencascade::handle, should contain _
[INFO ]  Class: MoniTool_AttrList
[INFO ]      [TypeHint] More than 1 constructor, @overload decorator needed.
[WARNI]      [TypeHint] Skipping type NCollection_DataMap<TCollection_AsciiString,, seems to be a template
[WARNI]      [TypeHint] Skipping type int &, should contain _
[WARNI]      [TypeHint] Skipping type double &, should contain _
[INFO ]  Class: MoniTool_CaseData
[WARNI]      [TypeHint] Skipping type int &, should contain _
[WARNI]      [TypeHint] Skipping type double &, should contain _
[WARNI]      [TypeHint] Skipping type double &, should contain _
[INFO ]  Class: MoniTool_DataInfo
[INFO ]  Class: MoniTool_Element
[INFO ]      Class MoniTool_Element is abstract, using %nodefaultctor.
[INFO ]      Constructor skipped for abstract class MoniTool_Element
[WARNI]      [TypeHint] Skipping unknown type size_t, size not in module list
[INFO ]  Class: MoniTool_IntVal
[WARNI]      [TypeHint] Skipping type int &, should contain _
[INFO ]  Class: MoniTool_RealVal
[WARNI]      [TypeHint] Skipping type double &, should contain _
[INFO ]  Class: MoniTool_SignText
[INFO ]      Class MoniTool_SignText is abstract, using %nodefaultctor.
[INFO ]  Class: MoniTool_Stat
[INFO ]      [TypeHint] More than 1 constructor, @overload decorator needed.
[INFO ]  Class: MoniTool_Timer
[WARNI]      [TypeHint] Skipping type double &, should contain _
[INFO ]  Class: MoniTool_TimerSentry
[INFO ]      [TypeHint] More than 1 constructor, @overload decorator needed.
[INFO ]  Class: MoniTool_TypedValue
[INFO ]      [TypeHint] More than 1 constructor, @overload decorator needed.
[WARNI]      [TypeHint] Skipping type int &, should contain _
[WARNI]      [TypeHint] Skipping type int &, should contain _
[WARNI]      [TypeHint] Skipping type double &, should contain _
[INFO ]  Class: MoniTool_SignShape
[INFO ]  Class: MoniTool_TransientElem
[INFO ]  ## Processing module RWHeaderSection
[INFO ]  Class: RWHeaderSection
[INFO ]  Class: RWHeaderSection_GeneralModule
[INFO ]  Class: RWHeaderSection_RWFileDescription
[INFO ]  Class: RWHeaderSection_RWFileName
[INFO ]  Class: RWHeaderSection_RWFileSchema
[INFO ]  Class: RWHeaderSection_ReadWriteModule
[WARNI]      [TypeHint] Skip type std::string_view, because of trailing :
[INFO ]  ## Processing module StepData
[INFO ]  Enum: StepData_Logical
[INFO ]  Class: StepData
[INFO ]  Class: StepData_Described
[INFO ]      Class StepData_Described is abstract, using %nodefaultctor.
[INFO ]  Class: StepData_EDescr
[INFO ]      Class StepData_EDescr is abstract, using %nodefaultctor.
[INFO ]  Class: StepData_EnumTool
[INFO ]  Class: StepData_Factors
[INFO ]  Class: StepData_Field
[INFO ]      [TypeHint] More than 1 constructor, @overload decorator needed.
[INFO ]      operand = cannot be wrapped
[INFO ]  Class: StepData_FieldList
[INFO ]  Class: StepData_FileRecognizer
[INFO ]      Class StepData_FileRecognizer is abstract, using %nodefaultctor.
[INFO ]  Class: StepData_GeneralModule
[INFO ]      Class StepData_GeneralModule is abstract, using %nodefaultctor.
[INFO ]  Class: StepData_GlobalNodeOfWriterLib
[INFO ]  Class: StepData_NodeOfWriterLib
[INFO ]  Class: StepData_PDescr
[INFO ]  Class: StepData_Protocol
[INFO ]  Class: StepData_ReadWriteModule
[INFO ]      Class StepData_ReadWriteModule is abstract, using %nodefaultctor.
[WARNI]      [TypeHint] Skip type std::string_view, because of trailing :
[INFO ]  Class: StepData_SelectMember
[WARNI]      [TypeHint] Skipping type virtual double, should contain _
[INFO ]  Class: StepData_SelectType
[INFO ]      Class StepData_SelectType is abstract, using %nodefaultctor.
[INFO ]  Class: StepData_StepDumper
[INFO ]  Class: StepData_StepModel
[INFO ]  Class: StepData_StepReaderData
[INFO ]      explicitly excluded method StepData_StepReaderData::7bb07a48fa99144577b5a12135bb54e0
[INFO ]      explicitly excluded method StepData_StepReaderData::d3e06801e9f5338197fc1f830073e179
[INFO ]      explicitly excluded method StepData_StepReaderData::bbbcf73acd70003d9f0e4ec6023b5133
[INFO ]      explicitly excluded method StepData_StepReaderData::d915e01c9190ed20439c80912225ebda
[INFO ]      explicitly excluded method StepData_StepReaderData::9a3527aafe247d835da814b97469e371
[WARNI]      [TypeHint] Skipping type int &, should contain _
[WARNI]      [TypeHint] Skipping type int &, should contain _
[WARNI]      [TypeHint] Skipping type int &, should contain _
[WARNI]      [TypeHint] Skipping type int &, should contain _
[INFO ]  Enum passed by reference: StepData_Logical &flag changed to StepData_Logical &OutValue
[INFO ]  Enum passed by reference: StepData_Logical & flag changed to StepData_Logical &OutValue
[INFO ]  Enum passed by reference: StepData_Logical & flag changed to StepData_Logical &OutValue
[WARNI]      [TypeHint] Skipping type double &, should contain _
[WARNI]      [TypeHint] Skipping type int &, should contain _
[WARNI]      [TypeHint] Skipping type int &, should contain _
[WARNI]      [TypeHint] Skipping type double &, should contain _
[WARNI]      [TypeHint] Skipping type double &, should contain _
[INFO ]  Class: StepData_StepReaderTool
[INFO ]  Class: StepData_StepWriter
[WARNI]      [TypeHint] Skipping type int &, should contain _
[WARNI]      [TypeHint] Skipping type int &, should contain _
[INFO ]  Class: StepData_WriterLib
[INFO ]      [TypeHint] More than 1 constructor, @overload decorator needed.
[WARNI]      [TypeHint] Skipping type int &, should contain _
[INFO ]  Class: StepData_DefaultGeneral
[INFO ]  Class: StepData_ECDescr
[INFO ]  Class: StepData_ESDescr
[INFO ]  Class: StepData_FieldList1
[INFO ]  Class: StepData_FieldListD
[INFO ]  Class: StepData_FieldListN
[INFO ]  Class: StepData_FileProtocol
[INFO ]  Class: StepData_Plex
[INFO ]  Class: StepData_SelectInt
[INFO ]  Class: StepData_SelectNamed
[INFO ]  Class: StepData_SelectReal
[INFO ]  Class: StepData_Simple
[INFO ]  Class: StepData_SelectArrReal
[INFO ]  ## Processing module Transfer
[INFO ]  Enum: Transfer_StatusExec
[INFO ]  Enum: Transfer_StatusResult
[INFO ]  Enum: Transfer_UndefMode
[WARNI]  This template type cannot be handled: NCollection_IndexedDataMap<opencascade::handle<Transfer_Finder>, opencascade::handle<Transfer_Binder>, Transfer_FindHasher>
[WARNI]  This template type cannot be handled: NCollection_IndexedDataMap<opencascade::handle<Standard_Transient>, opencascade::handle<Transfer_Binder>>
[WARNI]      [TypeHint] Skipping type opencascade::handle, should contain _
[WARNI]      [TypeHint] Skipping type opencascade::handle, should contain _
[WARNI]      [TypeHint] Skipping type opencascade::handle, should contain _
[WARNI]      [TypeHint] Skipping type opencascade::handle, should contain _
[WARNI]      [TypeHint] Skipping type opencascade::handle, should contain _
[WARNI]      [TypeHint] Skipping type opencascade::handle, should contain _
[INFO ]  Class: Transfer_ActorOfProcessForFinder
[INFO ]  Class: Transfer_ActorOfProcessForTransient
[INFO ]  Class: Transfer_Binder
[INFO ]      Class Transfer_Binder is abstract, using %nodefaultctor.
[INFO ]  Class: Transfer_DataInfo
[INFO ]  Class: Transfer_DispatchControl
[INFO ]  Class: Transfer_FindHasher
[INFO ]      operand () cannot be wrapped
[INFO ]      operand () cannot be wrapped
[INFO ]  Class: Transfer_Finder
[INFO ]      Class Transfer_Finder is abstract, using %nodefaultctor.
[WARNI]      [TypeHint] Skipping type NCollection_DataMap<TCollection_AsciiString,, seems to be a template
[WARNI]      [TypeHint] Skipping unknown type size_t, size not in module list
[WARNI]      [TypeHint] Skipping type int &, should contain _
[WARNI]      [TypeHint] Skipping type double &, should contain _
[INFO ]  Class: Transfer_MapContainer
[INFO ]  Class: Transfer_ProcessForTransient
[INFO ]      [TypeHint] More than 1 constructor, @overload decorator needed.
[INFO ]  Class: Transfer_ResultFromModel
[INFO ]  Class: Transfer_ResultFromTransient
[INFO ]  Class: Transfer_TransferDispatch
[INFO ]      [TypeHint] More than 1 constructor, @overload decorator needed.
[INFO ]  Class: Transfer_TransferInput
[INFO ]  Class: Transfer_TransferIterator
[INFO ]  Class: Transfer_TransferOutput
[INFO ]      [TypeHint] More than 1 constructor, @overload decorator needed.
[INFO ]  Class: Transfer_ActorOfFinderProcess
[WARNI]      [TypeHint] Skip type XSAlgo_ShapeProcessor::ParameterMap, because of trailing :
[WARNI]      [TypeHint] Skip type XSAlgo_ShapeProcessor::ProcessingFlags, because of trailing :
[WARNI]      [TypeHint] Skipping type int &, should contain _
[WARNI]      [TypeHint] Skip type XSAlgo_ShapeProcessor::ParameterMap, because of trailing :
[WARNI]      [TypeHint] Skip type XSAlgo_ShapeProcessor::ParameterMap, because of trailing :
[WARNI]      [TypeHint] Skip type XSAlgo_ShapeProcessor::ParameterMap, because of trailing :
[WARNI]      [TypeHint] Skipping type const ShapeProcess::OperationsFlags &, should contain _
[INFO ]  Class: Transfer_ActorOfTransientProcess
[WARNI]      [TypeHint] Skip type XSAlgo_ShapeProcessor::ProcessingFlags, because of trailing :
[WARNI]      [TypeHint] Skip type XSAlgo_ShapeProcessor::ParameterMap, because of trailing :
[WARNI]      [TypeHint] Skipping type const ShapeProcess::OperationsFlags &, should contain _
[WARNI]      [TypeHint] Skip type XSAlgo_ShapeProcessor::ParameterMap, because of trailing :
[WARNI]      [TypeHint] Skip type XSAlgo_ShapeProcessor::ParameterMap, because of trailing :
[WARNI]      [TypeHint] Skip type XSAlgo_ShapeProcessor::ParameterMap, because of trailing :
[INFO ]  Class: Transfer_FinderProcess
[INFO ]  Class: Transfer_IteratorOfProcessForFinder
[WARNI]      [TypeHint] Skip type NCollection_HSequence<opencascade::handle<Transfer_Finder, because of trailing :
[INFO ]  Class: Transfer_IteratorOfProcessForTransient
[INFO ]  Class: Transfer_MultipleBinder
[INFO ]  Class: Transfer_SimpleBinderOfTransient
[INFO ]  Class: Transfer_TransientListBinder
[INFO ]      [TypeHint] More than 1 constructor, @overload decorator needed.
[INFO ]  Class: Transfer_TransientMapper
[INFO ]  Class: Transfer_TransientProcess
[WARNI]      [TypeHint] Skipping type NCollection_DataMap<TCollection_AsciiString,, seems to be a template
[INFO ]  Class: Transfer_VoidBinder
[INFO ]  Class: Transfer_ActorDispatch
[INFO ]      [TypeHint] More than 1 constructor, @overload decorator needed.
[INFO ]  Class: Transfer_BinderOfTransientInteger
[INFO ]  ## Processing module TransferBRep
[WARNI]      [TypeHint] Skipping type opencascade::handle, should contain _
[WARNI]      [TypeHint] Skipping type opencascade::handle, should contain _
[INFO ]  Class: TransferBRep
[INFO ]      explicitly excluded method TransferBRep::6d70169a898f988b85665e1a7cf4fa08
[WARNI]      [TypeHint] Skip type NCollection_HSequence<opencascade::handle<TransferBRep_TransferResultInfo, because of trailing :
[WARNI]      [TypeHint] Skip type NCollection_HSequence<opencascade::handle<TransferBRep_TransferResultInfo, because of trailing :
[INFO ]  Class: TransferBRep_BinderOfShape
[INFO ]      [TypeHint] More than 1 constructor, @overload decorator needed.
[INFO ]  Class: TransferBRep_Reader
[INFO ]  Class: TransferBRep_ShapeInfo
[INFO ]  Class: TransferBRep_ShapeListBinder
[INFO ]      [TypeHint] More than 1 constructor, @overload decorator needed.
[INFO ]  Class: TransferBRep_ShapeMapper
[INFO ]  Class: TransferBRep_TransferResultInfo
[WARNI]      [TypeHint] Skipping type int &, should contain _
[WARNI]      [TypeHint] Skipping type int &, should contain _
[WARNI]      [TypeHint] Skipping type int &, should contain _
[WARNI]      [TypeHint] Skipping type int &, should contain _
[WARNI]      [TypeHint] Skipping type int &, should contain _
[WARNI]      [TypeHint] Skipping type int &, should contain _
[WARNI]      [TypeHint] Skipping type int &, should contain _
[WARNI]      [TypeHint] Skipping type int &, should contain _
[INFO ]  Class: TransferBRep_ShapeBinder
[INFO ]      [TypeHint] More than 1 constructor, @overload decorator needed.
[INFO ]  ## Processing module XSControl
[INFO ]  Class: XSControl
[INFO ]  Class: XSControl_ConnectedShapes
[INFO ]      [TypeHint] More than 1 constructor, @overload decorator needed.
[INFO ]  Class: XSControl_Controller
[INFO ]      Class XSControl_Controller is abstract, using %nodefaultctor.
[WARNI]      [TypeHint] Skipping type NCollection_DataMap<TCollection_AsciiString,, seems to be a template
[WARNI]      [TypeHint] Skipping type int &, should contain _
[INFO ]  Class: XSControl_FuncShape
[INFO ]  Class: XSControl_Functions
[INFO ]  Class: XSControl_Reader
[INFO ]      [TypeHint] More than 1 constructor, @overload decorator needed.
[WARNI]      [TypeHint] Skip type XSAlgo_ShapeProcessor::ParameterMap, because of trailing :
[WARNI]      [TypeHint] Skip type XSAlgo_ShapeProcessor::ProcessingFlags, because of trailing :
[WARNI]      [TypeHint] Skipping type int &, should contain _
[WARNI]      [TypeHint] Skip type XSAlgo_ShapeProcessor::ParameterMap, because of trailing :
[WARNI]      [TypeHint] Skip type XSAlgo_ShapeProcessor::ParameterMap, because of trailing :
[WARNI]      [TypeHint] Skip type XSAlgo_ShapeProcessor::ParameterMap, because of trailing :
[WARNI]      [TypeHint] Skipping type const ShapeProcess::OperationsFlags &, should contain _
[INFO ]  Class: XSControl_SelectForTransfer
[INFO ]      [TypeHint] More than 1 constructor, @overload decorator needed.
[INFO ]  Class: XSControl_SignTransferStatus
[INFO ]      [TypeHint] More than 1 constructor, @overload decorator needed.
[INFO ]  Class: XSControl_TransferReader
[WARNI]      [TypeHint] Skipping type NCollection_DataMap<TCollection_AsciiString,, seems to be a template
[INFO ]  Class: XSControl_TransferWriter
[INFO ]  Class: XSControl_Utils
[WARNI]      [TypeHint] Skipping unknown type char16_t, char16 not in module list
[WARNI]      [TypeHint] Skipping unknown type char16_t, char16 not in module list
[WARNI]      [TypeHint] Skipping type int &, should contain _
[WARNI]      [TypeHint] Skipping unknown type char16_t, char16 not in module list
[WARNI]      [TypeHint] Skipping unknown type char16_t, char16 not in module list
[WARNI]      [TypeHint] Skipping unknown type char16_t, char16 not in module list
[WARNI]      [TypeHint] Skipping unknown type char16_t, char16 not in module list
[WARNI]      [TypeHint] Skipping unknown type char16_t, char16 not in module list
[WARNI]      [TypeHint] Skipping unknown type char16_t, char16 not in module list
[WARNI]      [TypeHint] Skipping unknown type char16_t, char16 not in module list
[INFO ]  Class: XSControl_Vars
[INFO ]  Class: XSControl_WorkSession
[WARNI]      [TypeHint] Skipping type NCollection_DataMap<TCollection_AsciiString,, seems to be a template
[WARNI]      [TypeHint] Skipping type NCollection_DataMap<TCollection_AsciiString,, seems to be a template
[INFO ]  Class: XSControl_Writer
[INFO ]      [TypeHint] More than 1 constructor, @overload decorator needed.
[INFO ]  Processing toolkit TKXmlXCAF ===
[INFO ]  ## Processing module XmlMXCAFDoc
[INFO ]  Class: XmlMXCAFDoc
[INFO ]  Class: XmlMXCAFDoc_AssemblyItemRefDriver
[INFO ]  Class: XmlMXCAFDoc_CentroidDriver
[INFO ]  Class: XmlMXCAFDoc_ColorDriver
[INFO ]  Class: XmlMXCAFDoc_DatumDriver
[INFO ]  Class: XmlMXCAFDoc_DimTolDriver
[INFO ]  Class: XmlMXCAFDoc_GraphNodeDriver
[INFO ]  Class: XmlMXCAFDoc_LengthUnitDriver
[INFO ]  Class: XmlMXCAFDoc_LocationDriver
[INFO ]  Class: XmlMXCAFDoc_MaterialDriver
[INFO ]  Class: XmlMXCAFDoc_NoteDriver
[INFO ]  Class: XmlMXCAFDoc_VisMaterialDriver
[INFO ]  Class: XmlMXCAFDoc_VisMaterialToolDriver
[INFO ]  Class: XmlMXCAFDoc_NoteBinDataDriver
[INFO ]  Class: XmlMXCAFDoc_NoteCommentDriver
[INFO ]  ## Processing module XmlXCAFDrivers
[INFO ]  Class: XmlXCAFDrivers
[INFO ]  Class: XmlXCAFDrivers_DocumentRetrievalDriver
[INFO ]  Class: XmlXCAFDrivers_DocumentStorageDriver
[INFO ]  Processing toolkit TKXDE ===
[INFO ]  ## Processing module DE
[INFO ]  Class: DE_ConfigurationContext
[WARNI]      [TypeHint] Skipping type int &, should contain _
[WARNI]      [TypeHint] Skipping type NCollection_DataMap<TCollection_AsciiString,, seems to be a template
[WARNI]      [TypeHint] Skipping type double &, should contain _
[INFO ]  Class: DE_ConfigurationNode
[INFO ]      Class DE_ConfigurationNode is abstract, using %nodefaultctor.
[INFO ]      Wrap nested class DE_ConfigurationNode::DE_SectionGlobal
[INFO ]      Constructor skipped for abstract class DE_ConfigurationNode
[INFO ]      Constructor skipped for abstract class DE_ConfigurationNode
[WARNI]      [TypeHint] Skipping type NCollection_List<TCollection_AsciiString, seems to be a template
[WARNI]      [TypeHint] Skipping type NCollection_List<TCollection_AsciiString, seems to be a template
[INFO ]  Class: DE_Provider
[INFO ]      Class DE_Provider is abstract, using %nodefaultctor.
[INFO ]      Wrap nested class DE_Provider::WriteStreamNode
[INFO ]      Wrap nested class DE_Provider::ReadStreamNode
[INFO ]      Constructor skipped for abstract class DE_Provider
[INFO ]      Constructor skipped for abstract class DE_Provider
[INFO ]      explicitly excluded method DE_Provider::a6a47b51a2bc023e0118a02a7794a53d
[INFO ]      explicitly excluded method DE_Provider::b602bb0107332e6514dd4d4dcb301493
[INFO ]      explicitly excluded method DE_Provider::a8b85eb76d613b41293a8d26818f3975
[INFO ]      explicitly excluded method DE_Provider::1dc0f0bd8bfb8c23eacffaf240d26993
[INFO ]      explicitly excluded method DE_Provider::59bb4723ad1720b7df51a66f46dd6a54
[INFO ]      explicitly excluded method DE_Provider::7fa7c24484e6afbd109d5014e9d5a928
[INFO ]      explicitly excluded method DE_Provider::b283cd43f8bd748962690ceac75a0bd5
[INFO ]      explicitly excluded method DE_Provider::ec30850132a9cbd4303fbcf36ed76f56
[INFO ]      explicitly excluded method DE_Provider::51e81a233eb35c0529cc3a45d7e73fdb
[INFO ]      explicitly excluded method DE_Provider::7c9d222732a93c035c05678d2a2bd46c
[INFO ]      explicitly excluded method DE_Provider::6b147ecd66c96b0d874ed212cf6f2546
[INFO ]      explicitly excluded method DE_Provider::f555cca8ad980a24af884d2ca5daa49d
[INFO ]      explicitly excluded method DE_Provider::577477d1f044d2d0d860c94aba5e4ffe
[INFO ]      explicitly excluded method DE_Provider::4da26eb3f229c14ac2f96ecb83da5db1
[INFO ]      explicitly excluded method DE_Provider::bd94cecc3561e20266cdc2b9806cfaec
[INFO ]      explicitly excluded method DE_Provider::b599888bf77594045d82c51542366f02
[INFO ]  Class: DE_ValidationUtils
[WARNI]      [TypeHint] Skip type DE_Provider::ReadStreamList, because of trailing :
[WARNI]      [TypeHint] Skip type DE_Provider::WriteStreamList, because of trailing :
[INFO ]  Class: DE_Wrapper
[INFO ]      [TypeHint] More than 1 constructor, @overload decorator needed.
[WARNI]      [TypeHint] Skipping type static std::mutex &, should contain _
[WARNI]      [TypeHint] Skipping type NCollection_DataMap<TCollection_AsciiString,, seems to be a template
[WARNI]      [TypeHint] Skip type DE_Provider::ReadStreamList, because of trailing :
[WARNI]      [TypeHint] Skip type DE_Provider::ReadStreamList, because of trailing :
[WARNI]      [TypeHint] Skip type DE_Provider::ReadStreamList, because of trailing :
[WARNI]      [TypeHint] Skip type DE_Provider::ReadStreamList, because of trailing :
[WARNI]      [TypeHint] Skip type DE_Provider::WriteStreamList, because of trailing :
[WARNI]      [TypeHint] Skip type DE_Provider::WriteStreamList, because of trailing :
[WARNI]      [TypeHint] Skip type DE_Provider::WriteStreamList, because of trailing :
[WARNI]      [TypeHint] Skip type DE_Provider::WriteStreamList, because of trailing :
[INFO ]  Processing toolkit TKXDECascade ===
[INFO ]  ## Processing module DEBRepCascade
[WARNI]  No file for module DEBRepCascade. Please check that the module name is part of occt.
[INFO ]  ## Processing module DEXCAFCascade
[WARNI]  No file for module DEXCAFCascade. Please check that the module name is part of occt.
[INFO ]  Processing toolkit TKBin ===
[INFO ]  ## Processing module BinDrivers
[INFO ]  Enum: BinDrivers_Marker
[INFO ]  Class: BinDrivers
[INFO ]  Class: BinDrivers_DocumentRetrievalDriver
[INFO ]  Class: BinDrivers_DocumentStorageDriver
[INFO ]  ## Processing module BinMDataXtd
[INFO ]  Class: BinMDataXtd
[INFO ]  Class: BinMDataXtd_ConstraintDriver
[INFO ]  Class: BinMDataXtd_GeometryDriver
[INFO ]  Class: BinMDataXtd_PatternStdDriver
[INFO ]  Class: BinMDataXtd_PositionDriver
[INFO ]  Class: BinMDataXtd_PresentationDriver
[INFO ]  Class: BinMDataXtd_TriangulationDriver
[INFO ]  ## Processing module BinMNaming
[INFO ]  Class: BinMNaming
[INFO ]  Class: BinMNaming_NamedShapeDriver
[INFO ]  Class: BinMNaming_NamingDriver
[INFO ]  Processing toolkit TKBinL ===
[INFO ]  ## Processing module BinLDrivers
[INFO ]  Enum: BinLDrivers_Marker
[INFO ]  Class: BinLDrivers
[INFO ]  Class: BinLDrivers_DocumentRetrievalDriver
[INFO ]  Class: BinLDrivers_DocumentSection
[INFO ]      [TypeHint] More than 1 constructor, @overload decorator needed.
[WARNI]      [TypeHint] Skipping unknown type uint64_t, uint64 not in module list
[WARNI]      [TypeHint] Skipping unknown type uint64_t, uint64 not in module list
[WARNI]      [TypeHint] Skipping unknown type uint64_t, uint64 not in module list
[WARNI]      [TypeHint] Skipping unknown type uint64_t, uint64 not in module list
[WARNI]      [TypeHint] Skipping unknown type uint64_t, uint64 not in module list
[INFO ]  Class: BinLDrivers_DocumentStorageDriver
[INFO ]  ## Processing module BinMDF
[WARNI]  This template type cannot be handled: NCollection_DataMap<opencascade::handle<Standard_Type>, opencascade::handle<BinMDF_ADriver>>
[WARNI]  This template type cannot be handled: NCollection_DataMap<opencascade::handle<Standard_Type>, opencascade::handle<BinMDF_ADriver>>::Iterator
[WARNI]      [TypeHint] Skipping type opencascade::handle, should contain _
[WARNI]      [TypeHint] Skipping type opencascade::handle, should contain _
[INFO ]  Class: BinMDF
[INFO ]  Class: BinMDF_ADriver
[INFO ]      Class BinMDF_ADriver is abstract, using %nodefaultctor.
[INFO ]  Class: BinMDF_ADriverTable
[INFO ]  Class: BinMDF_DerivedDriver
[INFO ]  Class: BinMDF_ReferenceDriver
[INFO ]  Class: BinMDF_TagSourceDriver
[INFO ]  ## Processing module BinMDataStd
[INFO ]  Class: BinMDataStd
[INFO ]      explicitly excluded method BinMDataStd::2ef782722e5efd32eb8debf92e2f1b88
[INFO ]  Class: BinMDataStd_AsciiStringDriver
[INFO ]  Class: BinMDataStd_BooleanArrayDriver
[INFO ]  Class: BinMDataStd_BooleanListDriver
[INFO ]  Class: BinMDataStd_ByteArrayDriver
[INFO ]  Class: BinMDataStd_ExpressionDriver
[INFO ]  Class: BinMDataStd_ExtStringArrayDriver
[INFO ]  Class: BinMDataStd_ExtStringListDriver
[INFO ]  Class: BinMDataStd_GenericEmptyDriver
[INFO ]  Class: BinMDataStd_GenericExtStringDriver
[INFO ]  Class: BinMDataStd_IntPackedMapDriver
[INFO ]  Class: BinMDataStd_IntegerArrayDriver
[INFO ]  Class: BinMDataStd_IntegerDriver
[INFO ]  Class: BinMDataStd_IntegerListDriver
[INFO ]  Class: BinMDataStd_NamedDataDriver
[INFO ]  Class: BinMDataStd_RealArrayDriver
[INFO ]  Class: BinMDataStd_RealDriver
[INFO ]  Class: BinMDataStd_RealListDriver
[INFO ]  Class: BinMDataStd_ReferenceArrayDriver
[INFO ]  Class: BinMDataStd_ReferenceListDriver
[INFO ]  Class: BinMDataStd_TreeNodeDriver
[INFO ]  Class: BinMDataStd_UAttributeDriver
[INFO ]  Class: BinMDataStd_VariableDriver
[INFO ]  ## Processing module BinMDocStd
[INFO ]  Class: BinMDocStd
[INFO ]  Class: BinMDocStd_XLinkDriver
[INFO ]  ## Processing module BinMFunction
[INFO ]  Class: BinMFunction
[INFO ]  Class: BinMFunction_FunctionDriver
[INFO ]  Class: BinMFunction_GraphNodeDriver
[INFO ]  Class: BinMFunction_ScopeDriver
[INFO ]  ## Processing module BinObjMgt
[INFO ]  Skip typedef BinObjMgt_PByte because target is a pointer type
[INFO ]  Skip typedef BinObjMgt_PChar because target is a pointer type
[INFO ]  Skip typedef BinObjMgt_PExtChar because target is a pointer type
[INFO ]  Skip typedef BinObjMgt_PInteger because target is a pointer type
[INFO ]  Skip typedef BinObjMgt_PReal because target is a pointer type
[INFO ]  Skip typedef BinObjMgt_PShortReal because target is a pointer type
[WARNI]      [TypeHint] Skipping type opencascade::handle, should contain _
[INFO ]  Class: BinObjMgt_Persistent
[INFO ]      operator<< skipped because invalid name
[INFO ]      operator<< skipped because invalid name
[INFO ]      operator<< skipped because invalid name
[INFO ]      operator<< skipped because invalid name
[INFO ]      operator<< skipped because invalid name
[INFO ]      operator<< skipped because invalid name
[INFO ]      operator<< skipped because invalid name
[INFO ]      operator<< skipped because invalid name
[INFO ]      operator<< skipped because invalid name
[INFO ]      operator<< skipped because invalid name
[INFO ]      operator<< skipped because invalid name
[INFO ]      operator<< skipped because invalid name
[INFO ]      [TypeHint] More than 1 constructor, @overload decorator needed.
[INFO ]      operand bool cannot be wrapped
[WARNI]      [TypeHint] Skipping unknown type uint8_t, uint8 not in module list
[WARNI]      [TypeHint] Skipping type char &, should contain _
[WARNI]      [TypeHint] Skipping unknown type char16_t, char16 not in module list
[WARNI]      [TypeHint] Skipping type int &, should contain _
[WARNI]      [TypeHint] Skipping type double &, should contain _
[WARNI]      [TypeHint] Skipping unknown type uint8_t, uint8 not in module list
[WARNI]      [TypeHint] Skipping type const char, should contain _
[WARNI]      [TypeHint] Skipping unknown type char16_t, char16 not in module list
[INFO ]      operand ! cannot be wrapped
[INFO ]      operand >> cannot be wrapped
[INFO ]      operand >> cannot be wrapped
[INFO ]      operand >> cannot be wrapped
[INFO ]      operand >> cannot be wrapped
[INFO ]      operand >> cannot be wrapped
[INFO ]      operand >> cannot be wrapped
[INFO ]      operand >> cannot be wrapped
[INFO ]      operand >> cannot be wrapped
[INFO ]      operand >> cannot be wrapped
[INFO ]      operand >> cannot be wrapped
[INFO ]  Class: BinObjMgt_RRelocationTable
[INFO ]  Processing toolkit TKBinTObj ===
[INFO ]  ## Processing module BinTObjDrivers
[INFO ]  Class: BinTObjDrivers
[INFO ]  Class: BinTObjDrivers_DocumentRetrievalDriver
[INFO ]  Class: BinTObjDrivers_DocumentStorageDriver
[INFO ]  Class: BinTObjDrivers_IntSparseArrayDriver
[INFO ]  Class: BinTObjDrivers_ModelDriver
[INFO ]  Class: BinTObjDrivers_ObjectDriver
[INFO ]  Class: BinTObjDrivers_ReferenceDriver
[INFO ]  Class: BinTObjDrivers_XYZDriver
[INFO ]  Processing toolkit TKCAF ===
[INFO ]  ## Processing module AppStd
[INFO ]  Class: AppStd_Application
[INFO ]  ## Processing module TDataXtd
[INFO ]  Enum: TDataXtd_ConstraintEnum
[INFO ]  Enum: TDataXtd_GeometryEnum
[INFO ]  Class: TDataXtd
[INFO ]  Class: TDataXtd_Axis
[INFO ]  Class: TDataXtd_Constraint
[INFO ]  Class: TDataXtd_Geometry
[INFO ]  Class: TDataXtd_Pattern
[INFO ]      Class TDataXtd_Pattern is abstract, using %nodefaultctor.
[WARNI]      [TypeHint] Skipping type NCollection_Array1<gp_Trsf>, seems to be a template
[INFO ]  Class: TDataXtd_Placement
[INFO ]  Class: TDataXtd_Plane
[INFO ]  Class: TDataXtd_Point
[INFO ]  Class: TDataXtd_Position
[INFO ]  Class: TDataXtd_Presentation
[INFO ]  Class: TDataXtd_Shape
[INFO ]  Class: TDataXtd_Triangulation
[INFO ]  Class: TDataXtd_PatternStd
[WARNI]      [TypeHint] Skipping type NCollection_Array1<gp_Trsf>, seems to be a template
[INFO ]  ## Processing module TNaming
[INFO ]  Enum: TNaming_Evolution
[INFO ]  Enum: TNaming_NameType
[INFO ]  Skip typedef TNaming_PtrAttribute because target is a pointer type
[INFO ]  Skip typedef TNaming_PtrNode because target is a pointer type
[INFO ]  Skip typedef TNaming_PtrRefShape because target is a pointer type
[WARNI]      [TypeHint] Skipping type opencascade::handle, should contain _
[WARNI]      [TypeHint] Skipping type opencascade::handle, should contain _
[INFO ]  Class: TNaming
[INFO ]  Class: TNaming_Builder
[INFO ]  Class: TNaming_CopyShape
[INFO ]  Class: TNaming_DeltaOnModification
[INFO ]  Class: TNaming_DeltaOnRemoval
[INFO ]  Class: TNaming_Identifier
[INFO ]      [TypeHint] More than 1 constructor, @overload decorator needed.
[INFO ]  Class: TNaming_Iterator
[INFO ]      [TypeHint] More than 1 constructor, @overload decorator needed.
[INFO ]  Class: TNaming_IteratorOnShapesSet
[INFO ]      [TypeHint] More than 1 constructor, @overload decorator needed.
[INFO ]  Class: TNaming_Localizer
[WARNI]      [TypeHint] Skip type NCollection_Map<opencascade::handle<TNaming_NamedShape>>, because of trailing :
[WARNI]      [TypeHint] Skip type NCollection_List<opencascade::handle<TNaming_NamedShape>>, because of trailing :
[INFO ]  Class: TNaming_Name
[WARNI]      [TypeHint] Skip type NCollection_List<opencascade::handle<TNaming_NamedShape>>, because of trailing :
[INFO ]  Class: TNaming_NamedShape
[INFO ]  Class: TNaming_Naming
[WARNI]      [TypeHint] Skip type NCollection_IndexedMap<opencascade::handle<TDF_Attribute>>, because of trailing :
[INFO ]  Class: TNaming_NamingTool
[INFO ]  Class: TNaming_NewShapeIterator
[INFO ]      [TypeHint] More than 1 constructor, @overload decorator needed.
[INFO ]  Class: TNaming_OldShapeIterator
[INFO ]      [TypeHint] More than 1 constructor, @overload decorator needed.
[INFO ]  Class: TNaming_RefShape
[INFO ]      [TypeHint] More than 1 constructor, @overload decorator needed.
[INFO ]  Class: TNaming_SameShapeIterator
[INFO ]  Class: TNaming_Scope
[INFO ]      [TypeHint] More than 1 constructor, @overload decorator needed.
[INFO ]  Class: TNaming_Selector
[INFO ]  Class: TNaming_ShapesSet
[INFO ]      [TypeHint] More than 1 constructor, @overload decorator needed.
[INFO ]  Class: TNaming_Tool
[WARNI]      [TypeHint] Skip type NCollection_Map<opencascade::handle<TNaming_NamedShape>>, because of trailing :
[WARNI]      [TypeHint] Skipping type int &, should contain _
[INFO ]  Class: TNaming_TranslateTool
[INFO ]  Class: TNaming_Translator
[INFO ]  Class: TNaming_UsedShapes
[WARNI]      [TypeHint] Skipping type NCollection_DataMap<TopoDS_Shape,, seems to be a template
[INFO ]  Processing toolkit TKCDF ===
[INFO ]  ## Processing module CDF
[INFO ]  Enum: CDF_StoreSetNameStatus
[INFO ]  Enum: CDF_SubComponentStatus
[INFO ]  Enum: CDF_TryStoreStatus
[INFO ]  Enum: CDF_TypeOfActivation
[INFO ]  Class: CDF_Application
[WARNI]      [TypeHint] Skipping unknown type char16_t, char16 not in module list
[WARNI]      [TypeHint] Skipping unknown type char16_t, char16 not in module list
[INFO ]  Class: CDF_Directory
[INFO ]  Class: CDF_MetaDataDriver
[INFO ]      Class CDF_MetaDataDriver is abstract, using %nodefaultctor.
[INFO ]  Class: CDF_MetaDataDriverFactory
[INFO ]      Class CDF_MetaDataDriverFactory is abstract, using %nodefaultctor.
[INFO ]  Class: CDF_Store
[WARNI]      [TypeHint] Skipping unknown type char16_t, char16 not in module list
[WARNI]      [TypeHint] Skipping unknown type char16_t, char16 not in module list
[WARNI]      [TypeHint] Skipping unknown type char16_t, char16 not in module list
[WARNI]      [TypeHint] Skipping unknown type char16_t, char16 not in module list
[WARNI]      [TypeHint] Skipping unknown type char16_t, char16 not in module list
[WARNI]      [TypeHint] Skipping unknown type char16_t, char16 not in module list
[WARNI]      [TypeHint] Skipping unknown type char16_t, char16 not in module list
[INFO ]  Class: CDF_StoreList
[INFO ]  Class: CDF_FWOSDriver
[WARNI]      [TypeHint] Skipping type NCollection_DataMap<TCollection_ExtendedString,, seems to be a template
[INFO ]  ## Processing module CDM
[INFO ]  Enum: CDM_CanCloseStatus
[INFO ]  Skip typedef CDM_DocumentPointer because target is a pointer type
[WARNI]      [TypeHint] Skipping type opencascade::handle, should contain _
[WARNI]      [TypeHint] Skipping type opencascade::handle, should contain _
[WARNI]      [TypeHint] Skipping type opencascade::handle, should contain _
[INFO ]  Class: CDM_Application
[INFO ]      Class CDM_Application is abstract, using %nodefaultctor.
[WARNI]      [TypeHint] Skipping type NCollection_DataMap<TCollection_ExtendedString,, seems to be a template
[WARNI]      [TypeHint] Skipping unknown type char16_t, char16 not in module list
[INFO ]  Class: CDM_Document
[INFO ]      Class CDM_Document is abstract, using %nodefaultctor.
[INFO ]      operator<< skipped because invalid name
[WARNI]      [TypeHint] Skipping unknown type char16_t, char16 not in module list
[INFO ]  Class: CDM_MetaData
[INFO ]      operator<< skipped because invalid name
[WARNI]      [TypeHint] Skipping type NCollection_DataMap<TCollection_ExtendedString,, seems to be a template
[WARNI]      [TypeHint] Skipping type NCollection_DataMap<TCollection_ExtendedString,, seems to be a template
[INFO ]  Class: CDM_Reference
[INFO ]  Class: CDM_ReferenceIterator
[INFO ]  ## Processing module LDOM
[INFO ]  ## Processing module PCDM
[INFO ]  Enum: PCDM_ReaderStatus
[INFO ]  Enum: PCDM_StoreStatus
[INFO ]  Enum: PCDM_TypeOfFileDriver
[WARNI]      [TypeHint] Skipping type opencascade::handle, should contain _
[INFO ]  Class: PCDM
[INFO ]  Class: PCDM_ReadWriter
[INFO ]      Class PCDM_ReadWriter is abstract, using %nodefaultctor.
[WARNI]      [TypeHint] Skipping type NCollection_Sequence<PCDM_Reference>, seems to be a template
[INFO ]  Class: PCDM_Reader
[INFO ]      Class PCDM_Reader is abstract, using %nodefaultctor.
[INFO ]  Class: PCDM_ReaderFilter
[INFO ]  Enum: AppendMode
[INFO ]      [TypeHint] More than 1 constructor, @overload decorator needed.
[WARNI]      [TypeHint] Skipping type AppendMode, should contain _
[WARNI]      [TypeHint] Skip type PCDM_ReaderFilter::AppendMode, because of trailing :
[INFO ]  Class: PCDM_Reference
[INFO ]      [TypeHint] More than 1 constructor, @overload decorator needed.
[INFO ]  Class: PCDM_ReferenceIterator
[INFO ]  Class: PCDM_Writer
[INFO ]      Class PCDM_Writer is abstract, using %nodefaultctor.
[INFO ]  Class: PCDM_ReadWriter_1
[WARNI]      [TypeHint] Skipping type NCollection_Sequence<PCDM_Reference>, seems to be a template
[INFO ]  Class: PCDM_RetrievalDriver
[INFO ]  Class: PCDM_StorageDriver
[WARNI]      [TypeHint] Skip type NCollection_Sequence<opencascade::handle<PCDM_Document>>, because of trailing :
[INFO ]  ## Processing module UTL
[INFO ]  Class: UTL
[INFO ]  Processing toolkit TKLCAF ===
[INFO ]  ## Processing module AppStdL
[INFO ]  Class: AppStdL_Application
[INFO ]  ## Processing module TDF
[INFO ]  Enum: 
[INFO ]  Skip typedef TDF_LabelNodePtr because target is a pointer type
[WARNI]  This template type cannot be handled: NCollection_DataMap<opencascade::handle<TDF_Attribute>, opencascade::handle<TDF_Attribute>>
[WARNI]  This template type cannot be handled: NCollection_DataMap<opencascade::handle<TDF_Attribute>, opencascade::handle<TDF_Attribute>>::Iterator
[WARNI]  This template type cannot be handled: NCollection_DoubleMap<opencascade::handle<TDF_Attribute>, opencascade::handle<TDF_Attribute>>
[WARNI]  This template type cannot be handled: NCollection_DoubleMap<opencascade::handle<TDF_Attribute>, opencascade::handle<TDF_Attribute>>::Iterator
[WARNI]      [TypeHint] Skipping type opencascade::handle, should contain _
[WARNI]      [TypeHint] Skipping type opencascade::handle, should contain _
[WARNI]      [TypeHint] Skipping type opencascade::handle, should contain _
[WARNI]      [TypeHint] Skipping type opencascade::handle, should contain _
[WARNI]      [TypeHint] Skipping type opencascade::handle, should contain _
[WARNI]      [TypeHint] Skipping type opencascade::handle, should contain _
[WARNI]      [TypeHint] Skipping type opencascade::handle, should contain _
[WARNI]      [TypeHint] Skipping type opencascade::handle, should contain _
[WARNI]      [TypeHint] Skipping type opencascade::handle, should contain _
[INFO ]  Class: TDF
[INFO ]  Class: TDF_Attribute
[INFO ]      Class TDF_Attribute is abstract, using %nodefaultctor.
[INFO ]      operator<< skipped because invalid name
[WARNI]      [TypeHint] Skip type NCollection_IndexedMap<opencascade::handle<TDF_Attribute>>, because of trailing :
[WARNI]      [TypeHint] param name missing or '&', skip method type hint
[INFO ]  Class: TDF_AttributeDelta
[INFO ]      Class TDF_AttributeDelta is abstract, using %nodefaultctor.
[INFO ]      operator<< skipped because invalid name
[INFO ]  Class: TDF_AttributeIterator
[INFO ]      [TypeHint] More than 1 constructor, @overload decorator needed.
[INFO ]  Class: TDF_ChildIDIterator
[INFO ]      [TypeHint] More than 1 constructor, @overload decorator needed.
[INFO ]  Class: TDF_ChildIterator
[INFO ]      [TypeHint] More than 1 constructor, @overload decorator needed.
[INFO ]  Class: TDF_ClosureMode
[INFO ]  Class: TDF_ClosureTool
[INFO ]  Class: TDF_ComparisonTool
[INFO ]  Class: TDF_CopyLabel
[INFO ]      [TypeHint] More than 1 constructor, @overload decorator needed.
[INFO ]  Class: TDF_CopyTool
[INFO ]  Class: TDF_Data
[INFO ]      operator<< skipped because invalid name
[INFO ]  Class: TDF_DataSet
[INFO ]      operator<< skipped because invalid name
[INFO ]  Class: TDF_Delta
[INFO ]  Class: TDF_IDFilter
[INFO ]  Class: TDF_Label
[INFO ]      operator<< skipped because invalid name
[WARNI]      [TypeHint] Skip type NCollection_IndexedMap<opencascade::handle<TDF_Attribute>>, because of trailing :
[INFO ]  Class: TDF_RelocationTable
[INFO ]  Class: TDF_Tool
[INFO ]  Class: TDF_Transaction
[INFO ]      [TypeHint] More than 1 constructor, @overload decorator needed.
[INFO ]  Class: TDF_DeltaOnAddition
[INFO ]  Class: TDF_DeltaOnForget
[INFO ]  Class: TDF_DeltaOnModification
[INFO ]  Class: TDF_DeltaOnRemoval
[INFO ]  Class: TDF_DeltaOnResume
[INFO ]  Class: TDF_Reference
[INFO ]  Class: TDF_TagSource
[INFO ]  Class: TDF_DefaultDeltaOnModification
[INFO ]  Class: TDF_DefaultDeltaOnRemoval
[INFO ]  ## Processing module TDataStd
[INFO ]  Enum: TDataStd_RealEnum
[INFO ]  Skip typedef TDataStd_PtrTreeNode because target is a pointer type
[WARNI]      [TypeHint] Skip type TCollection_ExtendedString,opencascade::handle, because of trailing :
[WARNI]      [TypeHint] Skip type TCollection_ExtendedString,opencascade::handle, because of trailing :
[WARNI]      [TypeHint] Skipping unknown type uint8_t, uint8 not in module list
[INFO ]  Class: TDataStd
[INFO ]  Class: TDataStd_AsciiString
[INFO ]  Class: TDataStd_BooleanArray
[INFO ]      operand () cannot be wrapped
[INFO ]  Class: TDataStd_BooleanList
[INFO ]  Class: TDataStd_ByteArray
[WARNI]      [TypeHint] Skipping unknown type uint8_t, uint8 not in module list
[WARNI]      [TypeHint] Skipping unknown type uint8_t, uint8 not in module list
[INFO ]      operand () cannot be wrapped
[INFO ]  Class: TDataStd_ChildNodeIterator
[INFO ]      [TypeHint] More than 1 constructor, @overload decorator needed.
[INFO ]  Class: TDataStd_Current
[INFO ]  Class: TDataStd_DeltaOnModificationOfByteArray
[INFO ]  Class: TDataStd_DeltaOnModificationOfExtStringArray
[INFO ]  Class: TDataStd_DeltaOnModificationOfIntArray
[INFO ]  Class: TDataStd_DeltaOnModificationOfIntPackedMap
[INFO ]  Class: TDataStd_DeltaOnModificationOfRealArray
[INFO ]  Class: TDataStd_Expression
[INFO ]  Class: TDataStd_ExtStringArray
[INFO ]      operand () cannot be wrapped
[INFO ]  Class: TDataStd_ExtStringList
[INFO ]  Class: TDataStd_HDataMapOfStringByte
[INFO ]      [TypeHint] More than 1 constructor, @overload decorator needed.
[INFO ]  Class: TDataStd_HDataMapOfStringHArray1OfInteger
[INFO ]      [TypeHint] More than 1 constructor, @overload decorator needed.
[WARNI]      [TypeHint] Skipping type NCollection_DataMap<TCollection_ExtendedString,, seems to be a template
[WARNI]      [TypeHint] Skipping type NCollection_DataMap<TCollection_ExtendedString,, seems to be a template
[WARNI]      [TypeHint] Skipping type NCollection_DataMap<TCollection_ExtendedString,, seems to be a template
[INFO ]  Class: TDataStd_HDataMapOfStringHArray1OfReal
[INFO ]      [TypeHint] More than 1 constructor, @overload decorator needed.
[WARNI]      [TypeHint] Skipping type NCollection_DataMap<TCollection_ExtendedString,, seems to be a template
[WARNI]      [TypeHint] Skipping type NCollection_DataMap<TCollection_ExtendedString,, seems to be a template
[WARNI]      [TypeHint] Skipping type NCollection_DataMap<TCollection_ExtendedString,, seems to be a template
[INFO ]  Class: TDataStd_HDataMapOfStringInteger
[INFO ]      [TypeHint] More than 1 constructor, @overload decorator needed.
[INFO ]  Class: TDataStd_HDataMapOfStringReal
[INFO ]      [TypeHint] More than 1 constructor, @overload decorator needed.
[INFO ]  Class: TDataStd_HDataMapOfStringString
[INFO ]      [TypeHint] More than 1 constructor, @overload decorator needed.
[INFO ]  Class: TDataStd_IntPackedMap
[INFO ]  Class: TDataStd_Integer
[INFO ]  Class: TDataStd_IntegerArray
[INFO ]      operand () cannot be wrapped
[INFO ]  Class: TDataStd_IntegerList
[INFO ]  Class: TDataStd_NamedData
[WARNI]      [TypeHint] Skipping type NCollection_DataMap<TCollection_ExtendedString,, seems to be a template
[WARNI]      [TypeHint] Skipping type NCollection_DataMap<TCollection_ExtendedString,, seems to be a template
[WARNI]      [TypeHint] Skipping type NCollection_DataMap<TCollection_ExtendedString,, seems to be a template
[WARNI]      [TypeHint] Skipping type NCollection_DataMap<TCollection_ExtendedString,, seems to be a template
[WARNI]      [TypeHint] Skipping unknown type uint8_t, uint8 not in module list
[WARNI]      [TypeHint] Skipping unknown type uint8_t, uint8 not in module list
[WARNI]      [TypeHint] Skipping unknown type uint8_t, uint8 not in module list
[INFO ]  Class: TDataStd_Real
[INFO ]  Class: TDataStd_RealArray
[INFO ]      operand () cannot be wrapped
[INFO ]  Class: TDataStd_RealList
[INFO ]  Class: TDataStd_ReferenceArray
[INFO ]      operand () cannot be wrapped
[INFO ]  Class: TDataStd_ReferenceList
[INFO ]  Class: TDataStd_TreeNode
[INFO ]  Class: TDataStd_UAttribute
[INFO ]  Class: TDataStd_Variable
[INFO ]  Class: TDataStd_Comment
[INFO ]  Class: TDataStd_Directory
[INFO ]  Class: TDataStd_Name
[INFO ]  Class: TDataStd_NoteBook
[INFO ]  Class: TDataStd_Relation
[INFO ]  Class: TDataStd_Tick
[INFO ]  ## Processing module TDocStd
[INFO ]  Enum: TDocStd_FormatVersion
[INFO ]  Enum: 
[INFO ]  Skip typedef TDocStd_XLinkPtr because target is a pointer type
[WARNI]      [TypeHint] Skipping type opencascade::handle, should contain _
[WARNI]      [TypeHint] Skipping type opencascade::handle, should contain _
[INFO ]  Class: TDocStd
[INFO ]  Class: TDocStd_Application
[INFO ]  Class: TDocStd_ApplicationDelta
[WARNI]      [TypeHint] Skip type NCollection_Sequence<opencascade::handle<TDocStd_Document>>, because of trailing :
[INFO ]  Class: TDocStd_CompoundDelta
[INFO ]  Class: TDocStd_Context
[INFO ]  Class: TDocStd_Document
[INFO ]  Class: TDocStd_Modified
[INFO ]  Class: TDocStd_MultiTransactionManager
[WARNI]      [TypeHint] Skip type NCollection_Sequence<opencascade::handle<TDocStd_Document>>, because of trailing :
[WARNI]      [TypeHint] Skip type NCollection_Sequence<opencascade::handle<TDocStd_ApplicationDelta>>, because of trailing :
[WARNI]      [TypeHint] Skip type NCollection_Sequence<opencascade::handle<TDocStd_ApplicationDelta>>, because of trailing :
[INFO ]  Class: TDocStd_Owner
[INFO ]  Class: TDocStd_PathParser
[INFO ]  Class: TDocStd_XLink
[INFO ]  Class: TDocStd_XLinkIterator
[INFO ]      [TypeHint] More than 1 constructor, @overload decorator needed.
[INFO ]  Class: TDocStd_XLinkRoot
[INFO ]  Class: TDocStd_XLinkTool
[INFO ]  ## Processing module TFunction
[INFO ]  Enum: TFunction_ExecutionStatus
[WARNI]      [TypeHint] Skip type Standard_GUID,opencascade::handle, because of trailing :
[WARNI]      [TypeHint] Skipping unknown type int,TDF_Label, int,TDF not in module list
[INFO ]  Class: TFunction_Driver
[INFO ]      Class TFunction_Driver is abstract, using %nodefaultctor.
[INFO ]  Class: TFunction_DriverTable
[INFO ]      operator<< skipped because invalid name
[INFO ]  Class: TFunction_Function
[INFO ]  Class: TFunction_GraphNode
[INFO ]  Class: TFunction_IFunction
[INFO ]      [TypeHint] More than 1 constructor, @overload decorator needed.
[WARNI]      [TypeHint] Skipping type NCollection_DoubleMap<int,, seems to be a template
[INFO ]  Class: TFunction_Iterator
[INFO ]      [TypeHint] More than 1 constructor, @overload decorator needed.
[INFO ]  Class: TFunction_Logbook
[INFO ]  Class: TFunction_Scope
[WARNI]      [TypeHint] Skipping type NCollection_DoubleMap<int,, seems to be a template
[WARNI]      [TypeHint] Skipping type NCollection_DoubleMap<int,, seems to be a template
[INFO ]  Processing toolkit TKTObj ===
[INFO ]  ## Processing module TObj
[INFO ]  Enum: TObj_DeletingMode
[WARNI]      [TypeHint] Skipping type opencascade::handle, should contain _
[INFO ]  Class: TObj_Application
[INFO ]  Class: TObj_Assistant
[INFO ]  Class: TObj_CheckModel
[INFO ]  Class: TObj_Model
[INFO ]      Class TObj_Model is abstract, using %nodefaultctor.
[INFO ]  Class: TObj_Object
[INFO ]  Enum: TypeFlags
[INFO ]  Enum: ObjectState
[WARNI]      [TypeHint] param name missing or '&', skip method type hint
[WARNI]      [TypeHint] param name missing or '&', skip method type hint
[INFO ]  Class: TObj_ObjectIterator
[INFO ]  Class: TObj_Persistence
[INFO ]      Class TObj_Persistence is abstract, using %nodefaultctor.
[INFO ]  Class: TObj_TIntSparseArray
[WARNI]      [TypeHint] Skipping type Iterator, should contain _
[WARNI]      [TypeHint] Skipping unknown type size_t, size not in module list
[WARNI]      [TypeHint] Skipping unknown type size_t, size not in module list
[WARNI]      [TypeHint] Skipping unknown type size_t, size not in module list
[WARNI]      [TypeHint] Skipping unknown type size_t, size not in module list
[WARNI]      [TypeHint] Skipping unknown type size_t, size not in module list
[INFO ]  Class: TObj_TModel
[INFO ]  Class: TObj_TNameContainer
[WARNI]      [TypeHint] Skip type NCollection_DataMap<opencascade::handle<TCollection_HExtendedString>,, because of trailing :
[WARNI]      [TypeHint] Skip type NCollection_DataMap<opencascade::handle<TCollection_HExtendedString>,, because of trailing :
[INFO ]  Class: TObj_TObject
[INFO ]  Class: TObj_TReference
[INFO ]  Class: TObj_TXYZ
[INFO ]  Class: TObj_LabelIterator
[INFO ]      Class TObj_LabelIterator is abstract, using %nodefaultctor.
[INFO ]      Constructor skipped for abstract class TObj_LabelIterator
[INFO ]  Class: TObj_ModelIterator
[INFO ]  Class: TObj_Partition
[INFO ]  Class: TObj_SequenceIterator
[WARNI]      [TypeHint] Skip type NCollection_HSequence<opencascade::handle<TObj_Object, because of trailing :
[INFO ]  Class: TObj_HiddenPartition
[INFO ]  Class: TObj_OcafObjectIterator
[INFO ]  Class: TObj_ReferenceIterator
[INFO ]  Processing toolkit TKVAF ===
[INFO ]  ## Processing module TPrsStd
[WARNI]      [TypeHint] Skip type Standard_GUID,opencascade::handle, because of trailing :
[INFO ]  Class: TPrsStd_AISPresentation
[INFO ]  Class: TPrsStd_AISViewer
[INFO ]  Class: TPrsStd_ConstraintTools
[WARNI]      [TypeHint] Skipping type double &, should contain _
[INFO ]  Class: TPrsStd_Driver
[INFO ]      Class TPrsStd_Driver is abstract, using %nodefaultctor.
[INFO ]  Class: TPrsStd_DriverTable
[INFO ]  Class: TPrsStd_AxisDriver
[INFO ]  Class: TPrsStd_ConstraintDriver
[INFO ]  Class: TPrsStd_GeometryDriver
[INFO ]  Class: TPrsStd_NamedShapeDriver
[INFO ]  Class: TPrsStd_PlaneDriver
[INFO ]  Class: TPrsStd_PointDriver
[INFO ]  Processing toolkit TKXml ===
[INFO ]  ## Processing module XmlDrivers
[INFO ]  Class: XmlDrivers
[INFO ]  Class: XmlDrivers_DocumentRetrievalDriver
[INFO ]  Class: XmlDrivers_DocumentStorageDriver
[INFO ]  ## Processing module XmlMDataXtd
[INFO ]  Class: XmlMDataXtd
[INFO ]  Class: XmlMDataXtd_ConstraintDriver
[INFO ]  Class: XmlMDataXtd_GeometryDriver
[INFO ]  Class: XmlMDataXtd_PatternStdDriver
[INFO ]  Class: XmlMDataXtd_PositionDriver
[INFO ]  Class: XmlMDataXtd_PresentationDriver
[INFO ]  Class: XmlMDataXtd_TriangulationDriver
[INFO ]  ## Processing module XmlMNaming
[INFO ]  Class: XmlMNaming
[INFO ]  Class: XmlMNaming_NamedShapeDriver
[INFO ]  Class: XmlMNaming_NamingDriver
[INFO ]  Class: XmlMNaming_Shape1
[INFO ]      [TypeHint] More than 1 constructor, @overload decorator needed.
[INFO ]  Processing toolkit TKXmlL ===
[INFO ]  ## Processing module XmlLDrivers
[INFO ]  Class: XmlLDrivers
[INFO ]  Class: XmlLDrivers_DocumentRetrievalDriver
[INFO ]  Class: XmlLDrivers_DocumentStorageDriver
[INFO ]  Class: XmlLDrivers_NamespaceDef
[INFO ]      [TypeHint] More than 1 constructor, @overload decorator needed.
[INFO ]  ## Processing module XmlMDF
[WARNI]  This template type cannot be handled: NCollection_DataMap<opencascade::handle<Standard_Type>, opencascade::handle<XmlMDF_ADriver>>
[WARNI]  This template type cannot be handled: NCollection_DataMap<opencascade::handle<Standard_Type>, opencascade::handle<XmlMDF_ADriver>>::Iterator
[WARNI]      [TypeHint] Skip type TCollection_AsciiString,opencascade::handle, because of trailing :
[WARNI]      [TypeHint] Skipping type opencascade::handle, should contain _
[INFO ]  Class: XmlMDF
[INFO ]  Class: XmlMDF_ADriver
[INFO ]      Class XmlMDF_ADriver is abstract, using %nodefaultctor.
[INFO ]  Class: XmlMDF_ADriverTable
[WARNI]      [TypeHint] Skipping type NCollection_DataMap<TCollection_AsciiString,, seems to be a template
[INFO ]  Class: XmlMDF_DerivedDriver
[INFO ]  Class: XmlMDF_ReferenceDriver
[INFO ]  Class: XmlMDF_TagSourceDriver
[INFO ]  ## Processing module XmlMDataStd
[INFO ]  Class: XmlMDataStd
[INFO ]  Class: XmlMDataStd_AsciiStringDriver
[INFO ]  Class: XmlMDataStd_BooleanArrayDriver
[INFO ]  Class: XmlMDataStd_BooleanListDriver
[INFO ]  Class: XmlMDataStd_ByteArrayDriver
[INFO ]  Class: XmlMDataStd_ExpressionDriver
[INFO ]  Class: XmlMDataStd_ExtStringArrayDriver
[INFO ]  Class: XmlMDataStd_ExtStringListDriver
[INFO ]  Class: XmlMDataStd_GenericEmptyDriver
[INFO ]  Class: XmlMDataStd_GenericExtStringDriver
[INFO ]  Class: XmlMDataStd_IntPackedMapDriver
[INFO ]  Class: XmlMDataStd_IntegerArrayDriver
[INFO ]  Class: XmlMDataStd_IntegerDriver
[INFO ]  Class: XmlMDataStd_IntegerListDriver
[INFO ]  Class: XmlMDataStd_NamedDataDriver
[INFO ]  Class: XmlMDataStd_RealArrayDriver
[INFO ]  Class: XmlMDataStd_RealDriver
[INFO ]  Class: XmlMDataStd_RealListDriver
[INFO ]  Class: XmlMDataStd_ReferenceArrayDriver
[INFO ]  Class: XmlMDataStd_ReferenceListDriver
[INFO ]  Class: XmlMDataStd_TreeNodeDriver
[INFO ]  Class: XmlMDataStd_UAttributeDriver
[INFO ]  Class: XmlMDataStd_VariableDriver
[INFO ]  ## Processing module XmlMDocStd
[INFO ]  Class: XmlMDocStd
[INFO ]  Class: XmlMDocStd_XLinkDriver
[INFO ]  ## Processing module XmlMFunction
[INFO ]  Class: XmlMFunction
[INFO ]  Class: XmlMFunction_FunctionDriver
[INFO ]  Class: XmlMFunction_GraphNodeDriver
[INFO ]  Class: XmlMFunction_ScopeDriver
[INFO ]  ## Processing module XmlObjMgt
[INFO ]  Class: XmlObjMgt
[INFO ]      explicitly excluded method XmlObjMgt::678874298fd8384816cfeae7f7a12b4b
[WARNI]      [TypeHint] Skipping type double &, should contain _
[WARNI]      [TypeHint] Skipping type double &, should contain _
[INFO ]  Class: XmlObjMgt_Array1
[INFO ]      [TypeHint] More than 1 constructor, @overload decorator needed.
[INFO ]  Class: XmlObjMgt_GP
[INFO ]  Class: XmlObjMgt_Persistent
[INFO ]      [TypeHint] More than 1 constructor, @overload decorator needed.
[INFO ]      operand XmlObjMgt_Element& cannot be wrapped
[INFO ]      operand constXmlObjMgt_Element& cannot be wrapped
[INFO ]  Class: XmlObjMgt_RRelocationTable
[INFO ]  Class: XmlObjMgt_SRelocationTable
[INFO ]  Processing toolkit TKXmlTObj ===
[INFO ]  ## Processing module XmlTObjDrivers
[INFO ]  Class: XmlTObjDrivers
[INFO ]  Class: XmlTObjDrivers_DocumentRetrievalDriver
[INFO ]  Class: XmlTObjDrivers_DocumentStorageDriver
[INFO ]  Class: XmlTObjDrivers_IntSparseArrayDriver
[INFO ]  Class: XmlTObjDrivers_ModelDriver
[INFO ]  Class: XmlTObjDrivers_ObjectDriver
[INFO ]  Class: XmlTObjDrivers_ReferenceDriver
[INFO ]  Class: XmlTObjDrivers_XYZDriver
[INFO ]  Processing toolkit TKIVtk ===
[INFO ]  ## Processing module IVtk
[WARNI]  No file for module IVtk. Please check that the module name is part of occt.
[INFO ]  ## Processing module IVtkOCC
[WARNI]  No file for module IVtkOCC. Please check that the module name is part of occt.
[INFO ]  ## Processing module IVtkTools
[WARNI]  No file for module IVtkTools. Please check that the module name is part of occt.
[INFO ]  ## Processing module IVtkVTK
[WARNI]  No file for module IVtkVTK. Please check that the module name is part of occt.
[INFO ]  
#################################################
SWIG interface file generation completed in 10.63s
#################################################

[INFO ]  Number of classes: 3915
[INFO ]  Number of methods: 43996
